[2026-02-21 01:43:32] Azure CLI OK: Ybotman Azure subscription Personal
[2026-02-21 01:43:32] Ensuring container 'v20' exists with public blob access...
[2026-02-21 01:43:32] Container ready: v20
[2026-02-21 01:43:32] Found 50 songs to upload
[2026-02-21 01:43:32] Processing sample of 50 songs
[2026-02-21 01:43:32] 
Starting upload...
[2026-02-21 01:43:34] Upload failed for bc631b91-6611-51c3-ac8d-6be688432d6d.mp3: ERROR: 
You do not have the required permissions needed to perform this operation.
Depending on your operation, you may need to be assigned one of the following roles:
    "Storage Blob Data Owner"
    "Storage Blob Data Contributor"
    "Storage Blob Data Reader"
    "Storage Queue Data Contributor"
    "Storage Queue Data Reader"
    "Storage Table Data Contributor"
    "Storage Table Data Reader"

If you want to use the old authentication method and allow querying for the right account key, please use the "--auth-mode" parameter and "key" value.
                    

[2026-02-21 01:43:36] Upload failed for 16b2fad9-46d8-52ab-b782-fbecc873adcd.mp3: ERROR: 
You do not have the required permissions needed to perform this operation.
Depending on your operation, you may need to be assigned one of the following roles:
    "Storage Blob Data Owner"
    "Storage Blob Data Contributor"
    "Storage Blob Data Reader"
    "Storage Queue Data Contributor"
    "Storage Queue Data Reader"
    "Storage Table Data Contributor"
    "Storage Table Data Reader"

If you want to use the old authentication method and allow querying for the right account key, please use the "--auth-mode" parameter and "key" value.
                    

[2026-02-21 01:43:40] Upload failed for bfc77548-cd50-58a6-8a6e-87a82c876aff.mp3: ERROR: 
You do not have the required permissions needed to perform this operation.
Depending on your operation, you may need to be assigned one of the following roles:
    "Storage Blob Data Owner"
    "Storage Blob Data Contributor"
    "Storage Blob Data Reader"
    "Storage Queue Data Contributor"
    "Storage Queue Data Reader"
    "Storage Table Data Contributor"
    "Storage Table Data Reader"

If you want to use the old authentication method and allow querying for the right account key, please use the "--auth-mode" parameter and "key" value.
                    

[2026-02-21 01:43:42] Upload failed for 6077a0c0-554c-5343-8505-d675a5a12c7e.mp3: ERROR: 
You do not have the required permissions needed to perform this operation.
Depending on your operation, you may need to be assigned one of the following roles:
    "Storage Blob Data Owner"
    "Storage Blob Data Contributor"
    "Storage Blob Data Reader"
    "Storage Queue Data Contributor"
    "Storage Queue Data Reader"
    "Storage Table Data Contributor"
    "Storage Table Data Reader"

If you want to use the old authentication method and allow querying for the right account key, please use the "--auth-mode" parameter and "key" value.
                    

[2026-02-21 01:43:46] Upload failed for 16b2fad9-46d8-52ab-b782-fbecc873adcd.mp3: ERROR: 
You do not have the required permissions needed to perform this operation.
Depending on your operation, you may need to be assigned one of the following roles:
    "Storage Blob Data Owner"
    "Storage Blob Data Contributor"
    "Storage Blob Data Reader"
    "Storage Queue Data Contributor"
    "Storage Queue Data Reader"
    "Storage Table Data Contributor"
    "Storage Table Data Reader"

If you want to use the old authentication method and allow querying for the right account key, please use the "--auth-mode" parameter and "key" value.
                    

[2026-02-21 01:43:48] Upload failed for 74c64bb7-0d62-5bb2-9bf4-13570955a0cd.mp3: ERROR: 
You do not have the required permissions needed to perform this operation.
Depending on your operation, you may need to be assigned one of the following roles:
    "Storage Blob Data Owner"
    "Storage Blob Data Contributor"
    "Storage Blob Data Reader"
    "Storage Queue Data Contributor"
    "Storage Queue Data Reader"
    "Storage Table Data Contributor"
    "Storage Table Data Reader"

If you want to use the old authentication method and allow querying for the right account key, please use the "--auth-mode" parameter and "key" value.
                    

[2026-02-21 01:43:50] Upload failed for e944b0dd-63c7-5cc5-8dc5-4998db6adf19.mp3: ERROR: 
You do not have the required permissions needed to perform this operation.
Depending on your operation, you may need to be assigned one of the following roles:
    "Storage Blob Data Owner"
    "Storage Blob Data Contributor"
    "Storage Blob Data Reader"
    "Storage Queue Data Contributor"
    "Storage Queue Data Reader"
    "Storage Table Data Contributor"
    "Storage Table Data Reader"

If you want to use the old authentication method and allow querying for the right account key, please use the "--auth-mode" parameter and "key" value.
                    

[2026-02-21 01:43:54] Upload failed for 6cdaed7e-f563-5671-9692-971158082943.mp3: ERROR: 
You do not have the required permissions needed to perform this operation.
Depending on your operation, you may need to be assigned one of the following roles:
    "Storage Blob Data Owner"
    "Storage Blob Data Contributor"
    "Storage Blob Data Reader"
    "Storage Queue Data Contributor"
    "Storage Queue Data Reader"
    "Storage Table Data Contributor"
    "Storage Table Data Reader"

If you want to use the old authentication method and allow querying for the right account key, please use the "--auth-mode" parameter and "key" value.
                    

[2026-02-21 01:43:56] Upload failed for 74c64bb7-0d62-5bb2-9bf4-13570955a0cd.mp3: ERROR: 
You do not have the required permissions needed to perform this operation.
Depending on your operation, you may need to be assigned one of the following roles:
    "Storage Blob Data Owner"
    "Storage Blob Data Contributor"
    "Storage Blob Data Reader"
    "Storage Queue Data Contributor"
    "Storage Queue Data Reader"
    "Storage Table Data Contributor"
    "Storage Table Data Reader"

If you want to use the old authentication method and allow querying for the right account key, please use the "--auth-mode" parameter and "key" value.
                    

[2026-02-21 01:43:58] Upload failed for 99e62e6d-c4eb-5997-bc97-25344bc21207.mp3: ERROR: 
You do not have the required permissions needed to perform this operation.
Depending on your operation, you may need to be assigned one of the following roles:
    "Storage Blob Data Owner"
    "Storage Blob Data Contributor"
    "Storage Blob Data Reader"
    "Storage Queue Data Contributor"
    "Storage Queue Data Reader"
    "Storage Table Data Contributor"
    "Storage Table Data Reader"

If you want to use the old authentication method and allow querying for the right account key, please use the "--auth-mode" parameter and "key" value.
                    

[2026-02-21 01:44:01] Upload failed for eb2e45b6-a47b-5d86-ad8c-bf0fdba5523e.mp3: ERROR: 
You do not have the required permissions needed to perform this operation.
Depending on your operation, you may need to be assigned one of the following roles:
    "Storage Blob Data Owner"
    "Storage Blob Data Contributor"
    "Storage Blob Data Reader"
    "Storage Queue Data Contributor"
    "Storage Queue Data Reader"
    "Storage Table Data Contributor"
    "Storage Table Data Reader"

If you want to use the old authentication method and allow querying for the right account key, please use the "--auth-mode" parameter and "key" value.
                    

[2026-02-21 01:44:04] Upload failed for eb2e45b6-a47b-5d86-ad8c-bf0fdba5523e.mp3: ERROR: 
You do not have the required permissions needed to perform this operation.
Depending on your operation, you may need to be assigned one of the following roles:
    "Storage Blob Data Owner"
    "Storage Blob Data Contributor"
    "Storage Blob Data Reader"
    "Storage Queue Data Contributor"
    "Storage Queue Data Reader"
    "Storage Table Data Contributor"
    "Storage Table Data Reader"

If you want to use the old authentication method and allow querying for the right account key, please use the "--auth-mode" parameter and "key" value.
                    

[2026-02-21 01:44:08] Upload failed for fe636abe-29f7-5ef6-b921-42f5eac7abe8.mp3: ERROR: 
You do not have the required permissions needed to perform this operation.
Depending on your operation, you may need to be assigned one of the following roles:
    "Storage Blob Data Owner"
    "Storage Blob Data Contributor"
    "Storage Blob Data Reader"
    "Storage Queue Data Contributor"
    "Storage Queue Data Reader"
    "Storage Table Data Contributor"
    "Storage Table Data Reader"

If you want to use the old authentication method and allow querying for the right account key, please use the "--auth-mode" parameter and "key" value.
                    

[2026-02-21 01:44:11] Upload failed for eb2e45b6-a47b-5d86-ad8c-bf0fdba5523e.mp3: ERROR: 
You do not have the required permissions needed to perform this operation.
Depending on your operation, you may need to be assigned one of the following roles:
    "Storage Blob Data Owner"
    "Storage Blob Data Contributor"
    "Storage Blob Data Reader"
    "Storage Queue Data Contributor"
    "Storage Queue Data Reader"
    "Storage Table Data Contributor"
    "Storage Table Data Reader"

If you want to use the old authentication method and allow querying for the right account key, please use the "--auth-mode" parameter and "key" value.
                    

[2026-02-21 01:44:13] Upload failed for 80902557-7d0d-5ebd-8445-7287109ba952.mp3: ERROR: 
You do not have the required permissions needed to perform this operation.
Depending on your operation, you may need to be assigned one of the following roles:
    "Storage Blob Data Owner"
    "Storage Blob Data Contributor"
    "Storage Blob Data Reader"
    "Storage Queue Data Contributor"
    "Storage Queue Data Reader"
    "Storage Table Data Contributor"
    "Storage Table Data Reader"

If you want to use the old authentication method and allow querying for the right account key, please use the "--auth-mode" parameter and "key" value.
                    

[2026-02-21 01:44:15] Upload failed for 305e2e2e-cc0c-5f8f-9b4f-d68ad7ee6ca0.mp3: ERROR: 
You do not have the required permissions needed to perform this operation.
Depending on your operation, you may need to be assigned one of the following roles:
    "Storage Blob Data Owner"
    "Storage Blob Data Contributor"
    "Storage Blob Data Reader"
    "Storage Queue Data Contributor"
    "Storage Queue Data Reader"
    "Storage Table Data Contributor"
    "Storage Table Data Reader"

If you want to use the old authentication method and allow querying for the right account key, please use the "--auth-mode" parameter and "key" value.
                    

[2026-02-21 01:44:16] Upload failed for f2014f6e-0ad3-5442-b8f6-03ffe9771b0b.mp3: ERROR: 
You do not have the required permissions needed to perform this operation.
Depending on your operation, you may need to be assigned one of the following roles:
    "Storage Blob Data Owner"
    "Storage Blob Data Contributor"
    "Storage Blob Data Reader"
    "Storage Queue Data Contributor"
    "Storage Queue Data Reader"
    "Storage Table Data Contributor"
    "Storage Table Data Reader"

If you want to use the old authentication method and allow querying for the right account key, please use the "--auth-mode" parameter and "key" value.
                    

[2026-02-21 01:44:18] Upload failed for 0a1e67f6-9db7-51fb-865e-6cb59988e8b1.mp3: ERROR: 
You do not have the required permissions needed to perform this operation.
Depending on your operation, you may need to be assigned one of the following roles:
    "Storage Blob Data Owner"
    "Storage Blob Data Contributor"
    "Storage Blob Data Reader"
    "Storage Queue Data Contributor"
    "Storage Queue Data Reader"
    "Storage Table Data Contributor"
    "Storage Table Data Reader"

If you want to use the old authentication method and allow querying for the right account key, please use the "--auth-mode" parameter and "key" value.
                    

[2026-02-21 01:44:20] Upload failed for 5e4692b8-631b-554e-9434-9e1f4b320fba.mp3: ERROR: 
You do not have the required permissions needed to perform this operation.
Depending on your operation, you may need to be assigned one of the following roles:
    "Storage Blob Data Owner"
    "Storage Blob Data Contributor"
    "Storage Blob Data Reader"
    "Storage Queue Data Contributor"
    "Storage Queue Data Reader"
    "Storage Table Data Contributor"
    "Storage Table Data Reader"

If you want to use the old authentication method and allow querying for the right account key, please use the "--auth-mode" parameter and "key" value.
                    

[2026-02-21 01:44:21] Upload failed for f2014f6e-0ad3-5442-b8f6-03ffe9771b0b.mp3: ERROR: 
You do not have the required permissions needed to perform this operation.
Depending on your operation, you may need to be assigned one of the following roles:
    "Storage Blob Data Owner"
    "Storage Blob Data Contributor"
    "Storage Blob Data Reader"
    "Storage Queue Data Contributor"
    "Storage Queue Data Reader"
    "Storage Table Data Contributor"
    "Storage Table Data Reader"

If you want to use the old authentication method and allow querying for the right account key, please use the "--auth-mode" parameter and "key" value.
                    

[2026-02-21 01:44:23] Upload failed for 88cf5746-d8f1-5a21-b9fd-9a540c44b533.mp3: ERROR: 
You do not have the required permissions needed to perform this operation.
Depending on your operation, you may need to be assigned one of the following roles:
    "Storage Blob Data Owner"
    "Storage Blob Data Contributor"
    "Storage Blob Data Reader"
    "Storage Queue Data Contributor"
    "Storage Queue Data Reader"
    "Storage Table Data Contributor"
    "Storage Table Data Reader"

If you want to use the old authentication method and allow querying for the right account key, please use the "--auth-mode" parameter and "key" value.
                    

[2026-02-21 01:44:24] Upload failed for 77f4174f-6759-55dc-ac15-934bed6288e0.mp3: ERROR: 
You do not have the required permissions needed to perform this operation.
Depending on your operation, you may need to be assigned one of the following roles:
    "Storage Blob Data Owner"
    "Storage Blob Data Contributor"
    "Storage Blob Data Reader"
    "Storage Queue Data Contributor"
    "Storage Queue Data Reader"
    "Storage Table Data Contributor"
    "Storage Table Data Reader"

If you want to use the old authentication method and allow querying for the right account key, please use the "--auth-mode" parameter and "key" value.
                    

[2026-02-21 01:44:26] Upload failed for ccd473ab-2dd5-522e-8485-0ead7ee3601a.mp3: ERROR: 
You do not have the required permissions needed to perform this operation.
Depending on your operation, you may need to be assigned one of the following roles:
    "Storage Blob Data Owner"
    "Storage Blob Data Contributor"
    "Storage Blob Data Reader"
    "Storage Queue Data Contributor"
    "Storage Queue Data Reader"
    "Storage Table Data Contributor"
    "Storage Table Data Reader"

If you want to use the old authentication method and allow querying for the right account key, please use the "--auth-mode" parameter and "key" value.
                    

[2026-02-21 01:44:28] Upload failed for 4611b258-2f79-5a89-b030-badea713ffa9.mp3: ERROR: 
You do not have the required permissions needed to perform this operation.
Depending on your operation, you may need to be assigned one of the following roles:
    "Storage Blob Data Owner"
    "Storage Blob Data Contributor"
    "Storage Blob Data Reader"
    "Storage Queue Data Contributor"
    "Storage Queue Data Reader"
    "Storage Table Data Contributor"
    "Storage Table Data Reader"

If you want to use the old authentication method and allow querying for the right account key, please use the "--auth-mode" parameter and "key" value.
                    

[2026-02-21 01:44:29] Upload failed for f551a26f-b630-5c63-b5fa-9ce6d371a674.mp3: ERROR: 
You do not have the required permissions needed to perform this operation.
Depending on your operation, you may need to be assigned one of the following roles:
    "Storage Blob Data Owner"
    "Storage Blob Data Contributor"
    "Storage Blob Data Reader"
    "Storage Queue Data Contributor"
    "Storage Queue Data Reader"
    "Storage Table Data Contributor"
    "Storage Table Data Reader"

If you want to use the old authentication method and allow querying for the right account key, please use the "--auth-mode" parameter and "key" value.
                    

[2026-02-21 01:44:31] Upload failed for 5fe9ec2c-9071-5808-85f8-e4ad9bac9542.mp3: ERROR: 
You do not have the required permissions needed to perform this operation.
Depending on your operation, you may need to be assigned one of the following roles:
    "Storage Blob Data Owner"
    "Storage Blob Data Contributor"
    "Storage Blob Data Reader"
    "Storage Queue Data Contributor"
    "Storage Queue Data Reader"
    "Storage Table Data Contributor"
    "Storage Table Data Reader"

If you want to use the old authentication method and allow querying for the right account key, please use the "--auth-mode" parameter and "key" value.
                    

[2026-02-21 01:44:34] Upload failed for a87b5c09-7a9b-5dfe-af12-e1ba38be6e7e.mp3: ERROR: 
You do not have the required permissions needed to perform this operation.
Depending on your operation, you may need to be assigned one of the following roles:
    "Storage Blob Data Owner"
    "Storage Blob Data Contributor"
    "Storage Blob Data Reader"
    "Storage Queue Data Contributor"
    "Storage Queue Data Reader"
    "Storage Table Data Contributor"
    "Storage Table Data Reader"

If you want to use the old authentication method and allow querying for the right account key, please use the "--auth-mode" parameter and "key" value.
                    

[2026-02-21 01:44:36] Upload failed for 0a1e67f6-9db7-51fb-865e-6cb59988e8b1.mp3: ERROR: 
You do not have the required permissions needed to perform this operation.
Depending on your operation, you may need to be assigned one of the following roles:
    "Storage Blob Data Owner"
    "Storage Blob Data Contributor"
    "Storage Blob Data Reader"
    "Storage Queue Data Contributor"
    "Storage Queue Data Reader"
    "Storage Table Data Contributor"
    "Storage Table Data Reader"

If you want to use the old authentication method and allow querying for the right account key, please use the "--auth-mode" parameter and "key" value.
                    

[2026-02-21 01:44:37] Upload failed for 0a1e67f6-9db7-51fb-865e-6cb59988e8b1.mp3: ERROR: 
You do not have the required permissions needed to perform this operation.
Depending on your operation, you may need to be assigned one of the following roles:
    "Storage Blob Data Owner"
    "Storage Blob Data Contributor"
    "Storage Blob Data Reader"
    "Storage Queue Data Contributor"
    "Storage Queue Data Reader"
    "Storage Table Data Contributor"
    "Storage Table Data Reader"

If you want to use the old authentication method and allow querying for the right account key, please use the "--auth-mode" parameter and "key" value.
                    

[2026-02-21 01:44:39] Upload failed for 4611b258-2f79-5a89-b030-badea713ffa9.mp3: ERROR: 
You do not have the required permissions needed to perform this operation.
Depending on your operation, you may need to be assigned one of the following roles:
    "Storage Blob Data Owner"
    "Storage Blob Data Contributor"
    "Storage Blob Data Reader"
    "Storage Queue Data Contributor"
    "Storage Queue Data Reader"
    "Storage Table Data Contributor"
    "Storage Table Data Reader"

If you want to use the old authentication method and allow querying for the right account key, please use the "--auth-mode" parameter and "key" value.
                    

[2026-02-21 01:44:41] Upload failed for ac02a3e3-370b-5cd5-a2ae-873d2d0b5276.mp3: ERROR: 
You do not have the required permissions needed to perform this operation.
Depending on your operation, you may need to be assigned one of the following roles:
    "Storage Blob Data Owner"
    "Storage Blob Data Contributor"
    "Storage Blob Data Reader"
    "Storage Queue Data Contributor"
    "Storage Queue Data Reader"
    "Storage Table Data Contributor"
    "Storage Table Data Reader"

If you want to use the old authentication method and allow querying for the right account key, please use the "--auth-mode" parameter and "key" value.
                    

[2026-02-21 01:44:42] Upload failed for bf866f52-40a7-590f-930d-48866c44653a.mp3: ERROR: 
You do not have the required permissions needed to perform this operation.
Depending on your operation, you may need to be assigned one of the following roles:
    "Storage Blob Data Owner"
    "Storage Blob Data Contributor"
    "Storage Blob Data Reader"
    "Storage Queue Data Contributor"
    "Storage Queue Data Reader"
    "Storage Table Data Contributor"
    "Storage Table Data Reader"

If you want to use the old authentication method and allow querying for the right account key, please use the "--auth-mode" parameter and "key" value.
                    

[2026-02-21 01:44:44] Upload failed for e6e2c6e6-2a67-55ec-88ae-9bbcba10fdcc.mp3: ERROR: 
You do not have the required permissions needed to perform this operation.
Depending on your operation, you may need to be assigned one of the following roles:
    "Storage Blob Data Owner"
    "Storage Blob Data Contributor"
    "Storage Blob Data Reader"
    "Storage Queue Data Contributor"
    "Storage Queue Data Reader"
    "Storage Table Data Contributor"
    "Storage Table Data Reader"

If you want to use the old authentication method and allow querying for the right account key, please use the "--auth-mode" parameter and "key" value.
                    

[2026-02-21 01:44:46] Upload failed for 05e4ca5f-0a23-5d30-8f04-b3e37b074e2c.mp3: ERROR: 
You do not have the required permissions needed to perform this operation.
Depending on your operation, you may need to be assigned one of the following roles:
    "Storage Blob Data Owner"
    "Storage Blob Data Contributor"
    "Storage Blob Data Reader"
    "Storage Queue Data Contributor"
    "Storage Queue Data Reader"
    "Storage Table Data Contributor"
    "Storage Table Data Reader"

If you want to use the old authentication method and allow querying for the right account key, please use the "--auth-mode" parameter and "key" value.
                    

[2026-02-21 01:44:49] Upload failed for 86a2bb26-2b73-5d1d-aa9e-9456fcd67413.mp3: ERROR: 
You do not have the required permissions needed to perform this operation.
Depending on your operation, you may need to be assigned one of the following roles:
    "Storage Blob Data Owner"
    "Storage Blob Data Contributor"
    "Storage Blob Data Reader"
    "Storage Queue Data Contributor"
    "Storage Queue Data Reader"
    "Storage Table Data Contributor"
    "Storage Table Data Reader"

If you want to use the old authentication method and allow querying for the right account key, please use the "--auth-mode" parameter and "key" value.
                    

[2026-02-21 01:44:51] Upload failed for 10b4a6be-77a4-5aba-81ee-43c88f5435d5.mp3: ERROR: 
You do not have the required permissions needed to perform this operation.
Depending on your operation, you may need to be assigned one of the following roles:
    "Storage Blob Data Owner"
    "Storage Blob Data Contributor"
    "Storage Blob Data Reader"
    "Storage Queue Data Contributor"
    "Storage Queue Data Reader"
    "Storage Table Data Contributor"
    "Storage Table Data Reader"

If you want to use the old authentication method and allow querying for the right account key, please use the "--auth-mode" parameter and "key" value.
                    

[2026-02-21 01:44:54] Upload failed for c37d4f06-8318-5515-8d35-81360f46e4dd.mp3: ERROR: 
You do not have the required permissions needed to perform this operation.
Depending on your operation, you may need to be assigned one of the following roles:
    "Storage Blob Data Owner"
    "Storage Blob Data Contributor"
    "Storage Blob Data Reader"
    "Storage Queue Data Contributor"
    "Storage Queue Data Reader"
    "Storage Table Data Contributor"
    "Storage Table Data Reader"

If you want to use the old authentication method and allow querying for the right account key, please use the "--auth-mode" parameter and "key" value.
                    

[2026-02-21 01:44:57] Upload failed for 1aec39a3-9080-5408-9bb5-127e03fe7324.mp3: ERROR: 
You do not have the required permissions needed to perform this operation.
Depending on your operation, you may need to be assigned one of the following roles:
    "Storage Blob Data Owner"
    "Storage Blob Data Contributor"
    "Storage Blob Data Reader"
    "Storage Queue Data Contributor"
    "Storage Queue Data Reader"
    "Storage Table Data Contributor"
    "Storage Table Data Reader"

If you want to use the old authentication method and allow querying for the right account key, please use the "--auth-mode" parameter and "key" value.
                    

[2026-02-21 01:44:59] Upload failed for 2f042493-e34e-59f9-b4e8-546a18e7f5ab.mp3: ERROR: 
You do not have the required permissions needed to perform this operation.
Depending on your operation, you may need to be assigned one of the following roles:
    "Storage Blob Data Owner"
    "Storage Blob Data Contributor"
    "Storage Blob Data Reader"
    "Storage Queue Data Contributor"
    "Storage Queue Data Reader"
    "Storage Table Data Contributor"
    "Storage Table Data Reader"

If you want to use the old authentication method and allow querying for the right account key, please use the "--auth-mode" parameter and "key" value.
                    

[2026-02-21 01:45:03] Upload failed for 565d5954-295a-5c14-b876-9cf5b0f38bef.mp3: ERROR: 
You do not have the required permissions needed to perform this operation.
Depending on your operation, you may need to be assigned one of the following roles:
    "Storage Blob Data Owner"
    "Storage Blob Data Contributor"
    "Storage Blob Data Reader"
    "Storage Queue Data Contributor"
    "Storage Queue Data Reader"
    "Storage Table Data Contributor"
    "Storage Table Data Reader"

If you want to use the old authentication method and allow querying for the right account key, please use the "--auth-mode" parameter and "key" value.
                    

[2026-02-21 01:45:06] Upload failed for 016a2ea6-37e4-542e-a150-5887383a3bce.mp3: ERROR: 
You do not have the required permissions needed to perform this operation.
Depending on your operation, you may need to be assigned one of the following roles:
    "Storage Blob Data Owner"
    "Storage Blob Data Contributor"
    "Storage Blob Data Reader"
    "Storage Queue Data Contributor"
    "Storage Queue Data Reader"
    "Storage Table Data Contributor"
    "Storage Table Data Reader"

If you want to use the old authentication method and allow querying for the right account key, please use the "--auth-mode" parameter and "key" value.
                    

[2026-02-21 01:45:08] Upload failed for 11a5cd76-26e1-54a1-8c46-9caf2708f519.mp3: ERROR: 
You do not have the required permissions needed to perform this operation.
Depending on your operation, you may need to be assigned one of the following roles:
    "Storage Blob Data Owner"
    "Storage Blob Data Contributor"
    "Storage Blob Data Reader"
    "Storage Queue Data Contributor"
    "Storage Queue Data Reader"
    "Storage Table Data Contributor"
    "Storage Table Data Reader"

If you want to use the old authentication method and allow querying for the right account key, please use the "--auth-mode" parameter and "key" value.
                    

[2026-02-21 01:45:11] Upload failed for 545483df-893e-59f4-9f2e-a704e9e6cc92.mp3: ERROR: 
You do not have the required permissions needed to perform this operation.
Depending on your operation, you may need to be assigned one of the following roles:
    "Storage Blob Data Owner"
    "Storage Blob Data Contributor"
    "Storage Blob Data Reader"
    "Storage Queue Data Contributor"
    "Storage Queue Data Reader"
    "Storage Table Data Contributor"
    "Storage Table Data Reader"

If you want to use the old authentication method and allow querying for the right account key, please use the "--auth-mode" parameter and "key" value.
                    

[2026-02-21 01:45:13] Upload failed for 8aeacef5-77da-5ae5-944f-0492421327d1.mp3: ERROR: 
You do not have the required permissions needed to perform this operation.
Depending on your operation, you may need to be assigned one of the following roles:
    "Storage Blob Data Owner"
    "Storage Blob Data Contributor"
    "Storage Blob Data Reader"
    "Storage Queue Data Contributor"
    "Storage Queue Data Reader"
    "Storage Table Data Contributor"
    "Storage Table Data Reader"

If you want to use the old authentication method and allow querying for the right account key, please use the "--auth-mode" parameter and "key" value.
                    

[2026-02-21 01:45:16] Upload failed for bd42bdb9-7c4e-50b9-8ffc-d6a0772c16db.mp3: ERROR: 
You do not have the required permissions needed to perform this operation.
Depending on your operation, you may need to be assigned one of the following roles:
    "Storage Blob Data Owner"
    "Storage Blob Data Contributor"
    "Storage Blob Data Reader"
    "Storage Queue Data Contributor"
    "Storage Queue Data Reader"
    "Storage Table Data Contributor"
    "Storage Table Data Reader"

If you want to use the old authentication method and allow querying for the right account key, please use the "--auth-mode" parameter and "key" value.
                    

[2026-02-21 01:45:17] Upload failed for 981792a5-4af7-5e33-ab0f-cecb9b0b082f.mp3: ERROR: 
You do not have the required permissions needed to perform this operation.
Depending on your operation, you may need to be assigned one of the following roles:
    "Storage Blob Data Owner"
    "Storage Blob Data Contributor"
    "Storage Blob Data Reader"
    "Storage Queue Data Contributor"
    "Storage Queue Data Reader"
    "Storage Table Data Contributor"
    "Storage Table Data Reader"

If you want to use the old authentication method and allow querying for the right account key, please use the "--auth-mode" parameter and "key" value.
                    

[2026-02-21 01:45:20] Upload failed for 90a8703d-c29f-5428-bc0f-f851c7fbb4a2.mp3: ERROR: 
You do not have the required permissions needed to perform this operation.
Depending on your operation, you may need to be assigned one of the following roles:
    "Storage Blob Data Owner"
    "Storage Blob Data Contributor"
    "Storage Blob Data Reader"
    "Storage Queue Data Contributor"
    "Storage Queue Data Reader"
    "Storage Table Data Contributor"
    "Storage Table Data Reader"

If you want to use the old authentication method and allow querying for the right account key, please use the "--auth-mode" parameter and "key" value.
                    

[2026-02-21 01:45:23] Upload failed for 05029af8-af64-5b08-9942-100c8e8413cd.mp3: ERROR: 
You do not have the required permissions needed to perform this operation.
Depending on your operation, you may need to be assigned one of the following roles:
    "Storage Blob Data Owner"
    "Storage Blob Data Contributor"
    "Storage Blob Data Reader"
    "Storage Queue Data Contributor"
    "Storage Queue Data Reader"
    "Storage Table Data Contributor"
    "Storage Table Data Reader"

If you want to use the old authentication method and allow querying for the right account key, please use the "--auth-mode" parameter and "key" value.
                    

[2026-02-21 01:45:25] Upload failed for fd75f183-830c-5c6d-b6c4-ee683019de5b.mp3: ERROR: 
You do not have the required permissions needed to perform this operation.
Depending on your operation, you may need to be assigned one of the following roles:
    "Storage Blob Data Owner"
    "Storage Blob Data Contributor"
    "Storage Blob Data Reader"
    "Storage Queue Data Contributor"
    "Storage Queue Data Reader"
    "Storage Table Data Contributor"
    "Storage Table Data Reader"

If you want to use the old authentication method and allow querying for the right account key, please use the "--auth-mode" parameter and "key" value.
                    

[2026-02-21 01:45:25] Progress: 50/50 (100.0%)
[2026-02-21 01:45:29] Upload failed for 4692623b-a956-56fe-a7b6-d8ca31b49a66.mp3: ERROR: 
You do not have the required permissions needed to perform this operation.
Depending on your operation, you may need to be assigned one of the following roles:
    "Storage Blob Data Owner"
    "Storage Blob Data Contributor"
    "Storage Blob Data Reader"
    "Storage Queue Data Contributor"
    "Storage Queue Data Reader"
    "Storage Table Data Contributor"
    "Storage Table Data Reader"

If you want to use the old authentication method and allow querying for the right account key, please use the "--auth-mode" parameter and "key" value.
                    

[2026-02-21 01:52:57] Azure CLI OK: Ybotman Azure subscription Personal
[2026-02-21 01:52:57] Ensuring container 'v20' exists with public blob access...
[2026-02-21 01:52:59] Container ready: v20
[2026-02-21 01:52:59] Found 50 songs to upload
[2026-02-21 01:52:59] Processing sample of 50 songs
[2026-02-21 01:52:59] 
Starting upload...
[2026-02-21 01:53:02] Upload failed for bc631b91-6611-51c3-ac8d-6be688432d6d.mp3: WARNING: 
There are no credentials provided in your command and environment, we will query for account key for your storage account.
It is recommended to provide --connection-string, --account-key or --sas-token in your command as credentials.

You also can add `--auth-mode login` in your command to use Azure Active Directory (Azure AD) for authorization if your login account is assigned required RBAC roles.
For more information about RBAC roles in storage, visit https://learn.microsoft.com/azure/storage/common/storage-auth-aad-rbac-cli.

In addition, setting the corresponding environment variables can avoid inputting credentials in your command. Please use --help to get more information about environment variable usage.
ERROR: The MD5 value specified in the request is invalid. MD5 value must be 128 bits and base64 encoded.
RequestId:bc453140-601e-003d-76fe-a29361000000
Time:2026-02-21T06:53:01.9515192Z
ErrorCode:InvalidMd5

[2026-02-21 01:53:07] Upload failed for 16b2fad9-46d8-52ab-b782-fbecc873adcd.mp3: WARNING: 
There are no credentials provided in your command and environment, we will query for account key for your storage account.
It is recommended to provide --connection-string, --account-key or --sas-token in your command as credentials.

You also can add `--auth-mode login` in your command to use Azure Active Directory (Azure AD) for authorization if your login account is assigned required RBAC roles.
For more information about RBAC roles in storage, visit https://learn.microsoft.com/azure/storage/common/storage-auth-aad-rbac-cli.

In addition, setting the corresponding environment variables can avoid inputting credentials in your command. Please use --help to get more information about environment variable usage.
ERROR: The MD5 value specified in the request is invalid. MD5 value must be 128 bits and base64 encoded.
RequestId:63111f7d-d01e-00e3-35fe-a28787000000
Time:2026-02-21T06:53:05.0468353Z
ErrorCode:InvalidMd5

[2026-02-21 01:53:12] Upload failed for bfc77548-cd50-58a6-8a6e-87a82c876aff.mp3: WARNING: 
There are no credentials provided in your command and environment, we will query for account key for your storage account.
It is recommended to provide --connection-string, --account-key or --sas-token in your command as credentials.

You also can add `--auth-mode login` in your command to use Azure Active Directory (Azure AD) for authorization if your login account is assigned required RBAC roles.
For more information about RBAC roles in storage, visit https://learn.microsoft.com/azure/storage/common/storage-auth-aad-rbac-cli.

In addition, setting the corresponding environment variables can avoid inputting credentials in your command. Please use --help to get more information about environment variable usage.
ERROR: The MD5 value specified in the request is invalid. MD5 value must be 128 bits and base64 encoded.
RequestId:cea300a8-c01e-0034-39fe-a2d6b2000000
Time:2026-02-21T06:53:10.0755112Z
ErrorCode:InvalidMd5

[2026-02-21 01:53:15] Upload failed for 6077a0c0-554c-5343-8505-d675a5a12c7e.mp3: WARNING: 
There are no credentials provided in your command and environment, we will query for account key for your storage account.
It is recommended to provide --connection-string, --account-key or --sas-token in your command as credentials.

You also can add `--auth-mode login` in your command to use Azure Active Directory (Azure AD) for authorization if your login account is assigned required RBAC roles.
For more information about RBAC roles in storage, visit https://learn.microsoft.com/azure/storage/common/storage-auth-aad-rbac-cli.

In addition, setting the corresponding environment variables can avoid inputting credentials in your command. Please use --help to get more information about environment variable usage.
ERROR: The MD5 value specified in the request is invalid. MD5 value must be 128 bits and base64 encoded.
RequestId:b64f6024-201e-00aa-79fe-a2c56c000000
Time:2026-02-21T06:53:15.0766940Z
ErrorCode:InvalidMd5

[2026-02-21 01:53:20] Upload failed for 16b2fad9-46d8-52ab-b782-fbecc873adcd.mp3: WARNING: 
There are no credentials provided in your command and environment, we will query for account key for your storage account.
It is recommended to provide --connection-string, --account-key or --sas-token in your command as credentials.

You also can add `--auth-mode login` in your command to use Azure Active Directory (Azure AD) for authorization if your login account is assigned required RBAC roles.
For more information about RBAC roles in storage, visit https://learn.microsoft.com/azure/storage/common/storage-auth-aad-rbac-cli.

In addition, setting the corresponding environment variables can avoid inputting credentials in your command. Please use --help to get more information about environment variable usage.
ERROR: The MD5 value specified in the request is invalid. MD5 value must be 128 bits and base64 encoded.
RequestId:b9791b0e-601e-00f6-01fe-a29034000000
Time:2026-02-21T06:53:18.7577594Z
ErrorCode:InvalidMd5

[2026-02-21 01:53:23] Upload failed for 74c64bb7-0d62-5bb2-9bf4-13570955a0cd.mp3: WARNING: 
There are no credentials provided in your command and environment, we will query for account key for your storage account.
It is recommended to provide --connection-string, --account-key or --sas-token in your command as credentials.

You also can add `--auth-mode login` in your command to use Azure Active Directory (Azure AD) for authorization if your login account is assigned required RBAC roles.
For more information about RBAC roles in storage, visit https://learn.microsoft.com/azure/storage/common/storage-auth-aad-rbac-cli.

In addition, setting the corresponding environment variables can avoid inputting credentials in your command. Please use --help to get more information about environment variable usage.
ERROR: The MD5 value specified in the request is invalid. MD5 value must be 128 bits and base64 encoded.
RequestId:0e833f07-a01e-000d-5dfe-a22dae000000
Time:2026-02-21T06:53:23.0852639Z
ErrorCode:InvalidMd5

[2026-02-21 01:53:26] Upload failed for e944b0dd-63c7-5cc5-8dc5-4998db6adf19.mp3: WARNING: 
There are no credentials provided in your command and environment, we will query for account key for your storage account.
It is recommended to provide --connection-string, --account-key or --sas-token in your command as credentials.

You also can add `--auth-mode login` in your command to use Azure Active Directory (Azure AD) for authorization if your login account is assigned required RBAC roles.
For more information about RBAC roles in storage, visit https://learn.microsoft.com/azure/storage/common/storage-auth-aad-rbac-cli.

In addition, setting the corresponding environment variables can avoid inputting credentials in your command. Please use --help to get more information about environment variable usage.
ERROR: The MD5 value specified in the request is invalid. MD5 value must be 128 bits and base64 encoded.
RequestId:079e3a12-e01e-00d7-37fe-a2b44f000000
Time:2026-02-21T06:53:26.1992051Z
ErrorCode:InvalidMd5

[2026-02-21 01:53:30] Upload failed for 6cdaed7e-f563-5671-9692-971158082943.mp3: WARNING: 
There are no credentials provided in your command and environment, we will query for account key for your storage account.
It is recommended to provide --connection-string, --account-key or --sas-token in your command as credentials.

You also can add `--auth-mode login` in your command to use Azure Active Directory (Azure AD) for authorization if your login account is assigned required RBAC roles.
For more information about RBAC roles in storage, visit https://learn.microsoft.com/azure/storage/common/storage-auth-aad-rbac-cli.

In addition, setting the corresponding environment variables can avoid inputting credentials in your command. Please use --help to get more information about environment variable usage.
ERROR: The MD5 value specified in the request is invalid. MD5 value must be 128 bits and base64 encoded.
RequestId:06e7f95f-701e-0053-23fe-a2c64e000000
Time:2026-02-21T06:53:28.8274565Z
ErrorCode:InvalidMd5

[2026-02-21 01:53:33] Upload failed for 74c64bb7-0d62-5bb2-9bf4-13570955a0cd.mp3: WARNING: 
There are no credentials provided in your command and environment, we will query for account key for your storage account.
It is recommended to provide --connection-string, --account-key or --sas-token in your command as credentials.

You also can add `--auth-mode login` in your command to use Azure Active Directory (Azure AD) for authorization if your login account is assigned required RBAC roles.
For more information about RBAC roles in storage, visit https://learn.microsoft.com/azure/storage/common/storage-auth-aad-rbac-cli.

In addition, setting the corresponding environment variables can avoid inputting credentials in your command. Please use --help to get more information about environment variable usage.
ERROR: The MD5 value specified in the request is invalid. MD5 value must be 128 bits and base64 encoded.
RequestId:27186791-201e-002c-45fe-a209d5000000
Time:2026-02-21T06:53:33.3037123Z
ErrorCode:InvalidMd5

[2026-02-21 01:53:38] Upload failed for 99e62e6d-c4eb-5997-bc97-25344bc21207.mp3: WARNING: 
There are no credentials provided in your command and environment, we will query for account key for your storage account.
It is recommended to provide --connection-string, --account-key or --sas-token in your command as credentials.

You also can add `--auth-mode login` in your command to use Azure Active Directory (Azure AD) for authorization if your login account is assigned required RBAC roles.
For more information about RBAC roles in storage, visit https://learn.microsoft.com/azure/storage/common/storage-auth-aad-rbac-cli.

In addition, setting the corresponding environment variables can avoid inputting credentials in your command. Please use --help to get more information about environment variable usage.
ERROR: The MD5 value specified in the request is invalid. MD5 value must be 128 bits and base64 encoded.
RequestId:eb24daa9-701e-00a7-15fe-a20db8000000
Time:2026-02-21T06:53:37.9799344Z
ErrorCode:InvalidMd5

[2026-02-21 01:53:44] Upload failed for eb2e45b6-a47b-5d86-ad8c-bf0fdba5523e.mp3: WARNING: 
There are no credentials provided in your command and environment, we will query for account key for your storage account.
It is recommended to provide --connection-string, --account-key or --sas-token in your command as credentials.

You also can add `--auth-mode login` in your command to use Azure Active Directory (Azure AD) for authorization if your login account is assigned required RBAC roles.
For more information about RBAC roles in storage, visit https://learn.microsoft.com/azure/storage/common/storage-auth-aad-rbac-cli.

In addition, setting the corresponding environment variables can avoid inputting credentials in your command. Please use --help to get more information about environment variable usage.
ERROR: The MD5 value specified in the request is invalid. MD5 value must be 128 bits and base64 encoded.
RequestId:cf2f3490-301e-00eb-26fe-a29d88000000
Time:2026-02-21T06:53:40.9106447Z
ErrorCode:InvalidMd5

[2026-02-21 01:53:49] Upload failed for eb2e45b6-a47b-5d86-ad8c-bf0fdba5523e.mp3: WARNING: 
There are no credentials provided in your command and environment, we will query for account key for your storage account.
It is recommended to provide --connection-string, --account-key or --sas-token in your command as credentials.

You also can add `--auth-mode login` in your command to use Azure Active Directory (Azure AD) for authorization if your login account is assigned required RBAC roles.
For more information about RBAC roles in storage, visit https://learn.microsoft.com/azure/storage/common/storage-auth-aad-rbac-cli.

In addition, setting the corresponding environment variables can avoid inputting credentials in your command. Please use --help to get more information about environment variable usage.
ERROR: The MD5 value specified in the request is invalid. MD5 value must be 128 bits and base64 encoded.
RequestId:861da89a-c01e-0024-41fe-a213da000000
Time:2026-02-21T06:53:47.1397182Z
ErrorCode:InvalidMd5

[2026-02-21 01:53:54] Upload failed for fe636abe-29f7-5ef6-b921-42f5eac7abe8.mp3: WARNING: 
There are no credentials provided in your command and environment, we will query for account key for your storage account.
It is recommended to provide --connection-string, --account-key or --sas-token in your command as credentials.

You also can add `--auth-mode login` in your command to use Azure Active Directory (Azure AD) for authorization if your login account is assigned required RBAC roles.
For more information about RBAC roles in storage, visit https://learn.microsoft.com/azure/storage/common/storage-auth-aad-rbac-cli.

In addition, setting the corresponding environment variables can avoid inputting credentials in your command. Please use --help to get more information about environment variable usage.
ERROR: The MD5 value specified in the request is invalid. MD5 value must be 128 bits and base64 encoded.
RequestId:2abc211f-e01e-000c-0afe-a27272000000
Time:2026-02-21T06:53:52.5011589Z
ErrorCode:InvalidMd5

[2026-02-21 01:53:59] Upload failed for eb2e45b6-a47b-5d86-ad8c-bf0fdba5523e.mp3: WARNING: 
There are no credentials provided in your command and environment, we will query for account key for your storage account.
It is recommended to provide --connection-string, --account-key or --sas-token in your command as credentials.

You also can add `--auth-mode login` in your command to use Azure Active Directory (Azure AD) for authorization if your login account is assigned required RBAC roles.
For more information about RBAC roles in storage, visit https://learn.microsoft.com/azure/storage/common/storage-auth-aad-rbac-cli.

In addition, setting the corresponding environment variables can avoid inputting credentials in your command. Please use --help to get more information about environment variable usage.
ERROR: The MD5 value specified in the request is invalid. MD5 value must be 128 bits and base64 encoded.
RequestId:430dd237-601e-0084-38fe-a2977b000000
Time:2026-02-21T06:53:56.4348774Z
ErrorCode:InvalidMd5

[2026-02-21 01:54:02] Upload failed for 80902557-7d0d-5ebd-8445-7287109ba952.mp3: WARNING: 
There are no credentials provided in your command and environment, we will query for account key for your storage account.
It is recommended to provide --connection-string, --account-key or --sas-token in your command as credentials.

You also can add `--auth-mode login` in your command to use Azure Active Directory (Azure AD) for authorization if your login account is assigned required RBAC roles.
For more information about RBAC roles in storage, visit https://learn.microsoft.com/azure/storage/common/storage-auth-aad-rbac-cli.

In addition, setting the corresponding environment variables can avoid inputting credentials in your command. Please use --help to get more information about environment variable usage.
ERROR: The MD5 value specified in the request is invalid. MD5 value must be 128 bits and base64 encoded.
RequestId:1cee4310-701e-006c-22fe-a20eed000000
Time:2026-02-21T06:54:01.7761449Z
ErrorCode:InvalidMd5

[2026-02-21 01:54:05] Upload failed for 305e2e2e-cc0c-5f8f-9b4f-d68ad7ee6ca0.mp3: WARNING: 
There are no credentials provided in your command and environment, we will query for account key for your storage account.
It is recommended to provide --connection-string, --account-key or --sas-token in your command as credentials.

You also can add `--auth-mode login` in your command to use Azure Active Directory (Azure AD) for authorization if your login account is assigned required RBAC roles.
For more information about RBAC roles in storage, visit https://learn.microsoft.com/azure/storage/common/storage-auth-aad-rbac-cli.

In addition, setting the corresponding environment variables can avoid inputting credentials in your command. Please use --help to get more information about environment variable usage.
ERROR: The MD5 value specified in the request is invalid. MD5 value must be 128 bits and base64 encoded.
RequestId:4c8746cc-901e-0090-59fe-a2df14000000
Time:2026-02-21T06:54:04.8126430Z
ErrorCode:InvalidMd5

[2026-02-21 01:54:09] Azure CLI OK: Ybotman Azure subscription Personal
[2026-02-21 01:54:09] Ensuring container 'v20' exists with public blob access...
[2026-02-21 01:54:10] Container ready: v20
[2026-02-21 01:54:10] Found 50 songs to upload
[2026-02-21 01:54:10] Processing sample of 50 songs
[2026-02-21 01:54:10] 
Starting upload...
[2026-02-21 01:54:13] Upload failed for bc631b91-6611-51c3-ac8d-6be688432d6d.mp3: WARNING: 
There are no credentials provided in your command and environment, we will query for account key for your storage account.
It is recommended to provide --connection-string, --account-key or --sas-token in your command as credentials.

You also can add `--auth-mode login` in your command to use Azure Active Directory (Azure AD) for authorization if your login account is assigned required RBAC roles.
For more information about RBAC roles in storage, visit https://learn.microsoft.com/azure/storage/common/storage-auth-aad-rbac-cli.

In addition, setting the corresponding environment variables can avoid inputting credentials in your command. Please use --help to get more information about environment variable usage.
ERROR: The MD5 value specified in the request is invalid. MD5 value must be 128 bits and base64 encoded.
RequestId:b0354367-a01e-0022-6afe-a22065000000
Time:2026-02-21T06:54:13.0315382Z
ErrorCode:InvalidMd5

[2026-02-21 01:54:16] Upload failed for 16b2fad9-46d8-52ab-b782-fbecc873adcd.mp3: WARNING: 
There are no credentials provided in your command and environment, we will query for account key for your storage account.
It is recommended to provide --connection-string, --account-key or --sas-token in your command as credentials.

You also can add `--auth-mode login` in your command to use Azure Active Directory (Azure AD) for authorization if your login account is assigned required RBAC roles.
For more information about RBAC roles in storage, visit https://learn.microsoft.com/azure/storage/common/storage-auth-aad-rbac-cli.

In addition, setting the corresponding environment variables can avoid inputting credentials in your command. Please use --help to get more information about environment variable usage.
ERROR: The MD5 value specified in the request is invalid. MD5 value must be 128 bits and base64 encoded.
RequestId:c5abebf3-101e-0055-06fe-a2f5f1000000
Time:2026-02-21T06:54:15.8869687Z
ErrorCode:InvalidMd5

[2026-02-21 01:54:22] Upload failed for bfc77548-cd50-58a6-8a6e-87a82c876aff.mp3: WARNING: 
There are no credentials provided in your command and environment, we will query for account key for your storage account.
It is recommended to provide --connection-string, --account-key or --sas-token in your command as credentials.

You also can add `--auth-mode login` in your command to use Azure Active Directory (Azure AD) for authorization if your login account is assigned required RBAC roles.
For more information about RBAC roles in storage, visit https://learn.microsoft.com/azure/storage/common/storage-auth-aad-rbac-cli.

In addition, setting the corresponding environment variables can avoid inputting credentials in your command. Please use --help to get more information about environment variable usage.
ERROR: The MD5 value specified in the request is invalid. MD5 value must be 128 bits and base64 encoded.
RequestId:96bfc41f-301e-0042-37fe-a25cfa000000
Time:2026-02-21T06:54:19.6125431Z
ErrorCode:InvalidMd5

[2026-02-21 01:54:25] Upload failed for 6077a0c0-554c-5343-8505-d675a5a12c7e.mp3: WARNING: 
There are no credentials provided in your command and environment, we will query for account key for your storage account.
It is recommended to provide --connection-string, --account-key or --sas-token in your command as credentials.

You also can add `--auth-mode login` in your command to use Azure Active Directory (Azure AD) for authorization if your login account is assigned required RBAC roles.
For more information about RBAC roles in storage, visit https://learn.microsoft.com/azure/storage/common/storage-auth-aad-rbac-cli.

In addition, setting the corresponding environment variables can avoid inputting credentials in your command. Please use --help to get more information about environment variable usage.
ERROR: The MD5 value specified in the request is invalid. MD5 value must be 128 bits and base64 encoded.
RequestId:31100568-301e-006d-3efe-a25131000000
Time:2026-02-21T06:54:24.6470938Z
ErrorCode:InvalidMd5

[2026-02-21 01:54:29] Upload failed for 16b2fad9-46d8-52ab-b782-fbecc873adcd.mp3: WARNING: 
There are no credentials provided in your command and environment, we will query for account key for your storage account.
It is recommended to provide --connection-string, --account-key or --sas-token in your command as credentials.

You also can add `--auth-mode login` in your command to use Azure Active Directory (Azure AD) for authorization if your login account is assigned required RBAC roles.
For more information about RBAC roles in storage, visit https://learn.microsoft.com/azure/storage/common/storage-auth-aad-rbac-cli.

In addition, setting the corresponding environment variables can avoid inputting credentials in your command. Please use --help to get more information about environment variable usage.
ERROR: The MD5 value specified in the request is invalid. MD5 value must be 128 bits and base64 encoded.
RequestId:324319de-a01e-001d-3dfe-a2e8c6000000
Time:2026-02-21T06:54:27.6491056Z
ErrorCode:InvalidMd5

[2026-02-21 01:54:32] Upload failed for 74c64bb7-0d62-5bb2-9bf4-13570955a0cd.mp3: WARNING: 
There are no credentials provided in your command and environment, we will query for account key for your storage account.
It is recommended to provide --connection-string, --account-key or --sas-token in your command as credentials.

You also can add `--auth-mode login` in your command to use Azure Active Directory (Azure AD) for authorization if your login account is assigned required RBAC roles.
For more information about RBAC roles in storage, visit https://learn.microsoft.com/azure/storage/common/storage-auth-aad-rbac-cli.

In addition, setting the corresponding environment variables can avoid inputting credentials in your command. Please use --help to get more information about environment variable usage.
ERROR: The MD5 value specified in the request is invalid. MD5 value must be 128 bits and base64 encoded.
RequestId:4573544c-c01e-00a2-2ffe-a2df63000000
Time:2026-02-21T06:54:32.0763810Z
ErrorCode:InvalidMd5

[2026-02-21 01:54:36] Upload failed for e944b0dd-63c7-5cc5-8dc5-4998db6adf19.mp3: WARNING: 
There are no credentials provided in your command and environment, we will query for account key for your storage account.
It is recommended to provide --connection-string, --account-key or --sas-token in your command as credentials.

You also can add `--auth-mode login` in your command to use Azure Active Directory (Azure AD) for authorization if your login account is assigned required RBAC roles.
For more information about RBAC roles in storage, visit https://learn.microsoft.com/azure/storage/common/storage-auth-aad-rbac-cli.

In addition, setting the corresponding environment variables can avoid inputting credentials in your command. Please use --help to get more information about environment variable usage.
ERROR: The MD5 value specified in the request is invalid. MD5 value must be 128 bits and base64 encoded.
RequestId:d5f201b4-e01e-00f8-24fe-a2b984000000
Time:2026-02-21T06:54:34.9995490Z
ErrorCode:InvalidMd5

[2026-02-21 01:54:40] Upload failed for 6cdaed7e-f563-5671-9692-971158082943.mp3: WARNING: 
There are no credentials provided in your command and environment, we will query for account key for your storage account.
It is recommended to provide --connection-string, --account-key or --sas-token in your command as credentials.

You also can add `--auth-mode login` in your command to use Azure Active Directory (Azure AD) for authorization if your login account is assigned required RBAC roles.
For more information about RBAC roles in storage, visit https://learn.microsoft.com/azure/storage/common/storage-auth-aad-rbac-cli.

In addition, setting the corresponding environment variables can avoid inputting credentials in your command. Please use --help to get more information about environment variable usage.
ERROR: The MD5 value specified in the request is invalid. MD5 value must be 128 bits and base64 encoded.
RequestId:d6864b9c-e01e-0023-2ffe-a27fb9000000
Time:2026-02-21T06:54:38.6214153Z
ErrorCode:InvalidMd5

[2026-02-21 01:54:44] Upload failed for 74c64bb7-0d62-5bb2-9bf4-13570955a0cd.mp3: WARNING: 
There are no credentials provided in your command and environment, we will query for account key for your storage account.
It is recommended to provide --connection-string, --account-key or --sas-token in your command as credentials.

You also can add `--auth-mode login` in your command to use Azure Active Directory (Azure AD) for authorization if your login account is assigned required RBAC roles.
For more information about RBAC roles in storage, visit https://learn.microsoft.com/azure/storage/common/storage-auth-aad-rbac-cli.

In addition, setting the corresponding environment variables can avoid inputting credentials in your command. Please use --help to get more information about environment variable usage.
ERROR: The MD5 value specified in the request is invalid. MD5 value must be 128 bits and base64 encoded.
RequestId:37a187bf-501e-009f-07fe-a2a978000000
Time:2026-02-21T06:54:42.5175069Z
ErrorCode:InvalidMd5

[2026-02-21 01:54:47] Upload failed for 99e62e6d-c4eb-5997-bc97-25344bc21207.mp3: WARNING: 
There are no credentials provided in your command and environment, we will query for account key for your storage account.
It is recommended to provide --connection-string, --account-key or --sas-token in your command as credentials.

You also can add `--auth-mode login` in your command to use Azure Active Directory (Azure AD) for authorization if your login account is assigned required RBAC roles.
For more information about RBAC roles in storage, visit https://learn.microsoft.com/azure/storage/common/storage-auth-aad-rbac-cli.

In addition, setting the corresponding environment variables can avoid inputting credentials in your command. Please use --help to get more information about environment variable usage.
ERROR: The MD5 value specified in the request is invalid. MD5 value must be 128 bits and base64 encoded.
RequestId:1ceebf32-701e-006c-57fe-a20eed000000
Time:2026-02-21T06:54:46.9236971Z
ErrorCode:InvalidMd5

[2026-02-21 01:54:52] Upload failed for eb2e45b6-a47b-5d86-ad8c-bf0fdba5523e.mp3: WARNING: 
There are no credentials provided in your command and environment, we will query for account key for your storage account.
It is recommended to provide --connection-string, --account-key or --sas-token in your command as credentials.

You also can add `--auth-mode login` in your command to use Azure Active Directory (Azure AD) for authorization if your login account is assigned required RBAC roles.
For more information about RBAC roles in storage, visit https://learn.microsoft.com/azure/storage/common/storage-auth-aad-rbac-cli.

In addition, setting the corresponding environment variables can avoid inputting credentials in your command. Please use --help to get more information about environment variable usage.
ERROR: The MD5 value specified in the request is invalid. MD5 value must be 128 bits and base64 encoded.
RequestId:832c8d4d-501e-006b-2bfe-a2628e000000
Time:2026-02-21T06:54:49.4770270Z
ErrorCode:InvalidMd5

[2026-02-21 01:54:57] Upload failed for eb2e45b6-a47b-5d86-ad8c-bf0fdba5523e.mp3: WARNING: 
There are no credentials provided in your command and environment, we will query for account key for your storage account.
It is recommended to provide --connection-string, --account-key or --sas-token in your command as credentials.

You also can add `--auth-mode login` in your command to use Azure Active Directory (Azure AD) for authorization if your login account is assigned required RBAC roles.
For more information about RBAC roles in storage, visit https://learn.microsoft.com/azure/storage/common/storage-auth-aad-rbac-cli.

In addition, setting the corresponding environment variables can avoid inputting credentials in your command. Please use --help to get more information about environment variable usage.
ERROR: The MD5 value specified in the request is invalid. MD5 value must be 128 bits and base64 encoded.
RequestId:9bee6a55-801e-00ee-3dfe-a24f53000000
Time:2026-02-21T06:54:55.2650170Z
ErrorCode:InvalidMd5

[2026-02-21 01:55:02] Upload failed for fe636abe-29f7-5ef6-b921-42f5eac7abe8.mp3: WARNING: 
There are no credentials provided in your command and environment, we will query for account key for your storage account.
It is recommended to provide --connection-string, --account-key or --sas-token in your command as credentials.

You also can add `--auth-mode login` in your command to use Azure Active Directory (Azure AD) for authorization if your login account is assigned required RBAC roles.
For more information about RBAC roles in storage, visit https://learn.microsoft.com/azure/storage/common/storage-auth-aad-rbac-cli.

In addition, setting the corresponding environment variables can avoid inputting credentials in your command. Please use --help to get more information about environment variable usage.
ERROR: The MD5 value specified in the request is invalid. MD5 value must be 128 bits and base64 encoded.
RequestId:558c72e7-701e-0031-46fe-a20469000000
Time:2026-02-21T06:55:00.0416534Z
ErrorCode:InvalidMd5

[2026-02-21 01:55:07] Upload failed for eb2e45b6-a47b-5d86-ad8c-bf0fdba5523e.mp3: WARNING: 
There are no credentials provided in your command and environment, we will query for account key for your storage account.
It is recommended to provide --connection-string, --account-key or --sas-token in your command as credentials.

You also can add `--auth-mode login` in your command to use Azure Active Directory (Azure AD) for authorization if your login account is assigned required RBAC roles.
For more information about RBAC roles in storage, visit https://learn.microsoft.com/azure/storage/common/storage-auth-aad-rbac-cli.

In addition, setting the corresponding environment variables can avoid inputting credentials in your command. Please use --help to get more information about environment variable usage.
ERROR: The MD5 value specified in the request is invalid. MD5 value must be 128 bits and base64 encoded.
RequestId:aa750f40-c01e-009d-5dff-a217c0000000
Time:2026-02-21T06:55:04.8290909Z
ErrorCode:InvalidMd5

[2026-02-21 01:55:10] Upload failed for 80902557-7d0d-5ebd-8445-7287109ba952.mp3: WARNING: 
There are no credentials provided in your command and environment, we will query for account key for your storage account.
It is recommended to provide --connection-string, --account-key or --sas-token in your command as credentials.

You also can add `--auth-mode login` in your command to use Azure Active Directory (Azure AD) for authorization if your login account is assigned required RBAC roles.
For more information about RBAC roles in storage, visit https://learn.microsoft.com/azure/storage/common/storage-auth-aad-rbac-cli.

In addition, setting the corresponding environment variables can avoid inputting credentials in your command. Please use --help to get more information about environment variable usage.
ERROR: The MD5 value specified in the request is invalid. MD5 value must be 128 bits and base64 encoded.
RequestId:2f4f7788-701e-00d5-27ff-a20af7000000
Time:2026-02-21T06:55:09.8694938Z
ErrorCode:InvalidMd5

[2026-02-21 01:55:13] Upload failed for 305e2e2e-cc0c-5f8f-9b4f-d68ad7ee6ca0.mp3: WARNING: 
There are no credentials provided in your command and environment, we will query for account key for your storage account.
It is recommended to provide --connection-string, --account-key or --sas-token in your command as credentials.

You also can add `--auth-mode login` in your command to use Azure Active Directory (Azure AD) for authorization if your login account is assigned required RBAC roles.
For more information about RBAC roles in storage, visit https://learn.microsoft.com/azure/storage/common/storage-auth-aad-rbac-cli.

In addition, setting the corresponding environment variables can avoid inputting credentials in your command. Please use --help to get more information about environment variable usage.
ERROR: The MD5 value specified in the request is invalid. MD5 value must be 128 bits and base64 encoded.
RequestId:087ba398-801e-0035-29ff-a2896e000000
Time:2026-02-21T06:55:12.9423885Z
ErrorCode:InvalidMd5

[2026-02-21 01:55:16] Upload failed for f2014f6e-0ad3-5442-b8f6-03ffe9771b0b.mp3: WARNING: 
There are no credentials provided in your command and environment, we will query for account key for your storage account.
It is recommended to provide --connection-string, --account-key or --sas-token in your command as credentials.

You also can add `--auth-mode login` in your command to use Azure Active Directory (Azure AD) for authorization if your login account is assigned required RBAC roles.
For more information about RBAC roles in storage, visit https://learn.microsoft.com/azure/storage/common/storage-auth-aad-rbac-cli.

In addition, setting the corresponding environment variables can avoid inputting credentials in your command. Please use --help to get more information about environment variable usage.
ERROR: The MD5 value specified in the request is invalid. MD5 value must be 128 bits and base64 encoded.
RequestId:7e585726-a01e-009b-60ff-a2247f000000
Time:2026-02-21T06:55:15.7930149Z
ErrorCode:InvalidMd5

[2026-02-21 01:55:18] Upload failed for 0a1e67f6-9db7-51fb-865e-6cb59988e8b1.mp3: WARNING: 
There are no credentials provided in your command and environment, we will query for account key for your storage account.
It is recommended to provide --connection-string, --account-key or --sas-token in your command as credentials.

You also can add `--auth-mode login` in your command to use Azure Active Directory (Azure AD) for authorization if your login account is assigned required RBAC roles.
For more information about RBAC roles in storage, visit https://learn.microsoft.com/azure/storage/common/storage-auth-aad-rbac-cli.

In addition, setting the corresponding environment variables can avoid inputting credentials in your command. Please use --help to get more information about environment variable usage.
ERROR: The MD5 value specified in the request is invalid. MD5 value must be 128 bits and base64 encoded.
RequestId:c707ac63-401e-0067-64ff-a2f586000000
Time:2026-02-21T06:55:18.3724553Z
ErrorCode:InvalidMd5

[2026-02-21 01:55:21] Upload failed for 5e4692b8-631b-554e-9434-9e1f4b320fba.mp3: WARNING: 
There are no credentials provided in your command and environment, we will query for account key for your storage account.
It is recommended to provide --connection-string, --account-key or --sas-token in your command as credentials.

You also can add `--auth-mode login` in your command to use Azure Active Directory (Azure AD) for authorization if your login account is assigned required RBAC roles.
For more information about RBAC roles in storage, visit https://learn.microsoft.com/azure/storage/common/storage-auth-aad-rbac-cli.

In addition, setting the corresponding environment variables can avoid inputting credentials in your command. Please use --help to get more information about environment variable usage.
ERROR: The MD5 value specified in the request is invalid. MD5 value must be 128 bits and base64 encoded.
RequestId:73d8caa2-e01e-008a-6cff-a2becb000000
Time:2026-02-21T06:55:21.3430468Z
ErrorCode:InvalidMd5

[2026-02-21 01:55:24] Upload failed for f2014f6e-0ad3-5442-b8f6-03ffe9771b0b.mp3: WARNING: 
There are no credentials provided in your command and environment, we will query for account key for your storage account.
It is recommended to provide --connection-string, --account-key or --sas-token in your command as credentials.

You also can add `--auth-mode login` in your command to use Azure Active Directory (Azure AD) for authorization if your login account is assigned required RBAC roles.
For more information about RBAC roles in storage, visit https://learn.microsoft.com/azure/storage/common/storage-auth-aad-rbac-cli.

In addition, setting the corresponding environment variables can avoid inputting credentials in your command. Please use --help to get more information about environment variable usage.
ERROR: The MD5 value specified in the request is invalid. MD5 value must be 128 bits and base64 encoded.
RequestId:a4689b26-301e-0099-40ff-a29ac7000000
Time:2026-02-21T06:55:23.9760814Z
ErrorCode:InvalidMd5

[2026-02-21 01:55:26] Upload failed for 88cf5746-d8f1-5a21-b9fd-9a540c44b533.mp3: WARNING: 
There are no credentials provided in your command and environment, we will query for account key for your storage account.
It is recommended to provide --connection-string, --account-key or --sas-token in your command as credentials.

You also can add `--auth-mode login` in your command to use Azure Active Directory (Azure AD) for authorization if your login account is assigned required RBAC roles.
For more information about RBAC roles in storage, visit https://learn.microsoft.com/azure/storage/common/storage-auth-aad-rbac-cli.

In addition, setting the corresponding environment variables can avoid inputting credentials in your command. Please use --help to get more information about environment variable usage.
ERROR: The MD5 value specified in the request is invalid. MD5 value must be 128 bits and base64 encoded.
RequestId:65f6348d-c01e-0079-1cff-a2195e000000
Time:2026-02-21T06:55:26.6041927Z
ErrorCode:InvalidMd5

[2026-02-21 01:55:29] Upload failed for 77f4174f-6759-55dc-ac15-934bed6288e0.mp3: WARNING: 
There are no credentials provided in your command and environment, we will query for account key for your storage account.
It is recommended to provide --connection-string, --account-key or --sas-token in your command as credentials.

You also can add `--auth-mode login` in your command to use Azure Active Directory (Azure AD) for authorization if your login account is assigned required RBAC roles.
For more information about RBAC roles in storage, visit https://learn.microsoft.com/azure/storage/common/storage-auth-aad-rbac-cli.

In addition, setting the corresponding environment variables can avoid inputting credentials in your command. Please use --help to get more information about environment variable usage.
ERROR: The MD5 value specified in the request is invalid. MD5 value must be 128 bits and base64 encoded.
RequestId:53eb1899-601e-00ab-12ff-a29ab0000000
Time:2026-02-21T06:55:29.4217328Z
ErrorCode:InvalidMd5

[2026-02-21 01:55:32] Upload failed for ccd473ab-2dd5-522e-8485-0ead7ee3601a.mp3: WARNING: 
There are no credentials provided in your command and environment, we will query for account key for your storage account.
It is recommended to provide --connection-string, --account-key or --sas-token in your command as credentials.

You also can add `--auth-mode login` in your command to use Azure Active Directory (Azure AD) for authorization if your login account is assigned required RBAC roles.
For more information about RBAC roles in storage, visit https://learn.microsoft.com/azure/storage/common/storage-auth-aad-rbac-cli.

In addition, setting the corresponding environment variables can avoid inputting credentials in your command. Please use --help to get more information about environment variable usage.
ERROR: The MD5 value specified in the request is invalid. MD5 value must be 128 bits and base64 encoded.
RequestId:93b8e1bd-601e-0060-1eff-a299e5000000
Time:2026-02-21T06:55:31.9345202Z
ErrorCode:InvalidMd5

[2026-02-21 01:55:35] Upload failed for 4611b258-2f79-5a89-b030-badea713ffa9.mp3: WARNING: 
There are no credentials provided in your command and environment, we will query for account key for your storage account.
It is recommended to provide --connection-string, --account-key or --sas-token in your command as credentials.

You also can add `--auth-mode login` in your command to use Azure Active Directory (Azure AD) for authorization if your login account is assigned required RBAC roles.
For more information about RBAC roles in storage, visit https://learn.microsoft.com/azure/storage/common/storage-auth-aad-rbac-cli.

In addition, setting the corresponding environment variables can avoid inputting credentials in your command. Please use --help to get more information about environment variable usage.
ERROR: The MD5 value specified in the request is invalid. MD5 value must be 128 bits and base64 encoded.
RequestId:9dc1f6c6-201e-00d8-46ff-a2c223000000
Time:2026-02-21T06:55:35.0250888Z
ErrorCode:InvalidMd5

[2026-02-21 01:55:38] Upload failed for f551a26f-b630-5c63-b5fa-9ce6d371a674.mp3: WARNING: 
There are no credentials provided in your command and environment, we will query for account key for your storage account.
It is recommended to provide --connection-string, --account-key or --sas-token in your command as credentials.

You also can add `--auth-mode login` in your command to use Azure Active Directory (Azure AD) for authorization if your login account is assigned required RBAC roles.
For more information about RBAC roles in storage, visit https://learn.microsoft.com/azure/storage/common/storage-auth-aad-rbac-cli.

In addition, setting the corresponding environment variables can avoid inputting credentials in your command. Please use --help to get more information about environment variable usage.
ERROR: The MD5 value specified in the request is invalid. MD5 value must be 128 bits and base64 encoded.
RequestId:46107430-d01e-00f3-78ff-a242ef000000
Time:2026-02-21T06:55:38.0048066Z
ErrorCode:InvalidMd5

[2026-02-21 01:55:40] Upload failed for 5fe9ec2c-9071-5808-85f8-e4ad9bac9542.mp3: WARNING: 
There are no credentials provided in your command and environment, we will query for account key for your storage account.
It is recommended to provide --connection-string, --account-key or --sas-token in your command as credentials.

You also can add `--auth-mode login` in your command to use Azure Active Directory (Azure AD) for authorization if your login account is assigned required RBAC roles.
For more information about RBAC roles in storage, visit https://learn.microsoft.com/azure/storage/common/storage-auth-aad-rbac-cli.

In addition, setting the corresponding environment variables can avoid inputting credentials in your command. Please use --help to get more information about environment variable usage.
ERROR: The MD5 value specified in the request is invalid. MD5 value must be 128 bits and base64 encoded.
RequestId:16ddc643-d01e-00ae-0eff-a2486b000000
Time:2026-02-21T06:55:40.5815247Z
ErrorCode:InvalidMd5

[2026-02-21 01:55:43] Upload failed for a87b5c09-7a9b-5dfe-af12-e1ba38be6e7e.mp3: WARNING: 
There are no credentials provided in your command and environment, we will query for account key for your storage account.
It is recommended to provide --connection-string, --account-key or --sas-token in your command as credentials.

You also can add `--auth-mode login` in your command to use Azure Active Directory (Azure AD) for authorization if your login account is assigned required RBAC roles.
For more information about RBAC roles in storage, visit https://learn.microsoft.com/azure/storage/common/storage-auth-aad-rbac-cli.

In addition, setting the corresponding environment variables can avoid inputting credentials in your command. Please use --help to get more information about environment variable usage.
ERROR: The MD5 value specified in the request is invalid. MD5 value must be 128 bits and base64 encoded.
RequestId:6a608ae9-b01e-00da-64ff-a27c9b000000
Time:2026-02-21T06:55:43.5659441Z
ErrorCode:InvalidMd5

[2026-02-21 01:55:46] Upload failed for 0a1e67f6-9db7-51fb-865e-6cb59988e8b1.mp3: WARNING: 
There are no credentials provided in your command and environment, we will query for account key for your storage account.
It is recommended to provide --connection-string, --account-key or --sas-token in your command as credentials.

You also can add `--auth-mode login` in your command to use Azure Active Directory (Azure AD) for authorization if your login account is assigned required RBAC roles.
For more information about RBAC roles in storage, visit https://learn.microsoft.com/azure/storage/common/storage-auth-aad-rbac-cli.

In addition, setting the corresponding environment variables can avoid inputting credentials in your command. Please use --help to get more information about environment variable usage.
ERROR: The MD5 value specified in the request is invalid. MD5 value must be 128 bits and base64 encoded.
RequestId:291d9305-a01e-007f-63ff-a22ae1000000
Time:2026-02-21T06:55:46.3017036Z
ErrorCode:InvalidMd5

[2026-02-21 01:55:49] Upload failed for 0a1e67f6-9db7-51fb-865e-6cb59988e8b1.mp3: WARNING: 
There are no credentials provided in your command and environment, we will query for account key for your storage account.
It is recommended to provide --connection-string, --account-key or --sas-token in your command as credentials.

You also can add `--auth-mode login` in your command to use Azure Active Directory (Azure AD) for authorization if your login account is assigned required RBAC roles.
For more information about RBAC roles in storage, visit https://learn.microsoft.com/azure/storage/common/storage-auth-aad-rbac-cli.

In addition, setting the corresponding environment variables can avoid inputting credentials in your command. Please use --help to get more information about environment variable usage.
ERROR: The MD5 value specified in the request is invalid. MD5 value must be 128 bits and base64 encoded.
RequestId:bbb73524-e01e-00c7-28ff-a27127000000
Time:2026-02-21T06:55:48.9405779Z
ErrorCode:InvalidMd5

[2026-02-21 01:55:52] Upload failed for 4611b258-2f79-5a89-b030-badea713ffa9.mp3: WARNING: 
There are no credentials provided in your command and environment, we will query for account key for your storage account.
It is recommended to provide --connection-string, --account-key or --sas-token in your command as credentials.

You also can add `--auth-mode login` in your command to use Azure Active Directory (Azure AD) for authorization if your login account is assigned required RBAC roles.
For more information about RBAC roles in storage, visit https://learn.microsoft.com/azure/storage/common/storage-auth-aad-rbac-cli.

In addition, setting the corresponding environment variables can avoid inputting credentials in your command. Please use --help to get more information about environment variable usage.
ERROR: The MD5 value specified in the request is invalid. MD5 value must be 128 bits and base64 encoded.
RequestId:fe6409f9-501e-00a0-32ff-a261db000000
Time:2026-02-21T06:55:51.7266755Z
ErrorCode:InvalidMd5

[2026-02-21 01:55:54] Upload failed for ac02a3e3-370b-5cd5-a2ae-873d2d0b5276.mp3: WARNING: 
There are no credentials provided in your command and environment, we will query for account key for your storage account.
It is recommended to provide --connection-string, --account-key or --sas-token in your command as credentials.

You also can add `--auth-mode login` in your command to use Azure Active Directory (Azure AD) for authorization if your login account is assigned required RBAC roles.
For more information about RBAC roles in storage, visit https://learn.microsoft.com/azure/storage/common/storage-auth-aad-rbac-cli.

In addition, setting the corresponding environment variables can avoid inputting credentials in your command. Please use --help to get more information about environment variable usage.
ERROR: The MD5 value specified in the request is invalid. MD5 value must be 128 bits and base64 encoded.
RequestId:3822f32f-901e-0006-35ff-a2d6c5000000
Time:2026-02-21T06:55:54.6084775Z
ErrorCode:InvalidMd5

[2026-02-21 01:55:57] Upload failed for bf866f52-40a7-590f-930d-48866c44653a.mp3: WARNING: 
There are no credentials provided in your command and environment, we will query for account key for your storage account.
It is recommended to provide --connection-string, --account-key or --sas-token in your command as credentials.

You also can add `--auth-mode login` in your command to use Azure Active Directory (Azure AD) for authorization if your login account is assigned required RBAC roles.
For more information about RBAC roles in storage, visit https://learn.microsoft.com/azure/storage/common/storage-auth-aad-rbac-cli.

In addition, setting the corresponding environment variables can avoid inputting credentials in your command. Please use --help to get more information about environment variable usage.
ERROR: The MD5 value specified in the request is invalid. MD5 value must be 128 bits and base64 encoded.
RequestId:85c896cd-e01e-0051-7dff-a278f6000000
Time:2026-02-21T06:55:56.9612172Z
ErrorCode:InvalidMd5

[2026-02-21 01:56:00] Upload failed for e6e2c6e6-2a67-55ec-88ae-9bbcba10fdcc.mp3: WARNING: 
There are no credentials provided in your command and environment, we will query for account key for your storage account.
It is recommended to provide --connection-string, --account-key or --sas-token in your command as credentials.

You also can add `--auth-mode login` in your command to use Azure Active Directory (Azure AD) for authorization if your login account is assigned required RBAC roles.
For more information about RBAC roles in storage, visit https://learn.microsoft.com/azure/storage/common/storage-auth-aad-rbac-cli.

In addition, setting the corresponding environment variables can avoid inputting credentials in your command. Please use --help to get more information about environment variable usage.
ERROR: The MD5 value specified in the request is invalid. MD5 value must be 128 bits and base64 encoded.
RequestId:7e58a601-a01e-009b-21ff-a2247f000000
Time:2026-02-21T06:55:59.6711097Z
ErrorCode:InvalidMd5

[2026-02-21 01:56:53] Azure CLI OK: Ybotman Azure subscription Personal
[2026-02-21 01:56:53] Ensuring container 'v20' exists with public blob access...
[2026-02-21 01:58:00] Container ready: v20
[2026-02-21 01:58:00] Found 50 songs to upload
[2026-02-21 01:58:00] Processing sample of 50 songs
[2026-02-21 01:58:00] 
Starting upload...
[2026-02-21 01:58:13] Upload failed for 16b2fad9-46d8-52ab-b782-fbecc873adcd.mp3: WARNING: 
There are no credentials provided in your command and environment, we will query for account key for your storage account.
It is recommended to provide --connection-string, --account-key or --sas-token in your command as credentials.

You also can add `--auth-mode login` in your command to use Azure Active Directory (Azure AD) for authorization if your login account is assigned required RBAC roles.
For more information about RBAC roles in storage, visit https://learn.microsoft.com/azure/storage/common/storage-auth-aad-rbac-cli.

In addition, setting the corresponding environment variables can avoid inputting credentials in your command. Please use --help to get more information about environment variable usage.
ERROR: The specified blob already exists.
RequestId:c9e37b23-101e-009e-45ff-a2f6a4000000
Time:2026-02-21T06:58:13.0442292Z
ErrorCode:BlobAlreadyExists
If you want to overwrite the existing one, please add --overwrite in your command.

[2026-02-21 01:58:24] Upload failed for 74c64bb7-0d62-5bb2-9bf4-13570955a0cd.mp3: WARNING: 
There are no credentials provided in your command and environment, we will query for account key for your storage account.
It is recommended to provide --connection-string, --account-key or --sas-token in your command as credentials.

You also can add `--auth-mode login` in your command to use Azure Active Directory (Azure AD) for authorization if your login account is assigned required RBAC roles.
For more information about RBAC roles in storage, visit https://learn.microsoft.com/azure/storage/common/storage-auth-aad-rbac-cli.

In addition, setting the corresponding environment variables can avoid inputting credentials in your command. Please use --help to get more information about environment variable usage.
ERROR: The specified blob already exists.
RequestId:02b631e4-a01e-00d6-52ff-a2eb93000000
Time:2026-02-21T06:58:23.8818650Z
ErrorCode:BlobAlreadyExists
If you want to overwrite the existing one, please add --overwrite in your command.

[2026-02-21 01:58:32] Upload failed for eb2e45b6-a47b-5d86-ad8c-bf0fdba5523e.mp3: WARNING: 
There are no credentials provided in your command and environment, we will query for account key for your storage account.
It is recommended to provide --connection-string, --account-key or --sas-token in your command as credentials.

You also can add `--auth-mode login` in your command to use Azure Active Directory (Azure AD) for authorization if your login account is assigned required RBAC roles.
For more information about RBAC roles in storage, visit https://learn.microsoft.com/azure/storage/common/storage-auth-aad-rbac-cli.

In addition, setting the corresponding environment variables can avoid inputting credentials in your command. Please use --help to get more information about environment variable usage.
ERROR: The specified blob already exists.
RequestId:d687ee50-e01e-0023-67ff-a27fb9000000
Time:2026-02-21T06:58:32.6161222Z
ErrorCode:BlobAlreadyExists
If you want to overwrite the existing one, please add --overwrite in your command.

[2026-02-21 01:58:40] Upload failed for eb2e45b6-a47b-5d86-ad8c-bf0fdba5523e.mp3: WARNING: 
There are no credentials provided in your command and environment, we will query for account key for your storage account.
It is recommended to provide --connection-string, --account-key or --sas-token in your command as credentials.

You also can add `--auth-mode login` in your command to use Azure Active Directory (Azure AD) for authorization if your login account is assigned required RBAC roles.
For more information about RBAC roles in storage, visit https://learn.microsoft.com/azure/storage/common/storage-auth-aad-rbac-cli.

In addition, setting the corresponding environment variables can avoid inputting credentials in your command. Please use --help to get more information about environment variable usage.
ERROR: The specified blob already exists.
RequestId:3f22ca03-f01e-005d-26ff-a2effe000000
Time:2026-02-21T06:58:40.1170724Z
ErrorCode:BlobAlreadyExists
If you want to overwrite the existing one, please add --overwrite in your command.

[2026-02-21 01:58:51] Upload failed for f2014f6e-0ad3-5442-b8f6-03ffe9771b0b.mp3: WARNING: 
There are no credentials provided in your command and environment, we will query for account key for your storage account.
It is recommended to provide --connection-string, --account-key or --sas-token in your command as credentials.

You also can add `--auth-mode login` in your command to use Azure Active Directory (Azure AD) for authorization if your login account is assigned required RBAC roles.
For more information about RBAC roles in storage, visit https://learn.microsoft.com/azure/storage/common/storage-auth-aad-rbac-cli.

In addition, setting the corresponding environment variables can avoid inputting credentials in your command. Please use --help to get more information about environment variable usage.
ERROR: The specified blob already exists.
RequestId:a2835913-001e-00ad-07ff-a2a90f000000
Time:2026-02-21T06:58:51.6068507Z
ErrorCode:BlobAlreadyExists
If you want to overwrite the existing one, please add --overwrite in your command.

[2026-02-21 01:59:06] Upload failed for 0a1e67f6-9db7-51fb-865e-6cb59988e8b1.mp3: WARNING: 
There are no credentials provided in your command and environment, we will query for account key for your storage account.
It is recommended to provide --connection-string, --account-key or --sas-token in your command as credentials.

You also can add `--auth-mode login` in your command to use Azure Active Directory (Azure AD) for authorization if your login account is assigned required RBAC roles.
For more information about RBAC roles in storage, visit https://learn.microsoft.com/azure/storage/common/storage-auth-aad-rbac-cli.

In addition, setting the corresponding environment variables can avoid inputting credentials in your command. Please use --help to get more information about environment variable usage.
ERROR: The specified blob already exists.
RequestId:4e4ae574-601e-00c9-53ff-a25897000000
Time:2026-02-21T06:59:06.5474109Z
ErrorCode:BlobAlreadyExists
If you want to overwrite the existing one, please add --overwrite in your command.

[2026-02-21 01:59:08] Upload failed for 0a1e67f6-9db7-51fb-865e-6cb59988e8b1.mp3: WARNING: 
There are no credentials provided in your command and environment, we will query for account key for your storage account.
It is recommended to provide --connection-string, --account-key or --sas-token in your command as credentials.

You also can add `--auth-mode login` in your command to use Azure Active Directory (Azure AD) for authorization if your login account is assigned required RBAC roles.
For more information about RBAC roles in storage, visit https://learn.microsoft.com/azure/storage/common/storage-auth-aad-rbac-cli.

In addition, setting the corresponding environment variables can avoid inputting credentials in your command. Please use --help to get more information about environment variable usage.
ERROR: The specified blob already exists.
RequestId:bbb8de2a-e01e-00c7-44ff-a27127000000
Time:2026-02-21T06:59:08.3622914Z
ErrorCode:BlobAlreadyExists
If you want to overwrite the existing one, please add --overwrite in your command.

[2026-02-21 01:59:10] Upload failed for 4611b258-2f79-5a89-b030-badea713ffa9.mp3: WARNING: 
There are no credentials provided in your command and environment, we will query for account key for your storage account.
It is recommended to provide --connection-string, --account-key or --sas-token in your command as credentials.

You also can add `--auth-mode login` in your command to use Azure Active Directory (Azure AD) for authorization if your login account is assigned required RBAC roles.
For more information about RBAC roles in storage, visit https://learn.microsoft.com/azure/storage/common/storage-auth-aad-rbac-cli.

In addition, setting the corresponding environment variables can avoid inputting credentials in your command. Please use --help to get more information about environment variable usage.
ERROR: The specified blob already exists.
RequestId:311224bd-301e-006d-27ff-a25131000000
Time:2026-02-21T06:59:10.3948435Z
ErrorCode:BlobAlreadyExists
If you want to overwrite the existing one, please add --overwrite in your command.

[2026-02-21 02:00:02] Progress: 50/50 (100.0%)
[2026-02-21 09:17:54] Azure CLI OK: Ybotman Azure subscription Personal
[2026-02-21 09:17:54] Ensuring container 'v20' exists with public blob access...
[2026-02-21 09:17:55] Container ready: v20
[2026-02-21 09:17:55] Found 50 songs to upload
[2026-02-21 09:17:55] 
Starting upload...
[2026-02-21 09:18:00] Upload failed for bc631b91-6611-51c3-ac8d-6be688432d6d.mp3: WARNING: 
There are no credentials provided in your command and environment, we will query for account key for your storage account.
It is recommended to provide --connection-string, --account-key or --sas-token in your command as credentials.

You also can add `--auth-mode login` in your command to use Azure Active Directory (Azure AD) for authorization if your login account is assigned required RBAC roles.
For more information about RBAC roles in storage, visit https://learn.microsoft.com/azure/storage/common/storage-auth-aad-rbac-cli.

In addition, setting the corresponding environment variables can avoid inputting credentials in your command. Please use --help to get more information about environment variable usage.
ERROR: The specified blob already exists.
RequestId:e7a2dfa3-101e-00d3-753c-a33948000000
Time:2026-02-21T14:18:00.1381513Z
ErrorCode:BlobAlreadyExists
If you want to overwrite the existing one, please add --overwrite in your command.

[2026-02-21 09:18:04] Upload failed for 16b2fad9-46d8-52ab-b782-fbecc873adcd.mp3: WARNING: 
There are no credentials provided in your command and environment, we will query for account key for your storage account.
It is recommended to provide --connection-string, --account-key or --sas-token in your command as credentials.

You also can add `--auth-mode login` in your command to use Azure Active Directory (Azure AD) for authorization if your login account is assigned required RBAC roles.
For more information about RBAC roles in storage, visit https://learn.microsoft.com/azure/storage/common/storage-auth-aad-rbac-cli.

In addition, setting the corresponding environment variables can avoid inputting credentials in your command. Please use --help to get more information about environment variable usage.
ERROR: The specified blob already exists.
RequestId:14eae335-401e-0077-783c-a330ee000000
Time:2026-02-21T14:18:04.2289341Z
ErrorCode:BlobAlreadyExists
If you want to overwrite the existing one, please add --overwrite in your command.

[2026-02-21 09:18:11] Upload failed for bfc77548-cd50-58a6-8a6e-87a82c876aff.mp3: WARNING: 
There are no credentials provided in your command and environment, we will query for account key for your storage account.
It is recommended to provide --connection-string, --account-key or --sas-token in your command as credentials.

You also can add `--auth-mode login` in your command to use Azure Active Directory (Azure AD) for authorization if your login account is assigned required RBAC roles.
For more information about RBAC roles in storage, visit https://learn.microsoft.com/azure/storage/common/storage-auth-aad-rbac-cli.

In addition, setting the corresponding environment variables can avoid inputting credentials in your command. Please use --help to get more information about environment variable usage.
ERROR: The specified blob already exists.
RequestId:0fd2d236-b01e-00e5-473c-a3b438000000
Time:2026-02-21T14:18:11.2329182Z
ErrorCode:BlobAlreadyExists
If you want to overwrite the existing one, please add --overwrite in your command.

[2026-02-21 09:18:13] Upload failed for 6077a0c0-554c-5343-8505-d675a5a12c7e.mp3: WARNING: 
There are no credentials provided in your command and environment, we will query for account key for your storage account.
It is recommended to provide --connection-string, --account-key or --sas-token in your command as credentials.

You also can add `--auth-mode login` in your command to use Azure Active Directory (Azure AD) for authorization if your login account is assigned required RBAC roles.
For more information about RBAC roles in storage, visit https://learn.microsoft.com/azure/storage/common/storage-auth-aad-rbac-cli.

In addition, setting the corresponding environment variables can avoid inputting credentials in your command. Please use --help to get more information about environment variable usage.
ERROR: The specified blob already exists.
RequestId:32b8ead0-f01e-0010-6d3c-a32012000000
Time:2026-02-21T14:18:13.6151070Z
ErrorCode:BlobAlreadyExists
If you want to overwrite the existing one, please add --overwrite in your command.

[2026-02-21 09:18:19] Upload failed for 16b2fad9-46d8-52ab-b782-fbecc873adcd.mp3: WARNING: 
There are no credentials provided in your command and environment, we will query for account key for your storage account.
It is recommended to provide --connection-string, --account-key or --sas-token in your command as credentials.

You also can add `--auth-mode login` in your command to use Azure Active Directory (Azure AD) for authorization if your login account is assigned required RBAC roles.
For more information about RBAC roles in storage, visit https://learn.microsoft.com/azure/storage/common/storage-auth-aad-rbac-cli.

In addition, setting the corresponding environment variables can avoid inputting credentials in your command. Please use --help to get more information about environment variable usage.
ERROR: The specified blob already exists.
RequestId:1f1f9c7f-601e-00e6-723c-a3555c000000
Time:2026-02-21T14:18:19.2930988Z
ErrorCode:BlobAlreadyExists
If you want to overwrite the existing one, please add --overwrite in your command.

[2026-02-21 09:18:21] Upload failed for 74c64bb7-0d62-5bb2-9bf4-13570955a0cd.mp3: WARNING: 
There are no credentials provided in your command and environment, we will query for account key for your storage account.
It is recommended to provide --connection-string, --account-key or --sas-token in your command as credentials.

You also can add `--auth-mode login` in your command to use Azure Active Directory (Azure AD) for authorization if your login account is assigned required RBAC roles.
For more information about RBAC roles in storage, visit https://learn.microsoft.com/azure/storage/common/storage-auth-aad-rbac-cli.

In addition, setting the corresponding environment variables can avoid inputting credentials in your command. Please use --help to get more information about environment variable usage.
ERROR: The specified blob already exists.
RequestId:90c0d7d0-001e-0076-5b3c-a36f32000000
Time:2026-02-21T14:18:21.4580423Z
ErrorCode:BlobAlreadyExists
If you want to overwrite the existing one, please add --overwrite in your command.

[2026-02-21 09:18:26] Upload failed for e944b0dd-63c7-5cc5-8dc5-4998db6adf19.mp3: WARNING: 
There are no credentials provided in your command and environment, we will query for account key for your storage account.
It is recommended to provide --connection-string, --account-key or --sas-token in your command as credentials.

You also can add `--auth-mode login` in your command to use Azure Active Directory (Azure AD) for authorization if your login account is assigned required RBAC roles.
For more information about RBAC roles in storage, visit https://learn.microsoft.com/azure/storage/common/storage-auth-aad-rbac-cli.

In addition, setting the corresponding environment variables can avoid inputting credentials in your command. Please use --help to get more information about environment variable usage.
ERROR: The specified blob already exists.
RequestId:9b66f1e7-b01e-0087-743c-a3761f000000
Time:2026-02-21T14:18:25.8529843Z
ErrorCode:BlobAlreadyExists
If you want to overwrite the existing one, please add --overwrite in your command.

[2026-02-21 09:18:31] Upload failed for 6cdaed7e-f563-5671-9692-971158082943.mp3: WARNING: 
There are no credentials provided in your command and environment, we will query for account key for your storage account.
It is recommended to provide --connection-string, --account-key or --sas-token in your command as credentials.

You also can add `--auth-mode login` in your command to use Azure Active Directory (Azure AD) for authorization if your login account is assigned required RBAC roles.
For more information about RBAC roles in storage, visit https://learn.microsoft.com/azure/storage/common/storage-auth-aad-rbac-cli.

In addition, setting the corresponding environment variables can avoid inputting credentials in your command. Please use --help to get more information about environment variable usage.
ERROR: The specified blob already exists.
RequestId:0889f1bd-e01e-00d7-663c-a3b44f000000
Time:2026-02-21T14:18:30.9445054Z
ErrorCode:BlobAlreadyExists
If you want to overwrite the existing one, please add --overwrite in your command.

[2026-02-21 09:18:33] Upload failed for 74c64bb7-0d62-5bb2-9bf4-13570955a0cd.mp3: WARNING: 
There are no credentials provided in your command and environment, we will query for account key for your storage account.
It is recommended to provide --connection-string, --account-key or --sas-token in your command as credentials.

You also can add `--auth-mode login` in your command to use Azure Active Directory (Azure AD) for authorization if your login account is assigned required RBAC roles.
For more information about RBAC roles in storage, visit https://learn.microsoft.com/azure/storage/common/storage-auth-aad-rbac-cli.

In addition, setting the corresponding environment variables can avoid inputting credentials in your command. Please use --help to get more information about environment variable usage.
ERROR: The specified blob already exists.
RequestId:703a012c-301e-00fb-5f3c-a358e0000000
Time:2026-02-21T14:18:33.1198441Z
ErrorCode:BlobAlreadyExists
If you want to overwrite the existing one, please add --overwrite in your command.

[2026-02-21 09:18:35] Upload failed for 99e62e6d-c4eb-5997-bc97-25344bc21207.mp3: WARNING: 
There are no credentials provided in your command and environment, we will query for account key for your storage account.
It is recommended to provide --connection-string, --account-key or --sas-token in your command as credentials.

You also can add `--auth-mode login` in your command to use Azure Active Directory (Azure AD) for authorization if your login account is assigned required RBAC roles.
For more information about RBAC roles in storage, visit https://learn.microsoft.com/azure/storage/common/storage-auth-aad-rbac-cli.

In addition, setting the corresponding environment variables can avoid inputting credentials in your command. Please use --help to get more information about environment variable usage.
ERROR: The specified blob already exists.
RequestId:b2b1f5d9-501e-007b-603c-a3a7e6000000
Time:2026-02-21T14:18:35.2963624Z
ErrorCode:BlobAlreadyExists
If you want to overwrite the existing one, please add --overwrite in your command.

[2026-02-21 09:18:39] Upload failed for eb2e45b6-a47b-5d86-ad8c-bf0fdba5523e.mp3: WARNING: 
There are no credentials provided in your command and environment, we will query for account key for your storage account.
It is recommended to provide --connection-string, --account-key or --sas-token in your command as credentials.

You also can add `--auth-mode login` in your command to use Azure Active Directory (Azure AD) for authorization if your login account is assigned required RBAC roles.
For more information about RBAC roles in storage, visit https://learn.microsoft.com/azure/storage/common/storage-auth-aad-rbac-cli.

In addition, setting the corresponding environment variables can avoid inputting credentials in your command. Please use --help to get more information about environment variable usage.
ERROR: The specified blob already exists.
RequestId:5685b3b3-301e-0042-123c-a35cfa000000
Time:2026-02-21T14:18:39.6246178Z
ErrorCode:BlobAlreadyExists
If you want to overwrite the existing one, please add --overwrite in your command.

[2026-02-21 09:18:44] Upload failed for eb2e45b6-a47b-5d86-ad8c-bf0fdba5523e.mp3: WARNING: 
There are no credentials provided in your command and environment, we will query for account key for your storage account.
It is recommended to provide --connection-string, --account-key or --sas-token in your command as credentials.

You also can add `--auth-mode login` in your command to use Azure Active Directory (Azure AD) for authorization if your login account is assigned required RBAC roles.
For more information about RBAC roles in storage, visit https://learn.microsoft.com/azure/storage/common/storage-auth-aad-rbac-cli.

In addition, setting the corresponding environment variables can avoid inputting credentials in your command. Please use --help to get more information about environment variable usage.
ERROR: The specified blob already exists.
RequestId:c340de1a-401e-00f1-3d3c-a3fc57000000
Time:2026-02-21T14:18:44.0203447Z
ErrorCode:BlobAlreadyExists
If you want to overwrite the existing one, please add --overwrite in your command.

[2026-02-21 09:18:47] Upload failed for fe636abe-29f7-5ef6-b921-42f5eac7abe8.mp3: WARNING: 
There are no credentials provided in your command and environment, we will query for account key for your storage account.
It is recommended to provide --connection-string, --account-key or --sas-token in your command as credentials.

You also can add `--auth-mode login` in your command to use Azure Active Directory (Azure AD) for authorization if your login account is assigned required RBAC roles.
For more information about RBAC roles in storage, visit https://learn.microsoft.com/azure/storage/common/storage-auth-aad-rbac-cli.

In addition, setting the corresponding environment variables can avoid inputting credentials in your command. Please use --help to get more information about environment variable usage.
ERROR: The specified blob already exists.
RequestId:0ffc7b85-101e-0037-3f3c-a337d6000000
Time:2026-02-21T14:18:47.2096832Z
ErrorCode:BlobAlreadyExists
If you want to overwrite the existing one, please add --overwrite in your command.

[2026-02-21 09:18:51] Upload failed for eb2e45b6-a47b-5d86-ad8c-bf0fdba5523e.mp3: WARNING: 
There are no credentials provided in your command and environment, we will query for account key for your storage account.
It is recommended to provide --connection-string, --account-key or --sas-token in your command as credentials.

You also can add `--auth-mode login` in your command to use Azure Active Directory (Azure AD) for authorization if your login account is assigned required RBAC roles.
For more information about RBAC roles in storage, visit https://learn.microsoft.com/azure/storage/common/storage-auth-aad-rbac-cli.

In addition, setting the corresponding environment variables can avoid inputting credentials in your command. Please use --help to get more information about environment variable usage.
ERROR: The specified blob already exists.
RequestId:4096e616-701e-007c-3f3c-a3cb85000000
Time:2026-02-21T14:18:51.3593729Z
ErrorCode:BlobAlreadyExists
If you want to overwrite the existing one, please add --overwrite in your command.

[2026-02-21 09:18:54] Upload failed for 80902557-7d0d-5ebd-8445-7287109ba952.mp3: WARNING: 
There are no credentials provided in your command and environment, we will query for account key for your storage account.
It is recommended to provide --connection-string, --account-key or --sas-token in your command as credentials.

You also can add `--auth-mode login` in your command to use Azure Active Directory (Azure AD) for authorization if your login account is assigned required RBAC roles.
For more information about RBAC roles in storage, visit https://learn.microsoft.com/azure/storage/common/storage-auth-aad-rbac-cli.

In addition, setting the corresponding environment variables can avoid inputting credentials in your command. Please use --help to get more information about environment variable usage.
ERROR: The specified blob already exists.
RequestId:a1443e37-501e-00d2-0d3d-a36694000000
Time:2026-02-21T14:18:54.3905634Z
ErrorCode:BlobAlreadyExists
If you want to overwrite the existing one, please add --overwrite in your command.

[2026-02-21 09:18:56] Upload failed for 305e2e2e-cc0c-5f8f-9b4f-d68ad7ee6ca0.mp3: WARNING: 
There are no credentials provided in your command and environment, we will query for account key for your storage account.
It is recommended to provide --connection-string, --account-key or --sas-token in your command as credentials.

You also can add `--auth-mode login` in your command to use Azure Active Directory (Azure AD) for authorization if your login account is assigned required RBAC roles.
For more information about RBAC roles in storage, visit https://learn.microsoft.com/azure/storage/common/storage-auth-aad-rbac-cli.

In addition, setting the corresponding environment variables can avoid inputting credentials in your command. Please use --help to get more information about environment variable usage.
ERROR: The specified blob already exists.
RequestId:c992c4f5-e01e-000c-753d-a37272000000
Time:2026-02-21T14:18:56.2380329Z
ErrorCode:BlobAlreadyExists
If you want to overwrite the existing one, please add --overwrite in your command.

[2026-02-21 09:19:03] Upload failed for f2014f6e-0ad3-5442-b8f6-03ffe9771b0b.mp3: WARNING: 
There are no credentials provided in your command and environment, we will query for account key for your storage account.
It is recommended to provide --connection-string, --account-key or --sas-token in your command as credentials.

You also can add `--auth-mode login` in your command to use Azure Active Directory (Azure AD) for authorization if your login account is assigned required RBAC roles.
For more information about RBAC roles in storage, visit https://learn.microsoft.com/azure/storage/common/storage-auth-aad-rbac-cli.

In addition, setting the corresponding environment variables can avoid inputting credentials in your command. Please use --help to get more information about environment variable usage.
ERROR: The specified blob already exists.
RequestId:5defc4ff-d01e-00cc-763d-a38a4c000000
Time:2026-02-21T14:19:02.9729319Z
ErrorCode:BlobAlreadyExists
If you want to overwrite the existing one, please add --overwrite in your command.

[2026-02-21 09:19:05] Upload failed for 0a1e67f6-9db7-51fb-865e-6cb59988e8b1.mp3: WARNING: 
There are no credentials provided in your command and environment, we will query for account key for your storage account.
It is recommended to provide --connection-string, --account-key or --sas-token in your command as credentials.

You also can add `--auth-mode login` in your command to use Azure Active Directory (Azure AD) for authorization if your login account is assigned required RBAC roles.
For more information about RBAC roles in storage, visit https://learn.microsoft.com/azure/storage/common/storage-auth-aad-rbac-cli.

In addition, setting the corresponding environment variables can avoid inputting credentials in your command. Please use --help to get more information about environment variable usage.
ERROR: The specified blob already exists.
RequestId:5bd2e361-301e-0052-1e3d-a39992000000
Time:2026-02-21T14:19:05.2625658Z
ErrorCode:BlobAlreadyExists
If you want to overwrite the existing one, please add --overwrite in your command.

[2026-02-21 09:19:10] Upload failed for 5e4692b8-631b-554e-9434-9e1f4b320fba.mp3: WARNING: 
There are no credentials provided in your command and environment, we will query for account key for your storage account.
It is recommended to provide --connection-string, --account-key or --sas-token in your command as credentials.

You also can add `--auth-mode login` in your command to use Azure Active Directory (Azure AD) for authorization if your login account is assigned required RBAC roles.
For more information about RBAC roles in storage, visit https://learn.microsoft.com/azure/storage/common/storage-auth-aad-rbac-cli.

In addition, setting the corresponding environment variables can avoid inputting credentials in your command. Please use --help to get more information about environment variable usage.
ERROR: The specified blob already exists.
RequestId:1b0aef63-d01e-00be-793d-a38d03000000
Time:2026-02-21T14:19:09.9002642Z
ErrorCode:BlobAlreadyExists
If you want to overwrite the existing one, please add --overwrite in your command.

[2026-02-21 09:19:12] Upload failed for f2014f6e-0ad3-5442-b8f6-03ffe9771b0b.mp3: WARNING: 
There are no credentials provided in your command and environment, we will query for account key for your storage account.
It is recommended to provide --connection-string, --account-key or --sas-token in your command as credentials.

You also can add `--auth-mode login` in your command to use Azure Active Directory (Azure AD) for authorization if your login account is assigned required RBAC roles.
For more information about RBAC roles in storage, visit https://learn.microsoft.com/azure/storage/common/storage-auth-aad-rbac-cli.

In addition, setting the corresponding environment variables can avoid inputting credentials in your command. Please use --help to get more information about environment variable usage.
ERROR: The specified blob already exists.
RequestId:54e1337c-101e-00b1-793d-a3fb6f000000
Time:2026-02-21T14:19:12.2553057Z
ErrorCode:BlobAlreadyExists
If you want to overwrite the existing one, please add --overwrite in your command.

[2026-02-21 09:19:14] Upload failed for 88cf5746-d8f1-5a21-b9fd-9a540c44b533.mp3: WARNING: 
There are no credentials provided in your command and environment, we will query for account key for your storage account.
It is recommended to provide --connection-string, --account-key or --sas-token in your command as credentials.

You also can add `--auth-mode login` in your command to use Azure Active Directory (Azure AD) for authorization if your login account is assigned required RBAC roles.
For more information about RBAC roles in storage, visit https://learn.microsoft.com/azure/storage/common/storage-auth-aad-rbac-cli.

In addition, setting the corresponding environment variables can avoid inputting credentials in your command. Please use --help to get more information about environment variable usage.
ERROR: The specified blob already exists.
RequestId:c4944fa0-201e-002c-6e3d-a309d5000000
Time:2026-02-21T14:19:13.9431797Z
ErrorCode:BlobAlreadyExists
If you want to overwrite the existing one, please add --overwrite in your command.

[2026-02-21 09:19:18] Upload failed for 77f4174f-6759-55dc-ac15-934bed6288e0.mp3: WARNING: 
There are no credentials provided in your command and environment, we will query for account key for your storage account.
It is recommended to provide --connection-string, --account-key or --sas-token in your command as credentials.

You also can add `--auth-mode login` in your command to use Azure Active Directory (Azure AD) for authorization if your login account is assigned required RBAC roles.
For more information about RBAC roles in storage, visit https://learn.microsoft.com/azure/storage/common/storage-auth-aad-rbac-cli.

In addition, setting the corresponding environment variables can avoid inputting credentials in your command. Please use --help to get more information about environment variable usage.
ERROR: The specified blob already exists.
RequestId:675b264f-001e-0004-6c3d-a3687d000000
Time:2026-02-21T14:19:18.3389913Z
ErrorCode:BlobAlreadyExists
If you want to overwrite the existing one, please add --overwrite in your command.

[2026-02-21 09:19:21] Upload failed for ccd473ab-2dd5-522e-8485-0ead7ee3601a.mp3: WARNING: 
There are no credentials provided in your command and environment, we will query for account key for your storage account.
It is recommended to provide --connection-string, --account-key or --sas-token in your command as credentials.

You also can add `--auth-mode login` in your command to use Azure Active Directory (Azure AD) for authorization if your login account is assigned required RBAC roles.
For more information about RBAC roles in storage, visit https://learn.microsoft.com/azure/storage/common/storage-auth-aad-rbac-cli.

In addition, setting the corresponding environment variables can avoid inputting credentials in your command. Please use --help to get more information about environment variable usage.
ERROR: The specified blob already exists.
RequestId:9b6769f5-b01e-0087-763d-a3761f000000
Time:2026-02-21T14:19:21.8485388Z
ErrorCode:BlobAlreadyExists
If you want to overwrite the existing one, please add --overwrite in your command.

[2026-02-21 09:19:24] Upload failed for 4611b258-2f79-5a89-b030-badea713ffa9.mp3: WARNING: 
There are no credentials provided in your command and environment, we will query for account key for your storage account.
It is recommended to provide --connection-string, --account-key or --sas-token in your command as credentials.

You also can add `--auth-mode login` in your command to use Azure Active Directory (Azure AD) for authorization if your login account is assigned required RBAC roles.
For more information about RBAC roles in storage, visit https://learn.microsoft.com/azure/storage/common/storage-auth-aad-rbac-cli.

In addition, setting the corresponding environment variables can avoid inputting credentials in your command. Please use --help to get more information about environment variable usage.
ERROR: The specified blob already exists.
RequestId:088a513f-e01e-00d7-763d-a3b44f000000
Time:2026-02-21T14:19:24.7675099Z
ErrorCode:BlobAlreadyExists
If you want to overwrite the existing one, please add --overwrite in your command.

[2026-02-21 09:19:26] Upload failed for f551a26f-b630-5c63-b5fa-9ce6d371a674.mp3: WARNING: 
There are no credentials provided in your command and environment, we will query for account key for your storage account.
It is recommended to provide --connection-string, --account-key or --sas-token in your command as credentials.

You also can add `--auth-mode login` in your command to use Azure Active Directory (Azure AD) for authorization if your login account is assigned required RBAC roles.
For more information about RBAC roles in storage, visit https://learn.microsoft.com/azure/storage/common/storage-auth-aad-rbac-cli.

In addition, setting the corresponding environment variables can avoid inputting credentials in your command. Please use --help to get more information about environment variable usage.
ERROR: The specified blob already exists.
RequestId:2539677e-b01e-002e-4b3d-a3b76d000000
Time:2026-02-21T14:19:26.6025280Z
ErrorCode:BlobAlreadyExists
If you want to overwrite the existing one, please add --overwrite in your command.

[2026-02-21 09:19:29] Upload failed for 5fe9ec2c-9071-5808-85f8-e4ad9bac9542.mp3: WARNING: 
There are no credentials provided in your command and environment, we will query for account key for your storage account.
It is recommended to provide --connection-string, --account-key or --sas-token in your command as credentials.

You also can add `--auth-mode login` in your command to use Azure Active Directory (Azure AD) for authorization if your login account is assigned required RBAC roles.
For more information about RBAC roles in storage, visit https://learn.microsoft.com/azure/storage/common/storage-auth-aad-rbac-cli.

In addition, setting the corresponding environment variables can avoid inputting credentials in your command. Please use --help to get more information about environment variable usage.
ERROR: The specified blob already exists.
RequestId:26591604-d01e-0065-6e3d-a34b3e000000
Time:2026-02-21T14:19:29.1105417Z
ErrorCode:BlobAlreadyExists
If you want to overwrite the existing one, please add --overwrite in your command.

[2026-02-21 09:19:30] Upload failed for a87b5c09-7a9b-5dfe-af12-e1ba38be6e7e.mp3: WARNING: 
There are no credentials provided in your command and environment, we will query for account key for your storage account.
It is recommended to provide --connection-string, --account-key or --sas-token in your command as credentials.

You also can add `--auth-mode login` in your command to use Azure Active Directory (Azure AD) for authorization if your login account is assigned required RBAC roles.
For more information about RBAC roles in storage, visit https://learn.microsoft.com/azure/storage/common/storage-auth-aad-rbac-cli.

In addition, setting the corresponding environment variables can avoid inputting credentials in your command. Please use --help to get more information about environment variable usage.
ERROR: The specified blob already exists.
RequestId:e578a866-301e-0100-203d-a31b77000000
Time:2026-02-21T14:19:30.8096982Z
ErrorCode:BlobAlreadyExists
If you want to overwrite the existing one, please add --overwrite in your command.

[2026-02-21 09:19:35] Upload failed for 0a1e67f6-9db7-51fb-865e-6cb59988e8b1.mp3: WARNING: 
There are no credentials provided in your command and environment, we will query for account key for your storage account.
It is recommended to provide --connection-string, --account-key or --sas-token in your command as credentials.

You also can add `--auth-mode login` in your command to use Azure Active Directory (Azure AD) for authorization if your login account is assigned required RBAC roles.
For more information about RBAC roles in storage, visit https://learn.microsoft.com/azure/storage/common/storage-auth-aad-rbac-cli.

In addition, setting the corresponding environment variables can avoid inputting credentials in your command. Please use --help to get more information about environment variable usage.
ERROR: The specified blob already exists.
RequestId:a8556d0d-101e-0008-773d-a3ff75000000
Time:2026-02-21T14:19:35.8183002Z
ErrorCode:BlobAlreadyExists
If you want to overwrite the existing one, please add --overwrite in your command.

[2026-02-21 09:19:40] Upload failed for 0a1e67f6-9db7-51fb-865e-6cb59988e8b1.mp3: WARNING: 
There are no credentials provided in your command and environment, we will query for account key for your storage account.
It is recommended to provide --connection-string, --account-key or --sas-token in your command as credentials.

You also can add `--auth-mode login` in your command to use Azure Active Directory (Azure AD) for authorization if your login account is assigned required RBAC roles.
For more information about RBAC roles in storage, visit https://learn.microsoft.com/azure/storage/common/storage-auth-aad-rbac-cli.

In addition, setting the corresponding environment variables can avoid inputting credentials in your command. Please use --help to get more information about environment variable usage.
ERROR: The specified blob already exists.
RequestId:64bc2b1b-101e-006a-593d-a33d52000000
Time:2026-02-21T14:19:40.6333940Z
ErrorCode:BlobAlreadyExists
If you want to overwrite the existing one, please add --overwrite in your command.

[2026-02-21 09:19:43] Upload failed for 4611b258-2f79-5a89-b030-badea713ffa9.mp3: WARNING: 
There are no credentials provided in your command and environment, we will query for account key for your storage account.
It is recommended to provide --connection-string, --account-key or --sas-token in your command as credentials.

You also can add `--auth-mode login` in your command to use Azure Active Directory (Azure AD) for authorization if your login account is assigned required RBAC roles.
For more information about RBAC roles in storage, visit https://learn.microsoft.com/azure/storage/common/storage-auth-aad-rbac-cli.

In addition, setting the corresponding environment variables can avoid inputting credentials in your command. Please use --help to get more information about environment variable usage.
ERROR: The specified blob already exists.
RequestId:d738d300-c01e-001b-503d-a3db79000000
Time:2026-02-21T14:19:43.4244563Z
ErrorCode:BlobAlreadyExists
If you want to overwrite the existing one, please add --overwrite in your command.

[2026-02-21 09:19:48] Upload failed for ac02a3e3-370b-5cd5-a2ae-873d2d0b5276.mp3: WARNING: 
There are no credentials provided in your command and environment, we will query for account key for your storage account.
It is recommended to provide --connection-string, --account-key or --sas-token in your command as credentials.

You also can add `--auth-mode login` in your command to use Azure Active Directory (Azure AD) for authorization if your login account is assigned required RBAC roles.
For more information about RBAC roles in storage, visit https://learn.microsoft.com/azure/storage/common/storage-auth-aad-rbac-cli.

In addition, setting the corresponding environment variables can avoid inputting credentials in your command. Please use --help to get more information about environment variable usage.
ERROR: The specified blob already exists.
RequestId:ccb58f38-e01e-007e-213d-a3753d000000
Time:2026-02-21T14:19:48.3119900Z
ErrorCode:BlobAlreadyExists
If you want to overwrite the existing one, please add --overwrite in your command.

[2026-02-21 09:19:53] Upload failed for bf866f52-40a7-590f-930d-48866c44653a.mp3: WARNING: 
There are no credentials provided in your command and environment, we will query for account key for your storage account.
It is recommended to provide --connection-string, --account-key or --sas-token in your command as credentials.

You also can add `--auth-mode login` in your command to use Azure Active Directory (Azure AD) for authorization if your login account is assigned required RBAC roles.
For more information about RBAC roles in storage, visit https://learn.microsoft.com/azure/storage/common/storage-auth-aad-rbac-cli.

In addition, setting the corresponding environment variables can avoid inputting credentials in your command. Please use --help to get more information about environment variable usage.
ERROR: The specified blob already exists.
RequestId:8fb5f926-601e-0012-523d-a39eaa000000
Time:2026-02-21T14:19:53.3726006Z
ErrorCode:BlobAlreadyExists
If you want to overwrite the existing one, please add --overwrite in your command.

[2026-02-21 09:19:58] Upload failed for e6e2c6e6-2a67-55ec-88ae-9bbcba10fdcc.mp3: WARNING: 
There are no credentials provided in your command and environment, we will query for account key for your storage account.
It is recommended to provide --connection-string, --account-key or --sas-token in your command as credentials.

You also can add `--auth-mode login` in your command to use Azure Active Directory (Azure AD) for authorization if your login account is assigned required RBAC roles.
For more information about RBAC roles in storage, visit https://learn.microsoft.com/azure/storage/common/storage-auth-aad-rbac-cli.

In addition, setting the corresponding environment variables can avoid inputting credentials in your command. Please use --help to get more information about environment variable usage.
ERROR: The specified blob already exists.
RequestId:5df02a91-d01e-00cc-3c3d-a38a4c000000
Time:2026-02-21T14:19:58.6053892Z
ErrorCode:BlobAlreadyExists
If you want to overwrite the existing one, please add --overwrite in your command.

[2026-02-21 09:20:00] Upload failed for 05e4ca5f-0a23-5d30-8f04-b3e37b074e2c.mp3: WARNING: 
There are no credentials provided in your command and environment, we will query for account key for your storage account.
It is recommended to provide --connection-string, --account-key or --sas-token in your command as credentials.

You also can add `--auth-mode login` in your command to use Azure Active Directory (Azure AD) for authorization if your login account is assigned required RBAC roles.
For more information about RBAC roles in storage, visit https://learn.microsoft.com/azure/storage/common/storage-auth-aad-rbac-cli.

In addition, setting the corresponding environment variables can avoid inputting credentials in your command. Please use --help to get more information about environment variable usage.
ERROR: The specified blob already exists.
RequestId:a715cae9-c01e-00ef-203d-a3108f000000
Time:2026-02-21T14:20:00.4655099Z
ErrorCode:BlobAlreadyExists
If you want to overwrite the existing one, please add --overwrite in your command.

[2026-02-21 09:20:05] Upload failed for 86a2bb26-2b73-5d1d-aa9e-9456fcd67413.mp3: WARNING: 
There are no credentials provided in your command and environment, we will query for account key for your storage account.
It is recommended to provide --connection-string, --account-key or --sas-token in your command as credentials.

You also can add `--auth-mode login` in your command to use Azure Active Directory (Azure AD) for authorization if your login account is assigned required RBAC roles.
For more information about RBAC roles in storage, visit https://learn.microsoft.com/azure/storage/common/storage-auth-aad-rbac-cli.

In addition, setting the corresponding environment variables can avoid inputting credentials in your command. Please use --help to get more information about environment variable usage.
ERROR: The specified blob already exists.
RequestId:2d117364-301e-001f-173d-a3567e000000
Time:2026-02-21T14:20:05.1451944Z
ErrorCode:BlobAlreadyExists
If you want to overwrite the existing one, please add --overwrite in your command.

[2026-02-21 09:20:09] Upload failed for 10b4a6be-77a4-5aba-81ee-43c88f5435d5.mp3: WARNING: 
There are no credentials provided in your command and environment, we will query for account key for your storage account.
It is recommended to provide --connection-string, --account-key or --sas-token in your command as credentials.

You also can add `--auth-mode login` in your command to use Azure Active Directory (Azure AD) for authorization if your login account is assigned required RBAC roles.
For more information about RBAC roles in storage, visit https://learn.microsoft.com/azure/storage/common/storage-auth-aad-rbac-cli.

In addition, setting the corresponding environment variables can avoid inputting credentials in your command. Please use --help to get more information about environment variable usage.
ERROR: The specified blob already exists.
RequestId:0bb57277-801e-0068-283d-a383ea000000
Time:2026-02-21T14:20:09.0050509Z
ErrorCode:BlobAlreadyExists
If you want to overwrite the existing one, please add --overwrite in your command.

[2026-02-21 09:20:13] Upload failed for c37d4f06-8318-5515-8d35-81360f46e4dd.mp3: WARNING: 
There are no credentials provided in your command and environment, we will query for account key for your storage account.
It is recommended to provide --connection-string, --account-key or --sas-token in your command as credentials.

You also can add `--auth-mode login` in your command to use Azure Active Directory (Azure AD) for authorization if your login account is assigned required RBAC roles.
For more information about RBAC roles in storage, visit https://learn.microsoft.com/azure/storage/common/storage-auth-aad-rbac-cli.

In addition, setting the corresponding environment variables can avoid inputting credentials in your command. Please use --help to get more information about environment variable usage.
ERROR: The specified blob already exists.
RequestId:a0491b00-f01e-00a9-733d-a32408000000
Time:2026-02-21T14:20:13.8619451Z
ErrorCode:BlobAlreadyExists
If you want to overwrite the existing one, please add --overwrite in your command.

[2026-02-21 09:20:17] Upload failed for 1aec39a3-9080-5408-9bb5-127e03fe7324.mp3: WARNING: 
There are no credentials provided in your command and environment, we will query for account key for your storage account.
It is recommended to provide --connection-string, --account-key or --sas-token in your command as credentials.

You also can add `--auth-mode login` in your command to use Azure Active Directory (Azure AD) for authorization if your login account is assigned required RBAC roles.
For more information about RBAC roles in storage, visit https://learn.microsoft.com/azure/storage/common/storage-auth-aad-rbac-cli.

In addition, setting the corresponding environment variables can avoid inputting credentials in your command. Please use --help to get more information about environment variable usage.
ERROR: The specified blob already exists.
RequestId:af230a91-f01e-0096-7a3d-a3ecab000000
Time:2026-02-21T14:20:17.0692135Z
ErrorCode:BlobAlreadyExists
If you want to overwrite the existing one, please add --overwrite in your command.

[2026-02-21 09:20:19] Upload failed for 2f042493-e34e-59f9-b4e8-546a18e7f5ab.mp3: WARNING: 
There are no credentials provided in your command and environment, we will query for account key for your storage account.
It is recommended to provide --connection-string, --account-key or --sas-token in your command as credentials.

You also can add `--auth-mode login` in your command to use Azure Active Directory (Azure AD) for authorization if your login account is assigned required RBAC roles.
For more information about RBAC roles in storage, visit https://learn.microsoft.com/azure/storage/common/storage-auth-aad-rbac-cli.

In addition, setting the corresponding environment variables can avoid inputting credentials in your command. Please use --help to get more information about environment variable usage.
ERROR: The specified blob already exists.
RequestId:4b8128c5-401e-00de-6a3d-a3f19c000000
Time:2026-02-21T14:20:19.5584647Z
ErrorCode:BlobAlreadyExists
If you want to overwrite the existing one, please add --overwrite in your command.

[2026-02-21 09:20:23] Upload failed for 565d5954-295a-5c14-b876-9cf5b0f38bef.mp3: WARNING: 
There are no credentials provided in your command and environment, we will query for account key for your storage account.
It is recommended to provide --connection-string, --account-key or --sas-token in your command as credentials.

You also can add `--auth-mode login` in your command to use Azure Active Directory (Azure AD) for authorization if your login account is assigned required RBAC roles.
For more information about RBAC roles in storage, visit https://learn.microsoft.com/azure/storage/common/storage-auth-aad-rbac-cli.

In addition, setting the corresponding environment variables can avoid inputting credentials in your command. Please use --help to get more information about environment variable usage.
ERROR: The specified blob already exists.
RequestId:bd2fce50-601e-003d-5f3d-a39361000000
Time:2026-02-21T14:20:23.4786292Z
ErrorCode:BlobAlreadyExists
If you want to overwrite the existing one, please add --overwrite in your command.

[2026-02-21 09:20:27] Upload failed for 016a2ea6-37e4-542e-a150-5887383a3bce.mp3: WARNING: 
There are no credentials provided in your command and environment, we will query for account key for your storage account.
It is recommended to provide --connection-string, --account-key or --sas-token in your command as credentials.

You also can add `--auth-mode login` in your command to use Azure Active Directory (Azure AD) for authorization if your login account is assigned required RBAC roles.
For more information about RBAC roles in storage, visit https://learn.microsoft.com/azure/storage/common/storage-auth-aad-rbac-cli.

In addition, setting the corresponding environment variables can avoid inputting credentials in your command. Please use --help to get more information about environment variable usage.
ERROR: The specified blob already exists.
RequestId:c5ea5dec-601e-00bb-353d-a35fd8000000
Time:2026-02-21T14:20:27.2790881Z
ErrorCode:BlobAlreadyExists
If you want to overwrite the existing one, please add --overwrite in your command.

[2026-02-21 09:20:31] Upload failed for 11a5cd76-26e1-54a1-8c46-9caf2708f519.mp3: WARNING: 
There are no credentials provided in your command and environment, we will query for account key for your storage account.
It is recommended to provide --connection-string, --account-key or --sas-token in your command as credentials.

You also can add `--auth-mode login` in your command to use Azure Active Directory (Azure AD) for authorization if your login account is assigned required RBAC roles.
For more information about RBAC roles in storage, visit https://learn.microsoft.com/azure/storage/common/storage-auth-aad-rbac-cli.

In addition, setting the corresponding environment variables can avoid inputting credentials in your command. Please use --help to get more information about environment variable usage.
ERROR: The specified blob already exists.
RequestId:d287729d-001e-0082-493d-a3a4c4000000
Time:2026-02-21T14:20:31.5702931Z
ErrorCode:BlobAlreadyExists
If you want to overwrite the existing one, please add --overwrite in your command.

[2026-02-21 09:20:34] Upload failed for 545483df-893e-59f4-9f2e-a704e9e6cc92.mp3: WARNING: 
There are no credentials provided in your command and environment, we will query for account key for your storage account.
It is recommended to provide --connection-string, --account-key or --sas-token in your command as credentials.

You also can add `--auth-mode login` in your command to use Azure Active Directory (Azure AD) for authorization if your login account is assigned required RBAC roles.
For more information about RBAC roles in storage, visit https://learn.microsoft.com/azure/storage/common/storage-auth-aad-rbac-cli.

In addition, setting the corresponding environment variables can avoid inputting credentials in your command. Please use --help to get more information about environment variable usage.
ERROR: The specified blob already exists.
RequestId:810e7d85-f01e-00b9-663d-a3e160000000
Time:2026-02-21T14:20:34.0759686Z
ErrorCode:BlobAlreadyExists
If you want to overwrite the existing one, please add --overwrite in your command.

[2026-02-21 09:20:37] Upload failed for 8aeacef5-77da-5ae5-944f-0492421327d1.mp3: WARNING: 
There are no credentials provided in your command and environment, we will query for account key for your storage account.
It is recommended to provide --connection-string, --account-key or --sas-token in your command as credentials.

You also can add `--auth-mode login` in your command to use Azure Active Directory (Azure AD) for authorization if your login account is assigned required RBAC roles.
For more information about RBAC roles in storage, visit https://learn.microsoft.com/azure/storage/common/storage-auth-aad-rbac-cli.

In addition, setting the corresponding environment variables can avoid inputting credentials in your command. Please use --help to get more information about environment variable usage.
ERROR: The specified blob already exists.
RequestId:18bbb6a5-601e-004f-4f3d-a3942e000000
Time:2026-02-21T14:20:37.0330407Z
ErrorCode:BlobAlreadyExists
If you want to overwrite the existing one, please add --overwrite in your command.

[2026-02-21 09:20:42] Upload failed for bd42bdb9-7c4e-50b9-8ffc-d6a0772c16db.mp3: WARNING: 
There are no credentials provided in your command and environment, we will query for account key for your storage account.
It is recommended to provide --connection-string, --account-key or --sas-token in your command as credentials.

You also can add `--auth-mode login` in your command to use Azure Active Directory (Azure AD) for authorization if your login account is assigned required RBAC roles.
For more information about RBAC roles in storage, visit https://learn.microsoft.com/azure/storage/common/storage-auth-aad-rbac-cli.

In addition, setting the corresponding environment variables can avoid inputting credentials in your command. Please use --help to get more information about environment variable usage.
ERROR: The specified blob already exists.
RequestId:a5509e74-301e-0099-7b3d-a39ac7000000
Time:2026-02-21T14:20:42.0259190Z
ErrorCode:BlobAlreadyExists
If you want to overwrite the existing one, please add --overwrite in your command.

[2026-02-21 09:20:44] Upload failed for 981792a5-4af7-5e33-ab0f-cecb9b0b082f.mp3: WARNING: 
There are no credentials provided in your command and environment, we will query for account key for your storage account.
It is recommended to provide --connection-string, --account-key or --sas-token in your command as credentials.

You also can add `--auth-mode login` in your command to use Azure Active Directory (Azure AD) for authorization if your login account is assigned required RBAC roles.
For more information about RBAC roles in storage, visit https://learn.microsoft.com/azure/storage/common/storage-auth-aad-rbac-cli.

In addition, setting the corresponding environment variables can avoid inputting credentials in your command. Please use --help to get more information about environment variable usage.
ERROR: The specified blob already exists.
RequestId:8c8e9758-801e-00a3-3d3d-a380bf000000
Time:2026-02-21T14:20:44.8019076Z
ErrorCode:BlobAlreadyExists
If you want to overwrite the existing one, please add --overwrite in your command.

[2026-02-21 09:20:52] Upload failed for 90a8703d-c29f-5428-bc0f-f851c7fbb4a2.mp3: WARNING: 
There are no credentials provided in your command and environment, we will query for account key for your storage account.
It is recommended to provide --connection-string, --account-key or --sas-token in your command as credentials.

You also can add `--auth-mode login` in your command to use Azure Active Directory (Azure AD) for authorization if your login account is assigned required RBAC roles.
For more information about RBAC roles in storage, visit https://learn.microsoft.com/azure/storage/common/storage-auth-aad-rbac-cli.

In addition, setting the corresponding environment variables can avoid inputting credentials in your command. Please use --help to get more information about environment variable usage.
ERROR: The specified blob already exists.
RequestId:49b9ee35-501e-0026-5d3d-a3ad62000000
Time:2026-02-21T14:20:51.8893332Z
ErrorCode:BlobAlreadyExists
If you want to overwrite the existing one, please add --overwrite in your command.

[2026-02-21 09:20:56] Upload failed for 05029af8-af64-5b08-9942-100c8e8413cd.mp3: WARNING: 
There are no credentials provided in your command and environment, we will query for account key for your storage account.
It is recommended to provide --connection-string, --account-key or --sas-token in your command as credentials.

You also can add `--auth-mode login` in your command to use Azure Active Directory (Azure AD) for authorization if your login account is assigned required RBAC roles.
For more information about RBAC roles in storage, visit https://learn.microsoft.com/azure/storage/common/storage-auth-aad-rbac-cli.

In addition, setting the corresponding environment variables can avoid inputting credentials in your command. Please use --help to get more information about environment variable usage.
ERROR: The specified blob already exists.
RequestId:c342081f-401e-00f1-113d-a3fc57000000
Time:2026-02-21T14:20:56.1120723Z
ErrorCode:BlobAlreadyExists
If you want to overwrite the existing one, please add --overwrite in your command.

[2026-02-21 09:21:01] Upload failed for fd75f183-830c-5c6d-b6c4-ee683019de5b.mp3: WARNING: 
There are no credentials provided in your command and environment, we will query for account key for your storage account.
It is recommended to provide --connection-string, --account-key or --sas-token in your command as credentials.

You also can add `--auth-mode login` in your command to use Azure Active Directory (Azure AD) for authorization if your login account is assigned required RBAC roles.
For more information about RBAC roles in storage, visit https://learn.microsoft.com/azure/storage/common/storage-auth-aad-rbac-cli.

In addition, setting the corresponding environment variables can avoid inputting credentials in your command. Please use --help to get more information about environment variable usage.
ERROR: The specified blob already exists.
RequestId:0ffdb6bb-101e-0037-583d-a337d6000000
Time:2026-02-21T14:21:01.0656920Z
ErrorCode:BlobAlreadyExists
If you want to overwrite the existing one, please add --overwrite in your command.

[2026-02-21 09:21:01] Progress: 50/50 (100.0%)
[2026-02-21 09:21:04] Upload failed for 4692623b-a956-56fe-a7b6-d8ca31b49a66.mp3: WARNING: 
There are no credentials provided in your command and environment, we will query for account key for your storage account.
It is recommended to provide --connection-string, --account-key or --sas-token in your command as credentials.

You also can add `--auth-mode login` in your command to use Azure Active Directory (Azure AD) for authorization if your login account is assigned required RBAC roles.
For more information about RBAC roles in storage, visit https://learn.microsoft.com/azure/storage/common/storage-auth-aad-rbac-cli.

In addition, setting the corresponding environment variables can avoid inputting credentials in your command. Please use --help to get more information about environment variable usage.
ERROR: The specified blob already exists.
RequestId:f6429bda-d01e-0007-6c3d-a38919000000
Time:2026-02-21T14:21:03.9768882Z
ErrorCode:BlobAlreadyExists
If you want to overwrite the existing one, please add --overwrite in your command.

[2026-02-21 09:21:17] Azure CLI OK: Ybotman Azure subscription Personal
[2026-02-21 09:21:17] Ensuring container 'v20' exists with public blob access...
[2026-02-21 09:22:36] Container ready: v20
[2026-02-21 09:22:36] Found 5496 songs to upload
[2026-02-21 09:22:36] 
Starting upload...
[2026-02-21 09:22:40] Upload failed for 0002a713-065f-5233-ae6e-29302a232613.mp3: WARNING: 
There are no credentials provided in your command and environment, we will query for account key for your storage account.
It is recommended to provide --connection-string, --account-key or --sas-token in your command as credentials.

You also can add `--auth-mode login` in your command to use Azure Active Directory (Azure AD) for authorization if your login account is assigned required RBAC roles.
For more information about RBAC roles in storage, visit https://learn.microsoft.com/azure/storage/common/storage-auth-aad-rbac-cli.

In addition, setting the corresponding environment variables can avoid inputting credentials in your command. Please use --help to get more information about environment variable usage.
ERROR: The specified blob already exists.
RequestId:0ffe9426-101e-0037-773d-a337d6000000
Time:2026-02-21T14:22:40.4323887Z
ErrorCode:BlobAlreadyExists
If you want to overwrite the existing one, please add --overwrite in your command.

[2026-02-21 09:22:46] Upload failed for 000cb551-1ee7-593f-89c5-878f16f02d5f.mp3: WARNING: 
There are no credentials provided in your command and environment, we will query for account key for your storage account.
It is recommended to provide --connection-string, --account-key or --sas-token in your command as credentials.

You also can add `--auth-mode login` in your command to use Azure Active Directory (Azure AD) for authorization if your login account is assigned required RBAC roles.
For more information about RBAC roles in storage, visit https://learn.microsoft.com/azure/storage/common/storage-auth-aad-rbac-cli.

In addition, setting the corresponding environment variables can avoid inputting credentials in your command. Please use --help to get more information about environment variable usage.
ERROR: The specified blob already exists.
RequestId:5a89721a-401e-0015-183d-a3f2c9000000
Time:2026-02-21T14:22:46.2626353Z
ErrorCode:BlobAlreadyExists
If you want to overwrite the existing one, please add --overwrite in your command.

[2026-02-21 09:22:50] Upload failed for 0016d25c-e8bd-58d8-be2d-7d6747e015be.mp3: WARNING: 
There are no credentials provided in your command and environment, we will query for account key for your storage account.
It is recommended to provide --connection-string, --account-key or --sas-token in your command as credentials.

You also can add `--auth-mode login` in your command to use Azure Active Directory (Azure AD) for authorization if your login account is assigned required RBAC roles.
For more information about RBAC roles in storage, visit https://learn.microsoft.com/azure/storage/common/storage-auth-aad-rbac-cli.

In addition, setting the corresponding environment variables can avoid inputting credentials in your command. Please use --help to get more information about environment variable usage.
ERROR: The specified blob already exists.
RequestId:56bb5584-201e-003c-593d-a3ccbd000000
Time:2026-02-21T14:22:50.0766522Z
ErrorCode:BlobAlreadyExists
If you want to overwrite the existing one, please add --overwrite in your command.

[2026-02-21 09:22:54] Upload failed for 001d87b4-f62d-5e4c-b074-62477470f5fa.mp3: WARNING: 
There are no credentials provided in your command and environment, we will query for account key for your storage account.
It is recommended to provide --connection-string, --account-key or --sas-token in your command as credentials.

You also can add `--auth-mode login` in your command to use Azure Active Directory (Azure AD) for authorization if your login account is assigned required RBAC roles.
For more information about RBAC roles in storage, visit https://learn.microsoft.com/azure/storage/common/storage-auth-aad-rbac-cli.

In addition, setting the corresponding environment variables can avoid inputting credentials in your command. Please use --help to get more information about environment variable usage.
ERROR: The specified blob already exists.
RequestId:edc6e019-901e-0074-413d-a3d18a000000
Time:2026-02-21T14:22:54.6479126Z
ErrorCode:BlobAlreadyExists
If you want to overwrite the existing one, please add --overwrite in your command.

[2026-02-21 09:22:57] Upload failed for 003335ee-7fea-5bd7-90f6-a8ed536240e5.mp3: WARNING: 
There are no credentials provided in your command and environment, we will query for account key for your storage account.
It is recommended to provide --connection-string, --account-key or --sas-token in your command as credentials.

You also can add `--auth-mode login` in your command to use Azure Active Directory (Azure AD) for authorization if your login account is assigned required RBAC roles.
For more information about RBAC roles in storage, visit https://learn.microsoft.com/azure/storage/common/storage-auth-aad-rbac-cli.

In addition, setting the corresponding environment variables can avoid inputting credentials in your command. Please use --help to get more information about environment variable usage.
ERROR: The specified blob already exists.
RequestId:5bd4d9c1-301e-0052-5a3d-a39992000000
Time:2026-02-21T14:22:57.1862162Z
ErrorCode:BlobAlreadyExists
If you want to overwrite the existing one, please add --overwrite in your command.

[2026-02-21 09:23:01] Upload failed for 0065ff21-4423-5d89-8501-24b9348ac27d.mp3: WARNING: 
There are no credentials provided in your command and environment, we will query for account key for your storage account.
It is recommended to provide --connection-string, --account-key or --sas-token in your command as credentials.

You also can add `--auth-mode login` in your command to use Azure Active Directory (Azure AD) for authorization if your login account is assigned required RBAC roles.
For more information about RBAC roles in storage, visit https://learn.microsoft.com/azure/storage/common/storage-auth-aad-rbac-cli.

In addition, setting the corresponding environment variables can avoid inputting credentials in your command. Please use --help to get more information about environment variable usage.
ERROR: The specified blob already exists.
RequestId:1b0cb9c0-d01e-00be-123d-a38d03000000
Time:2026-02-21T14:23:01.4679424Z
ErrorCode:BlobAlreadyExists
If you want to overwrite the existing one, please add --overwrite in your command.

[2026-02-21 09:23:05] Upload failed for 006ec5cb-6b2a-52ac-bdb9-a57c8f02fa19.mp3: WARNING: 
There are no credentials provided in your command and environment, we will query for account key for your storage account.
It is recommended to provide --connection-string, --account-key or --sas-token in your command as credentials.

You also can add `--auth-mode login` in your command to use Azure Active Directory (Azure AD) for authorization if your login account is assigned required RBAC roles.
For more information about RBAC roles in storage, visit https://learn.microsoft.com/azure/storage/common/storage-auth-aad-rbac-cli.

In addition, setting the corresponding environment variables can avoid inputting credentials in your command. Please use --help to get more information about environment variable usage.
ERROR: The specified blob already exists.
RequestId:32bc93ae-f01e-0010-7d3d-a32012000000
Time:2026-02-21T14:23:05.0469096Z
ErrorCode:BlobAlreadyExists
If you want to overwrite the existing one, please add --overwrite in your command.

[2026-02-21 09:23:09] Upload failed for 00747753-386f-5caf-84ce-288b40e08c38.mp3: WARNING: 
There are no credentials provided in your command and environment, we will query for account key for your storage account.
It is recommended to provide --connection-string, --account-key or --sas-token in your command as credentials.

You also can add `--auth-mode login` in your command to use Azure Active Directory (Azure AD) for authorization if your login account is assigned required RBAC roles.
For more information about RBAC roles in storage, visit https://learn.microsoft.com/azure/storage/common/storage-auth-aad-rbac-cli.

In addition, setting the corresponding environment variables can avoid inputting credentials in your command. Please use --help to get more information about environment variable usage.
ERROR: The specified blob already exists.
RequestId:03713e33-b01e-00f5-773d-a37150000000
Time:2026-02-21T14:23:08.9931551Z
ErrorCode:BlobAlreadyExists
If you want to overwrite the existing one, please add --overwrite in your command.

[2026-02-21 09:23:12] Upload failed for 00804595-d1f6-5238-b588-62576261508e.mp3: WARNING: 
There are no credentials provided in your command and environment, we will query for account key for your storage account.
It is recommended to provide --connection-string, --account-key or --sas-token in your command as credentials.

You also can add `--auth-mode login` in your command to use Azure Active Directory (Azure AD) for authorization if your login account is assigned required RBAC roles.
For more information about RBAC roles in storage, visit https://learn.microsoft.com/azure/storage/common/storage-auth-aad-rbac-cli.

In addition, setting the corresponding environment variables can avoid inputting credentials in your command. Please use --help to get more information about environment variable usage.
ERROR: The specified blob already exists.
RequestId:675d7488-001e-0004-643d-a3687d000000
Time:2026-02-21T14:23:12.1078469Z
ErrorCode:BlobAlreadyExists
If you want to overwrite the existing one, please add --overwrite in your command.

[2026-02-21 09:23:17] Upload failed for 0090b423-3f58-5876-ac8b-857bc2483ff9.mp3: WARNING: 
There are no credentials provided in your command and environment, we will query for account key for your storage account.
It is recommended to provide --connection-string, --account-key or --sas-token in your command as credentials.

You also can add `--auth-mode login` in your command to use Azure Active Directory (Azure AD) for authorization if your login account is assigned required RBAC roles.
For more information about RBAC roles in storage, visit https://learn.microsoft.com/azure/storage/common/storage-auth-aad-rbac-cli.

In addition, setting the corresponding environment variables can avoid inputting credentials in your command. Please use --help to get more information about environment variable usage.
ERROR: The specified blob already exists.
RequestId:58e2df0f-201e-00aa-4b3d-a3c56c000000
Time:2026-02-21T14:23:17.0093451Z
ErrorCode:BlobAlreadyExists
If you want to overwrite the existing one, please add --overwrite in your command.

[2026-02-21 09:23:23] Upload failed for 009a198b-0e50-55dd-9d38-6e9c9dd9c734.mp3: WARNING: 
There are no credentials provided in your command and environment, we will query for account key for your storage account.
It is recommended to provide --connection-string, --account-key or --sas-token in your command as credentials.

You also can add `--auth-mode login` in your command to use Azure Active Directory (Azure AD) for authorization if your login account is assigned required RBAC roles.
For more information about RBAC roles in storage, visit https://learn.microsoft.com/azure/storage/common/storage-auth-aad-rbac-cli.

In addition, setting the corresponding environment variables can avoid inputting credentials in your command. Please use --help to get more information about environment variable usage.
ERROR: The specified blob already exists.
RequestId:a387e395-001e-00ad-3a3d-a3a90f000000
Time:2026-02-21T14:23:23.8330837Z
ErrorCode:BlobAlreadyExists
If you want to overwrite the existing one, please add --overwrite in your command.

[2026-02-21 09:23:26] Upload failed for 00b4b62f-7f45-5e90-95ba-a143415a86df.mp3: WARNING: 
There are no credentials provided in your command and environment, we will query for account key for your storage account.
It is recommended to provide --connection-string, --account-key or --sas-token in your command as credentials.

You also can add `--auth-mode login` in your command to use Azure Active Directory (Azure AD) for authorization if your login account is assigned required RBAC roles.
For more information about RBAC roles in storage, visit https://learn.microsoft.com/azure/storage/common/storage-auth-aad-rbac-cli.

In addition, setting the corresponding environment variables can avoid inputting credentials in your command. Please use --help to get more information about environment variable usage.
ERROR: The specified blob already exists.
RequestId:5bf17acd-401e-00ac-2a3d-a3f6d3000000
Time:2026-02-21T14:23:26.2359491Z
ErrorCode:BlobAlreadyExists
If you want to overwrite the existing one, please add --overwrite in your command.

[2026-02-21 09:23:30] Upload failed for 00d8c4af-fc14-5d21-9c70-2a827d5ec577.mp3: WARNING: 
There are no credentials provided in your command and environment, we will query for account key for your storage account.
It is recommended to provide --connection-string, --account-key or --sas-token in your command as credentials.

You also can add `--auth-mode login` in your command to use Azure Active Directory (Azure AD) for authorization if your login account is assigned required RBAC roles.
For more information about RBAC roles in storage, visit https://learn.microsoft.com/azure/storage/common/storage-auth-aad-rbac-cli.

In addition, setting the corresponding environment variables can avoid inputting credentials in your command. Please use --help to get more information about environment variable usage.
ERROR: The specified blob already exists.
RequestId:66e7cf6c-c01e-0079-113d-a3195e000000
Time:2026-02-21T14:23:30.1382214Z
ErrorCode:BlobAlreadyExists
If you want to overwrite the existing one, please add --overwrite in your command.

[2026-02-21 09:23:32] Upload failed for 00de8946-373b-5956-8ed8-a4e4305ba629.mp3: WARNING: 
There are no credentials provided in your command and environment, we will query for account key for your storage account.
It is recommended to provide --connection-string, --account-key or --sas-token in your command as credentials.

You also can add `--auth-mode login` in your command to use Azure Active Directory (Azure AD) for authorization if your login account is assigned required RBAC roles.
For more information about RBAC roles in storage, visit https://learn.microsoft.com/azure/storage/common/storage-auth-aad-rbac-cli.

In addition, setting the corresponding environment variables can avoid inputting credentials in your command. Please use --help to get more information about environment variable usage.
ERROR: The specified blob already exists.
RequestId:384825b3-801e-00b3-453d-a345d7000000
Time:2026-02-21T14:23:32.1632515Z
ErrorCode:BlobAlreadyExists
If you want to overwrite the existing one, please add --overwrite in your command.

[2026-02-21 09:23:35] Upload failed for 00e11d70-5a67-52b2-9826-0c43b8580250.mp3: WARNING: 
There are no credentials provided in your command and environment, we will query for account key for your storage account.
It is recommended to provide --connection-string, --account-key or --sas-token in your command as credentials.

You also can add `--auth-mode login` in your command to use Azure Active Directory (Azure AD) for authorization if your login account is assigned required RBAC roles.
For more information about RBAC roles in storage, visit https://learn.microsoft.com/azure/storage/common/storage-auth-aad-rbac-cli.

In addition, setting the corresponding environment variables can avoid inputting credentials in your command. Please use --help to get more information about environment variable usage.
ERROR: The specified blob already exists.
RequestId:4dfac72a-b01e-0073-3d3d-a3bde9000000
Time:2026-02-21T14:23:35.2621063Z
ErrorCode:BlobAlreadyExists
If you want to overwrite the existing one, please add --overwrite in your command.

[2026-02-21 09:23:39] Upload failed for 00ef74cb-495d-5e83-86e8-b4b82155d6c0.mp3: WARNING: 
There are no credentials provided in your command and environment, we will query for account key for your storage account.
It is recommended to provide --connection-string, --account-key or --sas-token in your command as credentials.

You also can add `--auth-mode login` in your command to use Azure Active Directory (Azure AD) for authorization if your login account is assigned required RBAC roles.
For more information about RBAC roles in storage, visit https://learn.microsoft.com/azure/storage/common/storage-auth-aad-rbac-cli.

In addition, setting the corresponding environment variables can avoid inputting credentials in your command. Please use --help to get more information about environment variable usage.
ERROR: The specified blob already exists.
RequestId:9e0a6344-201e-0013-743d-a3c176000000
Time:2026-02-21T14:23:39.4999039Z
ErrorCode:BlobAlreadyExists
If you want to overwrite the existing one, please add --overwrite in your command.

[2026-02-21 09:23:45] Upload failed for 00f1c186-e1c7-5a43-b150-47e66500a100.mp3: WARNING: 
There are no credentials provided in your command and environment, we will query for account key for your storage account.
It is recommended to provide --connection-string, --account-key or --sas-token in your command as credentials.

You also can add `--auth-mode login` in your command to use Azure Active Directory (Azure AD) for authorization if your login account is assigned required RBAC roles.
For more information about RBAC roles in storage, visit https://learn.microsoft.com/azure/storage/common/storage-auth-aad-rbac-cli.

In addition, setting the corresponding environment variables can avoid inputting credentials in your command. Please use --help to get more information about environment variable usage.
ERROR: The specified blob already exists.
RequestId:bb3a21d8-601e-00ab-353d-a39ab0000000
Time:2026-02-21T14:23:45.5241654Z
ErrorCode:BlobAlreadyExists
If you want to overwrite the existing one, please add --overwrite in your command.

[2026-02-21 09:23:49] Upload failed for 00f79519-e2f6-5806-88eb-ebb78426f1d0.mp3: WARNING: 
There are no credentials provided in your command and environment, we will query for account key for your storage account.
It is recommended to provide --connection-string, --account-key or --sas-token in your command as credentials.

You also can add `--auth-mode login` in your command to use Azure Active Directory (Azure AD) for authorization if your login account is assigned required RBAC roles.
For more information about RBAC roles in storage, visit https://learn.microsoft.com/azure/storage/common/storage-auth-aad-rbac-cli.

In addition, setting the corresponding environment variables can avoid inputting credentials in your command. Please use --help to get more information about environment variable usage.
ERROR: The specified blob already exists.
RequestId:b1b72029-401e-0058-723d-a33d25000000
Time:2026-02-21T14:23:49.4245706Z
ErrorCode:BlobAlreadyExists
If you want to overwrite the existing one, please add --overwrite in your command.

[2026-02-21 09:23:52] Upload failed for 00fe7836-4ef9-56f2-b085-de9457f73bed.mp3: WARNING: 
There are no credentials provided in your command and environment, we will query for account key for your storage account.
It is recommended to provide --connection-string, --account-key or --sas-token in your command as credentials.

You also can add `--auth-mode login` in your command to use Azure Active Directory (Azure AD) for authorization if your login account is assigned required RBAC roles.
For more information about RBAC roles in storage, visit https://learn.microsoft.com/azure/storage/common/storage-auth-aad-rbac-cli.

In addition, setting the corresponding environment variables can avoid inputting credentials in your command. Please use --help to get more information about environment variable usage.
ERROR: The specified blob already exists.
RequestId:31a9816b-501e-009f-0f3d-a3a978000000
Time:2026-02-21T14:23:52.7838395Z
ErrorCode:BlobAlreadyExists
If you want to overwrite the existing one, please add --overwrite in your command.

[2026-02-21 09:24:01] Upload failed for 011284f9-ee31-5349-8952-572cf96da261.mp3: WARNING: 
There are no credentials provided in your command and environment, we will query for account key for your storage account.
It is recommended to provide --connection-string, --account-key or --sas-token in your command as credentials.

You also can add `--auth-mode login` in your command to use Azure Active Directory (Azure AD) for authorization if your login account is assigned required RBAC roles.
For more information about RBAC roles in storage, visit https://learn.microsoft.com/azure/storage/common/storage-auth-aad-rbac-cli.

In addition, setting the corresponding environment variables can avoid inputting credentials in your command. Please use --help to get more information about environment variable usage.
ERROR: The specified blob already exists.
RequestId:71da0163-701e-0053-433d-a3c64e000000
Time:2026-02-21T14:24:00.8785015Z
ErrorCode:BlobAlreadyExists
If you want to overwrite the existing one, please add --overwrite in your command.

[2026-02-21 09:24:05] Upload failed for 0116a8fb-b160-544d-a5bc-390d41a0a0e9.mp3: WARNING: 
There are no credentials provided in your command and environment, we will query for account key for your storage account.
It is recommended to provide --connection-string, --account-key or --sas-token in your command as credentials.

You also can add `--auth-mode login` in your command to use Azure Active Directory (Azure AD) for authorization if your login account is assigned required RBAC roles.
For more information about RBAC roles in storage, visit https://learn.microsoft.com/azure/storage/common/storage-auth-aad-rbac-cli.

In addition, setting the corresponding environment variables can avoid inputting credentials in your command. Please use --help to get more information about environment variable usage.
ERROR: The specified blob already exists.
RequestId:5bd5672c-301e-0052-643d-a39992000000
Time:2026-02-21T14:24:05.3048769Z
ErrorCode:BlobAlreadyExists
If you want to overwrite the existing one, please add --overwrite in your command.

[2026-02-21 09:24:11] Upload failed for 012a61d5-c70b-5950-b88c-53a079c18c6c.mp3: WARNING: 
There are no credentials provided in your command and environment, we will query for account key for your storage account.
It is recommended to provide --connection-string, --account-key or --sas-token in your command as credentials.

You also can add `--auth-mode login` in your command to use Azure Active Directory (Azure AD) for authorization if your login account is assigned required RBAC roles.
For more information about RBAC roles in storage, visit https://learn.microsoft.com/azure/storage/common/storage-auth-aad-rbac-cli.

In addition, setting the corresponding environment variables can avoid inputting credentials in your command. Please use --help to get more information about environment variable usage.
ERROR: The specified blob already exists.
RequestId:0990ba6c-601e-0084-693d-a3977b000000
Time:2026-02-21T14:24:11.3230759Z
ErrorCode:BlobAlreadyExists
If you want to overwrite the existing one, please add --overwrite in your command.

[2026-02-21 09:24:17] Upload failed for 0130dbb2-9560-5874-b8da-2e4e47212099.mp3: WARNING: 
There are no credentials provided in your command and environment, we will query for account key for your storage account.
It is recommended to provide --connection-string, --account-key or --sas-token in your command as credentials.

You also can add `--auth-mode login` in your command to use Azure Active Directory (Azure AD) for authorization if your login account is assigned required RBAC roles.
For more information about RBAC roles in storage, visit https://learn.microsoft.com/azure/storage/common/storage-auth-aad-rbac-cli.

In addition, setting the corresponding environment variables can avoid inputting credentials in your command. Please use --help to get more information about environment variable usage.
ERROR: The specified blob already exists.
RequestId:1f228d90-601e-00e6-103d-a3555c000000
Time:2026-02-21T14:24:17.5213994Z
ErrorCode:BlobAlreadyExists
If you want to overwrite the existing one, please add --overwrite in your command.

[2026-02-21 09:24:19] Upload failed for 014c9a25-0528-5b91-b6df-8bbc20bed242.mp3: WARNING: 
There are no credentials provided in your command and environment, we will query for account key for your storage account.
It is recommended to provide --connection-string, --account-key or --sas-token in your command as credentials.

You also can add `--auth-mode login` in your command to use Azure Active Directory (Azure AD) for authorization if your login account is assigned required RBAC roles.
For more information about RBAC roles in storage, visit https://learn.microsoft.com/azure/storage/common/storage-auth-aad-rbac-cli.

In addition, setting the corresponding environment variables can avoid inputting credentials in your command. Please use --help to get more information about environment variable usage.
ERROR: The specified blob already exists.
RequestId:8f0304b3-e01e-00b5-1d3d-a37668000000
Time:2026-02-21T14:24:19.4729238Z
ErrorCode:BlobAlreadyExists
If you want to overwrite the existing one, please add --overwrite in your command.

[2026-02-21 09:24:23] Upload failed for 014d6ede-f4f0-5e67-bd7b-37b25ff1b65d.mp3: WARNING: 
There are no credentials provided in your command and environment, we will query for account key for your storage account.
It is recommended to provide --connection-string, --account-key or --sas-token in your command as credentials.

You also can add `--auth-mode login` in your command to use Azure Active Directory (Azure AD) for authorization if your login account is assigned required RBAC roles.
For more information about RBAC roles in storage, visit https://learn.microsoft.com/azure/storage/common/storage-auth-aad-rbac-cli.

In addition, setting the corresponding environment variables can avoid inputting credentials in your command. Please use --help to get more information about environment variable usage.
ERROR: The specified blob already exists.
RequestId:55ba87a6-c01e-0056-603d-a31495000000
Time:2026-02-21T14:24:23.0105658Z
ErrorCode:BlobAlreadyExists
If you want to overwrite the existing one, please add --overwrite in your command.

[2026-02-21 09:24:27] Upload failed for 014e82fc-0535-564b-9db9-0fe9d86dc118.mp3: WARNING: 
There are no credentials provided in your command and environment, we will query for account key for your storage account.
It is recommended to provide --connection-string, --account-key or --sas-token in your command as credentials.

You also can add `--auth-mode login` in your command to use Azure Active Directory (Azure AD) for authorization if your login account is assigned required RBAC roles.
For more information about RBAC roles in storage, visit https://learn.microsoft.com/azure/storage/common/storage-auth-aad-rbac-cli.

In addition, setting the corresponding environment variables can avoid inputting credentials in your command. Please use --help to get more information about environment variable usage.
ERROR: The specified blob already exists.
RequestId:6512ce9f-501e-00b0-7c3d-a3a4b3000000
Time:2026-02-21T14:24:26.9159383Z
ErrorCode:BlobAlreadyExists
If you want to overwrite the existing one, please add --overwrite in your command.

[2026-02-21 09:24:34] Upload failed for 015a6b70-b4f9-5521-8f2f-6ec71ea8aad6.mp3: WARNING: 
There are no credentials provided in your command and environment, we will query for account key for your storage account.
It is recommended to provide --connection-string, --account-key or --sas-token in your command as credentials.

You also can add `--auth-mode login` in your command to use Azure Active Directory (Azure AD) for authorization if your login account is assigned required RBAC roles.
For more information about RBAC roles in storage, visit https://learn.microsoft.com/azure/storage/common/storage-auth-aad-rbac-cli.

In addition, setting the corresponding environment variables can avoid inputting credentials in your command. Please use --help to get more information about environment variable usage.
ERROR: The specified blob already exists.
RequestId:547c831f-701e-001e-083d-a309a2000000
Time:2026-02-21T14:24:33.9445194Z
ErrorCode:BlobAlreadyExists
If you want to overwrite the existing one, please add --overwrite in your command.

[2026-02-21 09:24:46] Upload failed for 01622627-8d06-5a64-a7ae-af7b99e225a1.mp3: WARNING: 
There are no credentials provided in your command and environment, we will query for account key for your storage account.
It is recommended to provide --connection-string, --account-key or --sas-token in your command as credentials.

You also can add `--auth-mode login` in your command to use Azure Active Directory (Azure AD) for authorization if your login account is assigned required RBAC roles.
For more information about RBAC roles in storage, visit https://learn.microsoft.com/azure/storage/common/storage-auth-aad-rbac-cli.

In addition, setting the corresponding environment variables can avoid inputting credentials in your command. Please use --help to get more information about environment variable usage.
ERROR: The specified blob already exists.
RequestId:e1d63b23-801e-00fe-053d-a38a3b000000
Time:2026-02-21T14:24:46.2010714Z
ErrorCode:BlobAlreadyExists
If you want to overwrite the existing one, please add --overwrite in your command.

[2026-02-21 09:24:51] Upload failed for 0165be87-b7d8-5f1b-aaad-b7536c2dd1d2.mp3: WARNING: 
There are no credentials provided in your command and environment, we will query for account key for your storage account.
It is recommended to provide --connection-string, --account-key or --sas-token in your command as credentials.

You also can add `--auth-mode login` in your command to use Azure Active Directory (Azure AD) for authorization if your login account is assigned required RBAC roles.
For more information about RBAC roles in storage, visit https://learn.microsoft.com/azure/storage/common/storage-auth-aad-rbac-cli.

In addition, setting the corresponding environment variables can avoid inputting credentials in your command. Please use --help to get more information about environment variable usage.
ERROR: The specified blob already exists.
RequestId:adb7f23f-b01e-0011-3f3d-a37fce000000
Time:2026-02-21T14:24:51.5235919Z
ErrorCode:BlobAlreadyExists
If you want to overwrite the existing one, please add --overwrite in your command.

[2026-02-21 09:24:55] Upload failed for 016a2ea6-37e4-542e-a150-5887383a3bce.mp3: WARNING: 
There are no credentials provided in your command and environment, we will query for account key for your storage account.
It is recommended to provide --connection-string, --account-key or --sas-token in your command as credentials.

You also can add `--auth-mode login` in your command to use Azure Active Directory (Azure AD) for authorization if your login account is assigned required RBAC roles.
For more information about RBAC roles in storage, visit https://learn.microsoft.com/azure/storage/common/storage-auth-aad-rbac-cli.

In addition, setting the corresponding environment variables can avoid inputting credentials in your command. Please use --help to get more information about environment variable usage.
ERROR: The specified blob already exists.
RequestId:8c908109-801e-00a3-583d-a380bf000000
Time:2026-02-21T14:24:55.6413513Z
ErrorCode:BlobAlreadyExists
If you want to overwrite the existing one, please add --overwrite in your command.

[2026-02-21 09:25:05] Upload failed for 0187f621-3c1d-5160-96d6-fae6bc5697a4.mp3: WARNING: 
There are no credentials provided in your command and environment, we will query for account key for your storage account.
It is recommended to provide --connection-string, --account-key or --sas-token in your command as credentials.

You also can add `--auth-mode login` in your command to use Azure Active Directory (Azure AD) for authorization if your login account is assigned required RBAC roles.
For more information about RBAC roles in storage, visit https://learn.microsoft.com/azure/storage/common/storage-auth-aad-rbac-cli.

In addition, setting the corresponding environment variables can avoid inputting credentials in your command. Please use --help to get more information about environment variable usage.
ERROR: The specified blob already exists.
RequestId:132124eb-e01e-001c-6d3d-a3b71a000000
Time:2026-02-21T14:25:05.1464911Z
ErrorCode:BlobAlreadyExists
If you want to overwrite the existing one, please add --overwrite in your command.

[2026-02-21 09:25:14] Upload failed for 018ef8ff-8b82-5721-954e-9ef596fc84ef.mp3: WARNING: 
There are no credentials provided in your command and environment, we will query for account key for your storage account.
It is recommended to provide --connection-string, --account-key or --sas-token in your command as credentials.

You also can add `--auth-mode login` in your command to use Azure Active Directory (Azure AD) for authorization if your login account is assigned required RBAC roles.
For more information about RBAC roles in storage, visit https://learn.microsoft.com/azure/storage/common/storage-auth-aad-rbac-cli.

In addition, setting the corresponding environment variables can avoid inputting credentials in your command. Please use --help to get more information about environment variable usage.
ERROR: The specified blob already exists.
RequestId:d61559e1-301e-00d4-243d-a3552b000000
Time:2026-02-21T14:25:14.1814527Z
ErrorCode:BlobAlreadyExists
If you want to overwrite the existing one, please add --overwrite in your command.

[2026-02-21 09:25:23] Upload failed for 01abc57b-8ccf-5ae0-854e-d6ad920698bc.mp3: WARNING: 
There are no credentials provided in your command and environment, we will query for account key for your storage account.
It is recommended to provide --connection-string, --account-key or --sas-token in your command as credentials.

You also can add `--auth-mode login` in your command to use Azure Active Directory (Azure AD) for authorization if your login account is assigned required RBAC roles.
For more information about RBAC roles in storage, visit https://learn.microsoft.com/azure/storage/common/storage-auth-aad-rbac-cli.

In addition, setting the corresponding environment variables can avoid inputting credentials in your command. Please use --help to get more information about environment variable usage.
ERROR: The specified blob already exists.
RequestId:53d9feb2-501e-0044-423d-a36f45000000
Time:2026-02-21T14:25:22.8641464Z
ErrorCode:BlobAlreadyExists
If you want to overwrite the existing one, please add --overwrite in your command.

[2026-02-21 09:25:27] Upload failed for 01b9d4a7-852c-5fbf-8911-232387135c1e.mp3: WARNING: 
There are no credentials provided in your command and environment, we will query for account key for your storage account.
It is recommended to provide --connection-string, --account-key or --sas-token in your command as credentials.

You also can add `--auth-mode login` in your command to use Azure Active Directory (Azure AD) for authorization if your login account is assigned required RBAC roles.
For more information about RBAC roles in storage, visit https://learn.microsoft.com/azure/storage/common/storage-auth-aad-rbac-cli.

In addition, setting the corresponding environment variables can avoid inputting credentials in your command. Please use --help to get more information about environment variable usage.
ERROR: The specified blob already exists.
RequestId:9e0b29ac-201e-0013-563d-a3c176000000
Time:2026-02-21T14:25:27.5708531Z
ErrorCode:BlobAlreadyExists
If you want to overwrite the existing one, please add --overwrite in your command.

[2026-02-21 09:25:33] Upload failed for 01c38b04-c3e5-54dd-8536-e0198f99f65e.mp3: WARNING: 
There are no credentials provided in your command and environment, we will query for account key for your storage account.
It is recommended to provide --connection-string, --account-key or --sas-token in your command as credentials.

You also can add `--auth-mode login` in your command to use Azure Active Directory (Azure AD) for authorization if your login account is assigned required RBAC roles.
For more information about RBAC roles in storage, visit https://learn.microsoft.com/azure/storage/common/storage-auth-aad-rbac-cli.

In addition, setting the corresponding environment variables can avoid inputting credentials in your command. Please use --help to get more information about environment variable usage.
ERROR: The specified blob already exists.
RequestId:dd66bb75-a01e-0040-173d-a3e242000000
Time:2026-02-21T14:25:33.7197546Z
ErrorCode:BlobAlreadyExists
If you want to overwrite the existing one, please add --overwrite in your command.

[2026-02-21 09:25:38] Upload failed for 01ccee42-01d1-54a0-b26a-1eda14a2e425.mp3: WARNING: 
There are no credentials provided in your command and environment, we will query for account key for your storage account.
It is recommended to provide --connection-string, --account-key or --sas-token in your command as credentials.

You also can add `--auth-mode login` in your command to use Azure Active Directory (Azure AD) for authorization if your login account is assigned required RBAC roles.
For more information about RBAC roles in storage, visit https://learn.microsoft.com/azure/storage/common/storage-auth-aad-rbac-cli.

In addition, setting the corresponding environment variables can avoid inputting credentials in your command. Please use --help to get more information about environment variable usage.
ERROR: The specified blob already exists.
RequestId:e48f57fc-201e-0071-293d-a30351000000
Time:2026-02-21T14:25:37.9277325Z
ErrorCode:BlobAlreadyExists
If you want to overwrite the existing one, please add --overwrite in your command.

[2026-02-21 09:25:45] Upload failed for 01e3586d-d31f-5932-887e-1f8ba3d3d8eb.mp3: WARNING: 
There are no credentials provided in your command and environment, we will query for account key for your storage account.
It is recommended to provide --connection-string, --account-key or --sas-token in your command as credentials.

You also can add `--auth-mode login` in your command to use Azure Active Directory (Azure AD) for authorization if your login account is assigned required RBAC roles.
For more information about RBAC roles in storage, visit https://learn.microsoft.com/azure/storage/common/storage-auth-aad-rbac-cli.

In addition, setting the corresponding environment variables can avoid inputting credentials in your command. Please use --help to get more information about environment variable usage.
ERROR: The specified blob already exists.
RequestId:a46b5c20-001e-0092-283d-a361ac000000
Time:2026-02-21T14:25:45.1361982Z
ErrorCode:BlobAlreadyExists
If you want to overwrite the existing one, please add --overwrite in your command.

[2026-02-21 09:25:48] Upload failed for 01e3c5da-091f-553f-9042-1c4d25a23eff.mp3: WARNING: 
There are no credentials provided in your command and environment, we will query for account key for your storage account.
It is recommended to provide --connection-string, --account-key or --sas-token in your command as credentials.

You also can add `--auth-mode login` in your command to use Azure Active Directory (Azure AD) for authorization if your login account is assigned required RBAC roles.
For more information about RBAC roles in storage, visit https://learn.microsoft.com/azure/storage/common/storage-auth-aad-rbac-cli.

In addition, setting the corresponding environment variables can avoid inputting credentials in your command. Please use --help to get more information about environment variable usage.
ERROR: The specified blob already exists.
RequestId:f7b45b5a-201e-0061-253d-a3c639000000
Time:2026-02-21T14:25:48.8680931Z
ErrorCode:BlobAlreadyExists
If you want to overwrite the existing one, please add --overwrite in your command.

[2026-02-21 09:25:54] Upload failed for 01f309c4-d47e-547e-ad44-dc587d4c579e.mp3: WARNING: 
There are no credentials provided in your command and environment, we will query for account key for your storage account.
It is recommended to provide --connection-string, --account-key or --sas-token in your command as credentials.

You also can add `--auth-mode login` in your command to use Azure Active Directory (Azure AD) for authorization if your login account is assigned required RBAC roles.
For more information about RBAC roles in storage, visit https://learn.microsoft.com/azure/storage/common/storage-auth-aad-rbac-cli.

In addition, setting the corresponding environment variables can avoid inputting credentials in your command. Please use --help to get more information about environment variable usage.
ERROR: The specified blob already exists.
RequestId:d1e8b5b8-d01e-0075-703d-a38e56000000
Time:2026-02-21T14:25:54.7029118Z
ErrorCode:BlobAlreadyExists
If you want to overwrite the existing one, please add --overwrite in your command.

[2026-02-21 09:25:58] Upload failed for 02007e54-a746-5c26-adde-cff7f2b6f04d.mp3: WARNING: 
There are no credentials provided in your command and environment, we will query for account key for your storage account.
It is recommended to provide --connection-string, --account-key or --sas-token in your command as credentials.

You also can add `--auth-mode login` in your command to use Azure Active Directory (Azure AD) for authorization if your login account is assigned required RBAC roles.
For more information about RBAC roles in storage, visit https://learn.microsoft.com/azure/storage/common/storage-auth-aad-rbac-cli.

In addition, setting the corresponding environment variables can avoid inputting credentials in your command. Please use --help to get more information about environment variable usage.
ERROR: The specified blob already exists.
RequestId:8f0400fd-e01e-00b5-6a3d-a37668000000
Time:2026-02-21T14:25:58.3135034Z
ErrorCode:BlobAlreadyExists
If you want to overwrite the existing one, please add --overwrite in your command.

[2026-02-21 09:26:01] Upload failed for 020412c8-602a-5bdc-b7d7-3d3351838a6a.mp3: WARNING: 
There are no credentials provided in your command and environment, we will query for account key for your storage account.
It is recommended to provide --connection-string, --account-key or --sas-token in your command as credentials.

You also can add `--auth-mode login` in your command to use Azure Active Directory (Azure AD) for authorization if your login account is assigned required RBAC roles.
For more information about RBAC roles in storage, visit https://learn.microsoft.com/azure/storage/common/storage-auth-aad-rbac-cli.

In addition, setting the corresponding environment variables can avoid inputting credentials in your command. Please use --help to get more information about environment variable usage.
ERROR: The specified blob already exists.
RequestId:56888f16-301e-0042-593e-a35cfa000000
Time:2026-02-21T14:26:01.6558411Z
ErrorCode:BlobAlreadyExists
If you want to overwrite the existing one, please add --overwrite in your command.

[2026-02-21 09:26:04] Upload failed for 02172fd9-b586-5a01-8046-2ce3b463887f.mp3: WARNING: 
There are no credentials provided in your command and environment, we will query for account key for your storage account.
It is recommended to provide --connection-string, --account-key or --sas-token in your command as credentials.

You also can add `--auth-mode login` in your command to use Azure Active Directory (Azure AD) for authorization if your login account is assigned required RBAC roles.
For more information about RBAC roles in storage, visit https://learn.microsoft.com/azure/storage/common/storage-auth-aad-rbac-cli.

In addition, setting the corresponding environment variables can avoid inputting credentials in your command. Please use --help to get more information about environment variable usage.
ERROR: The specified blob already exists.
RequestId:f248d3a4-a01e-006f-5b3e-a3ef89000000
Time:2026-02-21T14:26:04.6444502Z
ErrorCode:BlobAlreadyExists
If you want to overwrite the existing one, please add --overwrite in your command.

[2026-02-21 09:26:17] Upload failed for 0218bb6e-bed5-501d-867a-bdc1864df988.mp3: WARNING: 
There are no credentials provided in your command and environment, we will query for account key for your storage account.
It is recommended to provide --connection-string, --account-key or --sas-token in your command as credentials.

You also can add `--auth-mode login` in your command to use Azure Active Directory (Azure AD) for authorization if your login account is assigned required RBAC roles.
For more information about RBAC roles in storage, visit https://learn.microsoft.com/azure/storage/common/storage-auth-aad-rbac-cli.

In addition, setting the corresponding environment variables can avoid inputting credentials in your command. Please use --help to get more information about environment variable usage.
ERROR: The specified blob already exists.
RequestId:2f1f742d-301e-007d-3d3e-a39459000000
Time:2026-02-21T14:26:17.4975201Z
ErrorCode:BlobAlreadyExists
If you want to overwrite the existing one, please add --overwrite in your command.

[2026-02-21 09:26:19] Upload failed for 0219318f-6f0f-513f-8645-758608f97029.mp3: WARNING: 
There are no credentials provided in your command and environment, we will query for account key for your storage account.
It is recommended to provide --connection-string, --account-key or --sas-token in your command as credentials.

You also can add `--auth-mode login` in your command to use Azure Active Directory (Azure AD) for authorization if your login account is assigned required RBAC roles.
For more information about RBAC roles in storage, visit https://learn.microsoft.com/azure/storage/common/storage-auth-aad-rbac-cli.

In addition, setting the corresponding environment variables can avoid inputting credentials in your command. Please use --help to get more information about environment variable usage.
ERROR: The specified blob already exists.
RequestId:d0312d43-601e-005f-6b3e-a35146000000
Time:2026-02-21T14:26:19.8344069Z
ErrorCode:BlobAlreadyExists
If you want to overwrite the existing one, please add --overwrite in your command.

[2026-02-21 09:26:28] Upload failed for 0228f651-8f59-5498-94c7-f3b057990b41.mp3: WARNING: 
There are no credentials provided in your command and environment, we will query for account key for your storage account.
It is recommended to provide --connection-string, --account-key or --sas-token in your command as credentials.

You also can add `--auth-mode login` in your command to use Azure Active Directory (Azure AD) for authorization if your login account is assigned required RBAC roles.
For more information about RBAC roles in storage, visit https://learn.microsoft.com/azure/storage/common/storage-auth-aad-rbac-cli.

In addition, setting the corresponding environment variables can avoid inputting credentials in your command. Please use --help to get more information about environment variable usage.
ERROR: The specified blob already exists.
RequestId:cd725fd1-501e-00fd-103e-a36b5f000000
Time:2026-02-21T14:26:28.2075638Z
ErrorCode:BlobAlreadyExists
If you want to overwrite the existing one, please add --overwrite in your command.

[2026-02-21 09:26:32] Upload failed for 022bc8f2-fd6c-5fab-8e3b-b8f756b0e76a.mp3: WARNING: 
There are no credentials provided in your command and environment, we will query for account key for your storage account.
It is recommended to provide --connection-string, --account-key or --sas-token in your command as credentials.

You also can add `--auth-mode login` in your command to use Azure Active Directory (Azure AD) for authorization if your login account is assigned required RBAC roles.
For more information about RBAC roles in storage, visit https://learn.microsoft.com/azure/storage/common/storage-auth-aad-rbac-cli.

In addition, setting the corresponding environment variables can avoid inputting credentials in your command. Please use --help to get more information about environment variable usage.
ERROR: The specified blob already exists.
RequestId:4ea33b06-001e-0059-7d3e-a362f9000000
Time:2026-02-21T14:26:32.0286007Z
ErrorCode:BlobAlreadyExists
If you want to overwrite the existing one, please add --overwrite in your command.

[2026-02-21 09:26:35] Upload failed for 0251c664-11ae-5ca5-88e4-4a92bdf69e4a.mp3: WARNING: 
There are no credentials provided in your command and environment, we will query for account key for your storage account.
It is recommended to provide --connection-string, --account-key or --sas-token in your command as credentials.

You also can add `--auth-mode login` in your command to use Azure Active Directory (Azure AD) for authorization if your login account is assigned required RBAC roles.
For more information about RBAC roles in storage, visit https://learn.microsoft.com/azure/storage/common/storage-auth-aad-rbac-cli.

In addition, setting the corresponding environment variables can avoid inputting credentials in your command. Please use --help to get more information about environment variable usage.
ERROR: The specified blob already exists.
RequestId:58e46ca0-201e-00aa-443e-a3c56c000000
Time:2026-02-21T14:26:35.3880987Z
ErrorCode:BlobAlreadyExists
If you want to overwrite the existing one, please add --overwrite in your command.

[2026-02-21 09:27:41] Upload failed for 025248cc-015d-594c-8dab-b6eb13775072.mp3: WARNING: 
There are no credentials provided in your command and environment, we will query for account key for your storage account.
It is recommended to provide --connection-string, --account-key or --sas-token in your command as credentials.

You also can add `--auth-mode login` in your command to use Azure Active Directory (Azure AD) for authorization if your login account is assigned required RBAC roles.
For more information about RBAC roles in storage, visit https://learn.microsoft.com/azure/storage/common/storage-auth-aad-rbac-cli.

In addition, setting the corresponding environment variables can avoid inputting credentials in your command. Please use --help to get more information about environment variable usage.
ERROR: The specified blob already exists.
RequestId:77cec500-401e-0093-6e3e-a33e70000000
Time:2026-02-21T14:27:41.5753960Z
ErrorCode:BlobAlreadyExists
If you want to overwrite the existing one, please add --overwrite in your command.

[2026-02-21 09:27:43] Upload failed for 025caf66-c60a-539e-b328-3331d41a0978.mp3: WARNING: 
There are no credentials provided in your command and environment, we will query for account key for your storage account.
It is recommended to provide --connection-string, --account-key or --sas-token in your command as credentials.

You also can add `--auth-mode login` in your command to use Azure Active Directory (Azure AD) for authorization if your login account is assigned required RBAC roles.
For more information about RBAC roles in storage, visit https://learn.microsoft.com/azure/storage/common/storage-auth-aad-rbac-cli.

In addition, setting the corresponding environment variables can avoid inputting credentials in your command. Please use --help to get more information about environment variable usage.
ERROR: The specified blob already exists.
RequestId:03730fbd-b01e-00f5-583e-a37150000000
Time:2026-02-21T14:27:43.7695173Z
ErrorCode:BlobAlreadyExists
If you want to overwrite the existing one, please add --overwrite in your command.

[2026-02-21 09:27:43] Progress: 50/5496 (0.9%)
[2026-02-21 09:27:50] Upload failed for 0267ac12-770d-50d3-b916-5386ef70996e.mp3: WARNING: 
There are no credentials provided in your command and environment, we will query for account key for your storage account.
It is recommended to provide --connection-string, --account-key or --sas-token in your command as credentials.

You also can add `--auth-mode login` in your command to use Azure Active Directory (Azure AD) for authorization if your login account is assigned required RBAC roles.
For more information about RBAC roles in storage, visit https://learn.microsoft.com/azure/storage/common/storage-auth-aad-rbac-cli.

In addition, setting the corresponding environment variables can avoid inputting credentials in your command. Please use --help to get more information about environment variable usage.
ERROR: The specified blob already exists.
RequestId:118ddf85-801e-001a-1b3e-a384a5000000
Time:2026-02-21T14:27:50.3325614Z
ErrorCode:BlobAlreadyExists
If you want to overwrite the existing one, please add --overwrite in your command.

[2026-02-21 09:27:55] Upload failed for 0276d670-7436-582a-b26d-512bef99142e.mp3: WARNING: 
There are no credentials provided in your command and environment, we will query for account key for your storage account.
It is recommended to provide --connection-string, --account-key or --sas-token in your command as credentials.

You also can add `--auth-mode login` in your command to use Azure Active Directory (Azure AD) for authorization if your login account is assigned required RBAC roles.
For more information about RBAC roles in storage, visit https://learn.microsoft.com/azure/storage/common/storage-auth-aad-rbac-cli.

In addition, setting the corresponding environment variables can avoid inputting credentials in your command. Please use --help to get more information about environment variable usage.
ERROR: The specified blob already exists.
RequestId:3c7f16df-a01e-0102-5e3e-a3a5cf000000
Time:2026-02-21T14:27:55.3456019Z
ErrorCode:BlobAlreadyExists
If you want to overwrite the existing one, please add --overwrite in your command.

[2026-02-21 09:28:03] Upload failed for 02850fb8-5133-52e2-9f5b-5c5c13512793.mp3: WARNING: 
There are no credentials provided in your command and environment, we will query for account key for your storage account.
It is recommended to provide --connection-string, --account-key or --sas-token in your command as credentials.

You also can add `--auth-mode login` in your command to use Azure Active Directory (Azure AD) for authorization if your login account is assigned required RBAC roles.
For more information about RBAC roles in storage, visit https://learn.microsoft.com/azure/storage/common/storage-auth-aad-rbac-cli.

In addition, setting the corresponding environment variables can avoid inputting credentials in your command. Please use --help to get more information about environment variable usage.
ERROR: The specified blob already exists.
RequestId:a1037703-e01e-009a-1d3e-a37ba3000000
Time:2026-02-21T14:28:02.8732027Z
ErrorCode:BlobAlreadyExists
If you want to overwrite the existing one, please add --overwrite in your command.

[2026-02-21 09:28:06] Upload failed for 0288ce5a-4bec-58dc-98c0-9e314edbec22.mp3: WARNING: 
There are no credentials provided in your command and environment, we will query for account key for your storage account.
It is recommended to provide --connection-string, --account-key or --sas-token in your command as credentials.

You also can add `--auth-mode login` in your command to use Azure Active Directory (Azure AD) for authorization if your login account is assigned required RBAC roles.
For more information about RBAC roles in storage, visit https://learn.microsoft.com/azure/storage/common/storage-auth-aad-rbac-cli.

In addition, setting the corresponding environment variables can avoid inputting credentials in your command. Please use --help to get more information about environment variable usage.
ERROR: The specified blob already exists.
RequestId:c7fb973d-301e-00c4-013e-a39043000000
Time:2026-02-21T14:28:06.0394104Z
ErrorCode:BlobAlreadyExists
If you want to overwrite the existing one, please add --overwrite in your command.

[2026-02-21 09:28:10] Upload failed for 028d7c7c-4252-5f7b-aafa-f54a6b42a75a.mp3: WARNING: 
There are no credentials provided in your command and environment, we will query for account key for your storage account.
It is recommended to provide --connection-string, --account-key or --sas-token in your command as credentials.

You also can add `--auth-mode login` in your command to use Azure Active Directory (Azure AD) for authorization if your login account is assigned required RBAC roles.
For more information about RBAC roles in storage, visit https://learn.microsoft.com/azure/storage/common/storage-auth-aad-rbac-cli.

In addition, setting the corresponding environment variables can avoid inputting credentials in your command. Please use --help to get more information about environment variable usage.
ERROR: The specified blob already exists.
RequestId:811283e7-f01e-00b9-333e-a3e160000000
Time:2026-02-21T14:28:09.8884161Z
ErrorCode:BlobAlreadyExists
If you want to overwrite the existing one, please add --overwrite in your command.

[2026-02-21 09:28:13] Upload failed for 02974ef1-0387-5487-ab84-0f177d21ac4d.mp3: WARNING: 
There are no credentials provided in your command and environment, we will query for account key for your storage account.
It is recommended to provide --connection-string, --account-key or --sas-token in your command as credentials.

You also can add `--auth-mode login` in your command to use Azure Active Directory (Azure AD) for authorization if your login account is assigned required RBAC roles.
For more information about RBAC roles in storage, visit https://learn.microsoft.com/azure/storage/common/storage-auth-aad-rbac-cli.

In addition, setting the corresponding environment variables can avoid inputting credentials in your command. Please use --help to get more information about environment variable usage.
ERROR: The specified blob already exists.
RequestId:9921e173-901e-00e2-663e-a3d85b000000
Time:2026-02-21T14:28:13.2976130Z
ErrorCode:BlobAlreadyExists
If you want to overwrite the existing one, please add --overwrite in your command.

[2026-02-21 09:28:24] Upload failed for 02b1b001-3843-571c-9483-236a5e96fe4c.mp3: WARNING: 
There are no credentials provided in your command and environment, we will query for account key for your storage account.
It is recommended to provide --connection-string, --account-key or --sas-token in your command as credentials.

You also can add `--auth-mode login` in your command to use Azure Active Directory (Azure AD) for authorization if your login account is assigned required RBAC roles.
For more information about RBAC roles in storage, visit https://learn.microsoft.com/azure/storage/common/storage-auth-aad-rbac-cli.

In addition, setting the corresponding environment variables can avoid inputting credentials in your command. Please use --help to get more information about environment variable usage.
ERROR: The specified blob already exists.
RequestId:265e0766-d01e-0065-7f3e-a34b3e000000
Time:2026-02-21T14:28:24.1214282Z
ErrorCode:BlobAlreadyExists
If you want to overwrite the existing one, please add --overwrite in your command.

[2026-02-21 09:28:29] Upload failed for 02b64cd5-76aa-5589-9cef-646016e1a3b0.mp3: WARNING: 
There are no credentials provided in your command and environment, we will query for account key for your storage account.
It is recommended to provide --connection-string, --account-key or --sas-token in your command as credentials.

You also can add `--auth-mode login` in your command to use Azure Active Directory (Azure AD) for authorization if your login account is assigned required RBAC roles.
For more information about RBAC roles in storage, visit https://learn.microsoft.com/azure/storage/common/storage-auth-aad-rbac-cli.

In addition, setting the corresponding environment variables can avoid inputting credentials in your command. Please use --help to get more information about environment variable usage.
ERROR: The specified blob already exists.
RequestId:e57da35b-301e-0100-453e-a31b77000000
Time:2026-02-21T14:28:29.3294040Z
ErrorCode:BlobAlreadyExists
If you want to overwrite the existing one, please add --overwrite in your command.

[2026-02-21 09:28:32] Upload failed for 02bb7c94-f234-55fb-adfb-70fd0c71808c.mp3: WARNING: 
There are no credentials provided in your command and environment, we will query for account key for your storage account.
It is recommended to provide --connection-string, --account-key or --sas-token in your command as credentials.

You also can add `--auth-mode login` in your command to use Azure Active Directory (Azure AD) for authorization if your login account is assigned required RBAC roles.
For more information about RBAC roles in storage, visit https://learn.microsoft.com/azure/storage/common/storage-auth-aad-rbac-cli.

In addition, setting the corresponding environment variables can avoid inputting credentials in your command. Please use --help to get more information about environment variable usage.
ERROR: The specified blob already exists.
RequestId:8cbfe254-701e-00fa-423e-a3073c000000
Time:2026-02-21T14:28:32.1884103Z
ErrorCode:BlobAlreadyExists
If you want to overwrite the existing one, please add --overwrite in your command.

[2026-02-21 09:28:38] Upload failed for 02ca7cac-fd97-5947-8650-d0b0e4502057.mp3: WARNING: 
There are no credentials provided in your command and environment, we will query for account key for your storage account.
It is recommended to provide --connection-string, --account-key or --sas-token in your command as credentials.

You also can add `--auth-mode login` in your command to use Azure Active Directory (Azure AD) for authorization if your login account is assigned required RBAC roles.
For more information about RBAC roles in storage, visit https://learn.microsoft.com/azure/storage/common/storage-auth-aad-rbac-cli.

In addition, setting the corresponding environment variables can avoid inputting credentials in your command. Please use --help to get more information about environment variable usage.
ERROR: The specified blob already exists.
RequestId:ec03ad45-701e-00a7-0d3e-a30db8000000
Time:2026-02-21T14:28:37.8576605Z
ErrorCode:BlobAlreadyExists
If you want to overwrite the existing one, please add --overwrite in your command.

[2026-02-21 09:28:42] Upload failed for 02ced2b1-5ca9-5202-b086-f93f2a220731.mp3: WARNING: 
There are no credentials provided in your command and environment, we will query for account key for your storage account.
It is recommended to provide --connection-string, --account-key or --sas-token in your command as credentials.

You also can add `--auth-mode login` in your command to use Azure Active Directory (Azure AD) for authorization if your login account is assigned required RBAC roles.
For more information about RBAC roles in storage, visit https://learn.microsoft.com/azure/storage/common/storage-auth-aad-rbac-cli.

In addition, setting the corresponding environment variables can avoid inputting credentials in your command. Please use --help to get more information about environment variable usage.
ERROR: The specified blob already exists.
RequestId:c5ca6988-001e-0014-633e-a3ad15000000
Time:2026-02-21T14:28:42.7687511Z
ErrorCode:BlobAlreadyExists
If you want to overwrite the existing one, please add --overwrite in your command.

[2026-02-21 09:28:46] Upload failed for 02d594e7-d99a-5bfd-abfe-651fdbbbda8f.mp3: WARNING: 
There are no credentials provided in your command and environment, we will query for account key for your storage account.
It is recommended to provide --connection-string, --account-key or --sas-token in your command as credentials.

You also can add `--auth-mode login` in your command to use Azure Active Directory (Azure AD) for authorization if your login account is assigned required RBAC roles.
For more information about RBAC roles in storage, visit https://learn.microsoft.com/azure/storage/common/storage-auth-aad-rbac-cli.

In addition, setting the corresponding environment variables can avoid inputting credentials in your command. Please use --help to get more information about environment variable usage.
ERROR: The specified blob already exists.
RequestId:bd34a005-601e-003d-0b3e-a39361000000
Time:2026-02-21T14:28:46.3848448Z
ErrorCode:BlobAlreadyExists
If you want to overwrite the existing one, please add --overwrite in your command.

[2026-02-21 09:28:55] Upload failed for 02d9a4d6-4fe1-5e68-91d7-efc77e67faad.mp3: WARNING: 
There are no credentials provided in your command and environment, we will query for account key for your storage account.
It is recommended to provide --connection-string, --account-key or --sas-token in your command as credentials.

You also can add `--auth-mode login` in your command to use Azure Active Directory (Azure AD) for authorization if your login account is assigned required RBAC roles.
For more information about RBAC roles in storage, visit https://learn.microsoft.com/azure/storage/common/storage-auth-aad-rbac-cli.

In addition, setting the corresponding environment variables can avoid inputting credentials in your command. Please use --help to get more information about environment variable usage.
ERROR: The specified blob already exists.
RequestId:1f0055df-a01e-00e9-243e-a32330000000
Time:2026-02-21T14:28:55.0024981Z
ErrorCode:BlobAlreadyExists
If you want to overwrite the existing one, please add --overwrite in your command.

[2026-02-21 09:29:00] Upload failed for 02dea7e0-24de-5ec6-80a5-ebf6a851874e.mp3: WARNING: 
There are no credentials provided in your command and environment, we will query for account key for your storage account.
It is recommended to provide --connection-string, --account-key or --sas-token in your command as credentials.

You also can add `--auth-mode login` in your command to use Azure Active Directory (Azure AD) for authorization if your login account is assigned required RBAC roles.
For more information about RBAC roles in storage, visit https://learn.microsoft.com/azure/storage/common/storage-auth-aad-rbac-cli.

In addition, setting the corresponding environment variables can avoid inputting credentials in your command. Please use --help to get more information about environment variable usage.
ERROR: The specified blob already exists.
RequestId:0cb6ad94-a01e-00a4-193e-a3ecdc000000
Time:2026-02-21T14:29:00.4368730Z
ErrorCode:BlobAlreadyExists
If you want to overwrite the existing one, please add --overwrite in your command.

[2026-02-21 09:29:03] Upload failed for 02fafea7-4adf-5e4d-a927-d93603beb15c.mp3: WARNING: 
There are no credentials provided in your command and environment, we will query for account key for your storage account.
It is recommended to provide --connection-string, --account-key or --sas-token in your command as credentials.

You also can add `--auth-mode login` in your command to use Azure Active Directory (Azure AD) for authorization if your login account is assigned required RBAC roles.
For more information about RBAC roles in storage, visit https://learn.microsoft.com/azure/storage/common/storage-auth-aad-rbac-cli.

In addition, setting the corresponding environment variables can avoid inputting credentials in your command. Please use --help to get more information about environment variable usage.
ERROR: The specified blob already exists.
RequestId:94c3d90c-801e-000a-6e3e-a341cd000000
Time:2026-02-21T14:29:02.9373816Z
ErrorCode:BlobAlreadyExists
If you want to overwrite the existing one, please add --overwrite in your command.

[2026-02-21 09:29:07] Upload failed for 03093c4b-0076-52c5-94cb-81051be1b0d7.mp3: WARNING: 
There are no credentials provided in your command and environment, we will query for account key for your storage account.
It is recommended to provide --connection-string, --account-key or --sas-token in your command as credentials.

You also can add `--auth-mode login` in your command to use Azure Active Directory (Azure AD) for authorization if your login account is assigned required RBAC roles.
For more information about RBAC roles in storage, visit https://learn.microsoft.com/azure/storage/common/storage-auth-aad-rbac-cli.

In addition, setting the corresponding environment variables can avoid inputting credentials in your command. Please use --help to get more information about environment variable usage.
ERROR: The specified blob already exists.
RequestId:b6e80488-201e-0003-473e-a3041e000000
Time:2026-02-21T14:29:06.8897686Z
ErrorCode:BlobAlreadyExists
If you want to overwrite the existing one, please add --overwrite in your command.

[2026-02-21 09:29:09] Upload failed for 030a7349-0ae7-52de-9a95-733b0e0f3b64.mp3: WARNING: 
There are no credentials provided in your command and environment, we will query for account key for your storage account.
It is recommended to provide --connection-string, --account-key or --sas-token in your command as credentials.

You also can add `--auth-mode login` in your command to use Azure Active Directory (Azure AD) for authorization if your login account is assigned required RBAC roles.
For more information about RBAC roles in storage, visit https://learn.microsoft.com/azure/storage/common/storage-auth-aad-rbac-cli.

In addition, setting the corresponding environment variables can avoid inputting credentials in your command. Please use --help to get more information about environment variable usage.
ERROR: The specified blob already exists.
RequestId:ff3b9fcc-601e-002d-3d3e-a35609000000
Time:2026-02-21T14:29:09.0908557Z
ErrorCode:BlobAlreadyExists
If you want to overwrite the existing one, please add --overwrite in your command.

[2026-02-21 09:29:30] Upload failed for 0312d7be-36d5-591b-94c4-9a380604a5c6.mp3: WARNING: 
There are no credentials provided in your command and environment, we will query for account key for your storage account.
It is recommended to provide --connection-string, --account-key or --sas-token in your command as credentials.

You also can add `--auth-mode login` in your command to use Azure Active Directory (Azure AD) for authorization if your login account is assigned required RBAC roles.
For more information about RBAC roles in storage, visit https://learn.microsoft.com/azure/storage/common/storage-auth-aad-rbac-cli.

In addition, setting the corresponding environment variables can avoid inputting credentials in your command. Please use --help to get more information about environment variable usage.
ERROR: The specified blob already exists.
RequestId:bff7c13e-201e-00e7-4b3e-a30a80000000
Time:2026-02-21T14:29:30.2740661Z
ErrorCode:BlobAlreadyExists
If you want to overwrite the existing one, please add --overwrite in your command.

[2026-02-21 09:29:36] Upload failed for 03256674-c388-5ad0-8aca-2085e781b044.mp3: WARNING: 
There are no credentials provided in your command and environment, we will query for account key for your storage account.
It is recommended to provide --connection-string, --account-key or --sas-token in your command as credentials.

You also can add `--auth-mode login` in your command to use Azure Active Directory (Azure AD) for authorization if your login account is assigned required RBAC roles.
For more information about RBAC roles in storage, visit https://learn.microsoft.com/azure/storage/common/storage-auth-aad-rbac-cli.

In addition, setting the corresponding environment variables can avoid inputting credentials in your command. Please use --help to get more information about environment variable usage.
ERROR: The specified blob already exists.
RequestId:66f73923-f01e-0086-053e-a329c3000000
Time:2026-02-21T14:29:35.9000302Z
ErrorCode:BlobAlreadyExists
If you want to overwrite the existing one, please add --overwrite in your command.

[2026-02-21 09:29:39] Upload failed for 0342bb07-d5c1-5c3c-abc1-b8d6c3461641.mp3: WARNING: 
There are no credentials provided in your command and environment, we will query for account key for your storage account.
It is recommended to provide --connection-string, --account-key or --sas-token in your command as credentials.

You also can add `--auth-mode login` in your command to use Azure Active Directory (Azure AD) for authorization if your login account is assigned required RBAC roles.
For more information about RBAC roles in storage, visit https://learn.microsoft.com/azure/storage/common/storage-auth-aad-rbac-cli.

In addition, setting the corresponding environment variables can avoid inputting credentials in your command. Please use --help to get more information about environment variable usage.
ERROR: The specified blob already exists.
RequestId:b768568b-c01e-00ff-363e-a3d5e7000000
Time:2026-02-21T14:29:39.2427201Z
ErrorCode:BlobAlreadyExists
If you want to overwrite the existing one, please add --overwrite in your command.

[2026-02-21 09:29:43] Upload failed for 034bce7d-22b5-53ef-9a06-a6515f0ae671.mp3: WARNING: 
There are no credentials provided in your command and environment, we will query for account key for your storage account.
It is recommended to provide --connection-string, --account-key or --sas-token in your command as credentials.

You also can add `--auth-mode login` in your command to use Azure Active Directory (Azure AD) for authorization if your login account is assigned required RBAC roles.
For more information about RBAC roles in storage, visit https://learn.microsoft.com/azure/storage/common/storage-auth-aad-rbac-cli.

In addition, setting the corresponding environment variables can avoid inputting credentials in your command. Please use --help to get more information about environment variable usage.
ERROR: The specified blob already exists.
RequestId:6818bbed-a01e-001d-033e-a3e8c6000000
Time:2026-02-21T14:29:43.0389474Z
ErrorCode:BlobAlreadyExists
If you want to overwrite the existing one, please add --overwrite in your command.

[2026-02-21 09:29:45] Upload failed for 034bf215-3603-55ea-a0c0-469cb2b3583e.mp3: WARNING: 
There are no credentials provided in your command and environment, we will query for account key for your storage account.
It is recommended to provide --connection-string, --account-key or --sas-token in your command as credentials.

You also can add `--auth-mode login` in your command to use Azure Active Directory (Azure AD) for authorization if your login account is assigned required RBAC roles.
For more information about RBAC roles in storage, visit https://learn.microsoft.com/azure/storage/common/storage-auth-aad-rbac-cli.

In addition, setting the corresponding environment variables can avoid inputting credentials in your command. Please use --help to get more information about environment variable usage.
ERROR: The specified blob already exists.
RequestId:095d05c1-801e-0035-693e-a3896e000000
Time:2026-02-21T14:29:45.2833767Z
ErrorCode:BlobAlreadyExists
If you want to overwrite the existing one, please add --overwrite in your command.

[2026-02-21 09:29:47] Upload failed for 036a965e-652e-5769-9118-2be280fff707.mp3: WARNING: 
There are no credentials provided in your command and environment, we will query for account key for your storage account.
It is recommended to provide --connection-string, --account-key or --sas-token in your command as credentials.

You also can add `--auth-mode login` in your command to use Azure Active Directory (Azure AD) for authorization if your login account is assigned required RBAC roles.
For more information about RBAC roles in storage, visit https://learn.microsoft.com/azure/storage/common/storage-auth-aad-rbac-cli.

In addition, setting the corresponding environment variables can avoid inputting credentials in your command. Please use --help to get more information about environment variable usage.
ERROR: The specified blob already exists.
RequestId:8fbb1ac0-601e-0012-143e-a39eaa000000
Time:2026-02-21T14:29:47.5762142Z
ErrorCode:BlobAlreadyExists
If you want to overwrite the existing one, please add --overwrite in your command.

[2026-02-21 09:29:52] Upload failed for 0381baa3-d016-513b-8bb8-95a829f7b77d.mp3: WARNING: 
There are no credentials provided in your command and environment, we will query for account key for your storage account.
It is recommended to provide --connection-string, --account-key or --sas-token in your command as credentials.

You also can add `--auth-mode login` in your command to use Azure Active Directory (Azure AD) for authorization if your login account is assigned required RBAC roles.
For more information about RBAC roles in storage, visit https://learn.microsoft.com/azure/storage/common/storage-auth-aad-rbac-cli.

In addition, setting the corresponding environment variables can avoid inputting credentials in your command. Please use --help to get more information about environment variable usage.
ERROR: The specified blob already exists.
RequestId:0fd7932d-b01e-00e5-513e-a3b438000000
Time:2026-02-21T14:29:52.1698774Z
ErrorCode:BlobAlreadyExists
If you want to overwrite the existing one, please add --overwrite in your command.

[2026-02-21 09:29:56] Upload failed for 038c6554-ddd1-5155-a2a5-539fa84c8634.mp3: WARNING: 
There are no credentials provided in your command and environment, we will query for account key for your storage account.
It is recommended to provide --connection-string, --account-key or --sas-token in your command as credentials.

You also can add `--auth-mode login` in your command to use Azure Active Directory (Azure AD) for authorization if your login account is assigned required RBAC roles.
For more information about RBAC roles in storage, visit https://learn.microsoft.com/azure/storage/common/storage-auth-aad-rbac-cli.

In addition, setting the corresponding environment variables can avoid inputting credentials in your command. Please use --help to get more information about environment variable usage.
ERROR: The specified blob already exists.
RequestId:49be20b9-501e-0026-2e3e-a3ad62000000
Time:2026-02-21T14:29:56.1059366Z
ErrorCode:BlobAlreadyExists
If you want to overwrite the existing one, please add --overwrite in your command.

[2026-02-21 09:29:59] Upload failed for 038ece99-33e0-5e5d-89d0-aa85013df17c.mp3: WARNING: 
There are no credentials provided in your command and environment, we will query for account key for your storage account.
It is recommended to provide --connection-string, --account-key or --sas-token in your command as credentials.

You also can add `--auth-mode login` in your command to use Azure Active Directory (Azure AD) for authorization if your login account is assigned required RBAC roles.
For more information about RBAC roles in storage, visit https://learn.microsoft.com/azure/storage/common/storage-auth-aad-rbac-cli.

In addition, setting the corresponding environment variables can avoid inputting credentials in your command. Please use --help to get more information about environment variable usage.
ERROR: The specified blob already exists.
RequestId:71dd116d-701e-0053-403e-a3c64e000000
Time:2026-02-21T14:29:58.9542657Z
ErrorCode:BlobAlreadyExists
If you want to overwrite the existing one, please add --overwrite in your command.

[2026-02-21 09:30:07] Upload failed for 0397aac9-4768-5134-b854-3220c55234fe.mp3: WARNING: 
There are no credentials provided in your command and environment, we will query for account key for your storage account.
It is recommended to provide --connection-string, --account-key or --sas-token in your command as credentials.

You also can add `--auth-mode login` in your command to use Azure Active Directory (Azure AD) for authorization if your login account is assigned required RBAC roles.
For more information about RBAC roles in storage, visit https://learn.microsoft.com/azure/storage/common/storage-auth-aad-rbac-cli.

In addition, setting the corresponding environment variables can avoid inputting credentials in your command. Please use --help to get more information about environment variable usage.
ERROR: The specified blob already exists.
RequestId:ef0267a4-f01e-0072-123e-a3e235000000
Time:2026-02-21T14:30:06.8303508Z
ErrorCode:BlobAlreadyExists
If you want to overwrite the existing one, please add --overwrite in your command.

[2026-02-21 09:30:09] Upload failed for 03a36d77-ef3c-5b52-9ac6-edd827a00eed.mp3: WARNING: 
There are no credentials provided in your command and environment, we will query for account key for your storage account.
It is recommended to provide --connection-string, --account-key or --sas-token in your command as credentials.

You also can add `--auth-mode login` in your command to use Azure Active Directory (Azure AD) for authorization if your login account is assigned required RBAC roles.
For more information about RBAC roles in storage, visit https://learn.microsoft.com/azure/storage/common/storage-auth-aad-rbac-cli.

In addition, setting the corresponding environment variables can avoid inputting credentials in your command. Please use --help to get more information about environment variable usage.
ERROR: The specified blob already exists.
RequestId:970c5e3e-b01e-0001-453e-a3baa6000000
Time:2026-02-21T14:30:09.4480345Z
ErrorCode:BlobAlreadyExists
If you want to overwrite the existing one, please add --overwrite in your command.

[2026-02-21 09:30:12] Upload failed for 03c2c6dd-ec61-5ce9-acd6-20db76fdc238.mp3: WARNING: 
There are no credentials provided in your command and environment, we will query for account key for your storage account.
It is recommended to provide --connection-string, --account-key or --sas-token in your command as credentials.

You also can add `--auth-mode login` in your command to use Azure Active Directory (Azure AD) for authorization if your login account is assigned required RBAC roles.
For more information about RBAC roles in storage, visit https://learn.microsoft.com/azure/storage/common/storage-auth-aad-rbac-cli.

In addition, setting the corresponding environment variables can avoid inputting credentials in your command. Please use --help to get more information about environment variable usage.
ERROR: The specified blob already exists.
RequestId:ec046307-701e-00a7-663e-a30db8000000
Time:2026-02-21T14:30:12.1425543Z
ErrorCode:BlobAlreadyExists
If you want to overwrite the existing one, please add --overwrite in your command.

[2026-02-21 09:30:15] Upload failed for 03c81dc0-51ca-5ed8-b742-315449cba33e.mp3: WARNING: 
There are no credentials provided in your command and environment, we will query for account key for your storage account.
It is recommended to provide --connection-string, --account-key or --sas-token in your command as credentials.

You also can add `--auth-mode login` in your command to use Azure Active Directory (Azure AD) for authorization if your login account is assigned required RBAC roles.
For more information about RBAC roles in storage, visit https://learn.microsoft.com/azure/storage/common/storage-auth-aad-rbac-cli.

In addition, setting the corresponding environment variables can avoid inputting credentials in your command. Please use --help to get more information about environment variable usage.
ERROR: The specified blob already exists.
RequestId:ec243dc0-a01e-008b-193e-a3e117000000
Time:2026-02-21T14:30:15.7288498Z
ErrorCode:BlobAlreadyExists
If you want to overwrite the existing one, please add --overwrite in your command.

[2026-02-21 09:30:18] Upload failed for 03c9016e-d0cb-514a-bf9e-f1e8338b77a1.mp3: WARNING: 
There are no credentials provided in your command and environment, we will query for account key for your storage account.
It is recommended to provide --connection-string, --account-key or --sas-token in your command as credentials.

You also can add `--auth-mode login` in your command to use Azure Active Directory (Azure AD) for authorization if your login account is assigned required RBAC roles.
For more information about RBAC roles in storage, visit https://learn.microsoft.com/azure/storage/common/storage-auth-aad-rbac-cli.

In addition, setting the corresponding environment variables can avoid inputting credentials in your command. Please use --help to get more information about environment variable usage.
ERROR: The specified blob already exists.
RequestId:088fcaab-e01e-00d7-173e-a3b44f000000
Time:2026-02-21T14:30:18.3845269Z
ErrorCode:BlobAlreadyExists
If you want to overwrite the existing one, please add --overwrite in your command.

[2026-02-21 09:30:27] Upload failed for 03d31600-07b1-5f6b-b514-fbbba0ae432c.mp3: WARNING: 
There are no credentials provided in your command and environment, we will query for account key for your storage account.
It is recommended to provide --connection-string, --account-key or --sas-token in your command as credentials.

You also can add `--auth-mode login` in your command to use Azure Active Directory (Azure AD) for authorization if your login account is assigned required RBAC roles.
For more information about RBAC roles in storage, visit https://learn.microsoft.com/azure/storage/common/storage-auth-aad-rbac-cli.

In addition, setting the corresponding environment variables can avoid inputting credentials in your command. Please use --help to get more information about environment variable usage.
ERROR: The specified blob already exists.
RequestId:996f4cbd-301e-0030-353e-a35bb5000000
Time:2026-02-21T14:30:27.4181735Z
ErrorCode:BlobAlreadyExists
If you want to overwrite the existing one, please add --overwrite in your command.

[2026-02-21 09:30:33] Upload failed for 03d5c24c-bbbc-5ca1-8b36-3ebeda4ffd0e.mp3: WARNING: 
There are no credentials provided in your command and environment, we will query for account key for your storage account.
It is recommended to provide --connection-string, --account-key or --sas-token in your command as credentials.

You also can add `--auth-mode login` in your command to use Azure Active Directory (Azure AD) for authorization if your login account is assigned required RBAC roles.
For more information about RBAC roles in storage, visit https://learn.microsoft.com/azure/storage/common/storage-auth-aad-rbac-cli.

In addition, setting the corresponding environment variables can avoid inputting credentials in your command. Please use --help to get more information about environment variable usage.
ERROR: The specified blob already exists.
RequestId:fe245043-f01e-00f4-123e-a32e8c000000
Time:2026-02-21T14:30:33.4264282Z
ErrorCode:BlobAlreadyExists
If you want to overwrite the existing one, please add --overwrite in your command.

[2026-02-21 09:30:40] Upload failed for 03dab412-2469-532d-92da-f68c5fcf2a0d.mp3: WARNING: 
There are no credentials provided in your command and environment, we will query for account key for your storage account.
It is recommended to provide --connection-string, --account-key or --sas-token in your command as credentials.

You also can add `--auth-mode login` in your command to use Azure Active Directory (Azure AD) for authorization if your login account is assigned required RBAC roles.
For more information about RBAC roles in storage, visit https://learn.microsoft.com/azure/storage/common/storage-auth-aad-rbac-cli.

In addition, setting the corresponding environment variables can avoid inputting credentials in your command. Please use --help to get more information about environment variable usage.
ERROR: The specified blob already exists.
RequestId:2aa960ef-701e-0021-7f3e-a3c101000000
Time:2026-02-21T14:30:40.2839337Z
ErrorCode:BlobAlreadyExists
If you want to overwrite the existing one, please add --overwrite in your command.

[2026-02-21 09:30:44] Upload failed for 03dac62f-a106-55f2-a44f-0a68675e9aa7.mp3: WARNING: 
There are no credentials provided in your command and environment, we will query for account key for your storage account.
It is recommended to provide --connection-string, --account-key or --sas-token in your command as credentials.

You also can add `--auth-mode login` in your command to use Azure Active Directory (Azure AD) for authorization if your login account is assigned required RBAC roles.
For more information about RBAC roles in storage, visit https://learn.microsoft.com/azure/storage/common/storage-auth-aad-rbac-cli.

In addition, setting the corresponding environment variables can avoid inputting credentials in your command. Please use --help to get more information about environment variable usage.
ERROR: The specified blob already exists.
RequestId:c13f81a5-701e-0088-4c3e-a30073000000
Time:2026-02-21T14:30:43.8340718Z
ErrorCode:BlobAlreadyExists
If you want to overwrite the existing one, please add --overwrite in your command.

[2026-02-21 09:30:50] Upload failed for 03dfd314-9fcd-597c-98c7-b77c34ff8cbb.mp3: WARNING: 
There are no credentials provided in your command and environment, we will query for account key for your storage account.
It is recommended to provide --connection-string, --account-key or --sas-token in your command as credentials.

You also can add `--auth-mode login` in your command to use Azure Active Directory (Azure AD) for authorization if your login account is assigned required RBAC roles.
For more information about RBAC roles in storage, visit https://learn.microsoft.com/azure/storage/common/storage-auth-aad-rbac-cli.

In addition, setting the corresponding environment variables can avoid inputting credentials in your command. Please use --help to get more information about environment variable usage.
ERROR: The specified blob already exists.
RequestId:90c75e8c-001e-0076-283e-a36f32000000
Time:2026-02-21T14:30:49.8516684Z
ErrorCode:BlobAlreadyExists
If you want to overwrite the existing one, please add --overwrite in your command.

[2026-02-21 09:30:55] Upload failed for 03e257fb-748e-5b5e-a8ff-71ad5606a31d.mp3: WARNING: 
There are no credentials provided in your command and environment, we will query for account key for your storage account.
It is recommended to provide --connection-string, --account-key or --sas-token in your command as credentials.

You also can add `--auth-mode login` in your command to use Azure Active Directory (Azure AD) for authorization if your login account is assigned required RBAC roles.
For more information about RBAC roles in storage, visit https://learn.microsoft.com/azure/storage/common/storage-auth-aad-rbac-cli.

In addition, setting the corresponding environment variables can avoid inputting credentials in your command. Please use --help to get more information about environment variable usage.
ERROR: The specified blob already exists.
RequestId:0890189e-e01e-00d7-103e-a3b44f000000
Time:2026-02-21T14:30:55.5309937Z
ErrorCode:BlobAlreadyExists
If you want to overwrite the existing one, please add --overwrite in your command.

[2026-02-21 09:31:04] Upload failed for 03e81ec3-e93a-545b-ab1c-3962efe63149.mp3: WARNING: 
There are no credentials provided in your command and environment, we will query for account key for your storage account.
It is recommended to provide --connection-string, --account-key or --sas-token in your command as credentials.

You also can add `--auth-mode login` in your command to use Azure Active Directory (Azure AD) for authorization if your login account is assigned required RBAC roles.
For more information about RBAC roles in storage, visit https://learn.microsoft.com/azure/storage/common/storage-auth-aad-rbac-cli.

In addition, setting the corresponding environment variables can avoid inputting credentials in your command. Please use --help to get more information about environment variable usage.
ERROR: The specified blob already exists.
RequestId:ab962eba-d01e-0017-4e3e-a34c71000000
Time:2026-02-21T14:31:04.1754645Z
ErrorCode:BlobAlreadyExists
If you want to overwrite the existing one, please add --overwrite in your command.

[2026-02-21 09:31:09] Upload failed for 03ebad10-ae5b-5082-900f-1062158d3556.mp3: WARNING: 
There are no credentials provided in your command and environment, we will query for account key for your storage account.
It is recommended to provide --connection-string, --account-key or --sas-token in your command as credentials.

You also can add `--auth-mode login` in your command to use Azure Active Directory (Azure AD) for authorization if your login account is assigned required RBAC roles.
For more information about RBAC roles in storage, visit https://learn.microsoft.com/azure/storage/common/storage-auth-aad-rbac-cli.

In addition, setting the corresponding environment variables can avoid inputting credentials in your command. Please use --help to get more information about environment variable usage.
ERROR: The specified blob already exists.
RequestId:1324522b-e01e-001c-463e-a3b71a000000
Time:2026-02-21T14:31:09.7558700Z
ErrorCode:BlobAlreadyExists
If you want to overwrite the existing one, please add --overwrite in your command.

[2026-02-21 09:31:15] Upload failed for 03f6f629-0a37-5dad-bf59-e3736d1a1f6d.mp3: WARNING: 
There are no credentials provided in your command and environment, we will query for account key for your storage account.
It is recommended to provide --connection-string, --account-key or --sas-token in your command as credentials.

You also can add `--auth-mode login` in your command to use Azure Active Directory (Azure AD) for authorization if your login account is assigned required RBAC roles.
For more information about RBAC roles in storage, visit https://learn.microsoft.com/azure/storage/common/storage-auth-aad-rbac-cli.

In addition, setting the corresponding environment variables can avoid inputting credentials in your command. Please use --help to get more information about environment variable usage.
ERROR: The specified blob already exists.
RequestId:56c08a9d-201e-003c-7b3e-a3ccbd000000
Time:2026-02-21T14:31:15.1102598Z
ErrorCode:BlobAlreadyExists
If you want to overwrite the existing one, please add --overwrite in your command.

[2026-02-21 09:31:24] Upload failed for 03f96a3b-758b-5f5e-b7a2-9cc733d51fa2.mp3: WARNING: 
There are no credentials provided in your command and environment, we will query for account key for your storage account.
It is recommended to provide --connection-string, --account-key or --sas-token in your command as credentials.

You also can add `--auth-mode login` in your command to use Azure Active Directory (Azure AD) for authorization if your login account is assigned required RBAC roles.
For more information about RBAC roles in storage, visit https://learn.microsoft.com/azure/storage/common/storage-auth-aad-rbac-cli.

In addition, setting the corresponding environment variables can avoid inputting credentials in your command. Please use --help to get more information about environment variable usage.
ERROR: The specified blob already exists.
RequestId:568ae89f-301e-0042-2b3e-a35cfa000000
Time:2026-02-21T14:31:24.5764685Z
ErrorCode:BlobAlreadyExists
If you want to overwrite the existing one, please add --overwrite in your command.

[2026-02-21 09:31:28] Upload failed for 0404547a-df45-5f4b-90b2-725bbf5ce955.mp3: WARNING: 
There are no credentials provided in your command and environment, we will query for account key for your storage account.
It is recommended to provide --connection-string, --account-key or --sas-token in your command as credentials.

You also can add `--auth-mode login` in your command to use Azure Active Directory (Azure AD) for authorization if your login account is assigned required RBAC roles.
For more information about RBAC roles in storage, visit https://learn.microsoft.com/azure/storage/common/storage-auth-aad-rbac-cli.

In addition, setting the corresponding environment variables can avoid inputting credentials in your command. Please use --help to get more information about environment variable usage.
ERROR: The specified blob already exists.
RequestId:c7fd929b-301e-00c4-6c3e-a39043000000
Time:2026-02-21T14:31:28.1001605Z
ErrorCode:BlobAlreadyExists
If you want to overwrite the existing one, please add --overwrite in your command.

[2026-02-21 09:31:34] Upload failed for 041315e6-0b11-5a7a-8b0e-994fd4d0fc3f.mp3: WARNING: 
There are no credentials provided in your command and environment, we will query for account key for your storage account.
It is recommended to provide --connection-string, --account-key or --sas-token in your command as credentials.

You also can add `--auth-mode login` in your command to use Azure Active Directory (Azure AD) for authorization if your login account is assigned required RBAC roles.
For more information about RBAC roles in storage, visit https://learn.microsoft.com/azure/storage/common/storage-auth-aad-rbac-cli.

In addition, setting the corresponding environment variables can avoid inputting credentials in your command. Please use --help to get more information about environment variable usage.
ERROR: The specified blob already exists.
RequestId:b1315ad4-a01e-0022-343e-a32065000000
Time:2026-02-21T14:31:33.8829248Z
ErrorCode:BlobAlreadyExists
If you want to overwrite the existing one, please add --overwrite in your command.

[2026-02-21 09:32:39] Upload failed for 04180f05-750e-5e3a-9c86-05a970bdb17a.mp3: WARNING: 
There are no credentials provided in your command and environment, we will query for account key for your storage account.
It is recommended to provide --connection-string, --account-key or --sas-token in your command as credentials.

You also can add `--auth-mode login` in your command to use Azure Active Directory (Azure AD) for authorization if your login account is assigned required RBAC roles.
For more information about RBAC roles in storage, visit https://learn.microsoft.com/azure/storage/common/storage-auth-aad-rbac-cli.

In addition, setting the corresponding environment variables can avoid inputting credentials in your command. Please use --help to get more information about environment variable usage.
ERROR: The specified blob already exists.
RequestId:ed1b40d1-901e-00dd-193e-a310f8000000
Time:2026-02-21T14:32:39.3583701Z
ErrorCode:BlobAlreadyExists
If you want to overwrite the existing one, please add --overwrite in your command.

[2026-02-21 09:32:43] Upload failed for 0420a001-a60b-5339-99fb-43e0a58448b6.mp3: WARNING: 
There are no credentials provided in your command and environment, we will query for account key for your storage account.
It is recommended to provide --connection-string, --account-key or --sas-token in your command as credentials.

You also can add `--auth-mode login` in your command to use Azure Active Directory (Azure AD) for authorization if your login account is assigned required RBAC roles.
For more information about RBAC roles in storage, visit https://learn.microsoft.com/azure/storage/common/storage-auth-aad-rbac-cli.

In addition, setting the corresponding environment variables can avoid inputting credentials in your command. Please use --help to get more information about environment variable usage.
ERROR: The specified blob already exists.
RequestId:16d075ae-701e-0043-693e-a30326000000
Time:2026-02-21T14:32:43.2581175Z
ErrorCode:BlobAlreadyExists
If you want to overwrite the existing one, please add --overwrite in your command.

[2026-02-21 09:32:46] Upload failed for 042cb8eb-5416-59fe-96d6-8598340b0aff.mp3: WARNING: 
There are no credentials provided in your command and environment, we will query for account key for your storage account.
It is recommended to provide --connection-string, --account-key or --sas-token in your command as credentials.

You also can add `--auth-mode login` in your command to use Azure Active Directory (Azure AD) for authorization if your login account is assigned required RBAC roles.
For more information about RBAC roles in storage, visit https://learn.microsoft.com/azure/storage/common/storage-auth-aad-rbac-cli.

In addition, setting the corresponding environment variables can avoid inputting credentials in your command. Please use --help to get more information about environment variable usage.
ERROR: The specified blob already exists.
RequestId:24980865-501e-00c2-703e-a3a3fc000000
Time:2026-02-21T14:32:46.7234215Z
ErrorCode:BlobAlreadyExists
If you want to overwrite the existing one, please add --overwrite in your command.

[2026-02-21 09:32:50] Upload failed for 0444c08b-0866-58bc-8c02-9a42f3ad3f50.mp3: WARNING: 
There are no credentials provided in your command and environment, we will query for account key for your storage account.
It is recommended to provide --connection-string, --account-key or --sas-token in your command as credentials.

You also can add `--auth-mode login` in your command to use Azure Active Directory (Azure AD) for authorization if your login account is assigned required RBAC roles.
For more information about RBAC roles in storage, visit https://learn.microsoft.com/azure/storage/common/storage-auth-aad-rbac-cli.

In addition, setting the corresponding environment variables can avoid inputting credentials in your command. Please use --help to get more information about environment variable usage.
ERROR: The specified blob already exists.
RequestId:fd2bcb20-801e-0025-573e-a34c06000000
Time:2026-02-21T14:32:50.7252914Z
ErrorCode:BlobAlreadyExists
If you want to overwrite the existing one, please add --overwrite in your command.

[2026-02-21 09:32:57] Upload failed for 0451a84a-2248-5fd2-9e47-6050735eb305.mp3: WARNING: 
There are no credentials provided in your command and environment, we will query for account key for your storage account.
It is recommended to provide --connection-string, --account-key or --sas-token in your command as credentials.

You also can add `--auth-mode login` in your command to use Azure Active Directory (Azure AD) for authorization if your login account is assigned required RBAC roles.
For more information about RBAC roles in storage, visit https://learn.microsoft.com/azure/storage/common/storage-auth-aad-rbac-cli.

In addition, setting the corresponding environment variables can avoid inputting credentials in your command. Please use --help to get more information about environment variable usage.
ERROR: The specified blob already exists.
RequestId:c5f1203f-601e-00bb-783e-a35fd8000000
Time:2026-02-21T14:32:56.9753224Z
ErrorCode:BlobAlreadyExists
If you want to overwrite the existing one, please add --overwrite in your command.

[2026-02-21 09:33:03] Upload failed for 04549ed2-f841-5559-be70-1b7f4f98ef13.mp3: WARNING: 
There are no credentials provided in your command and environment, we will query for account key for your storage account.
It is recommended to provide --connection-string, --account-key or --sas-token in your command as credentials.

You also can add `--auth-mode login` in your command to use Azure Active Directory (Azure AD) for authorization if your login account is assigned required RBAC roles.
For more information about RBAC roles in storage, visit https://learn.microsoft.com/azure/storage/common/storage-auth-aad-rbac-cli.

In addition, setting the corresponding environment variables can avoid inputting credentials in your command. Please use --help to get more information about environment variable usage.
ERROR: The specified blob already exists.
RequestId:91956d67-f01e-004d-083e-a32a96000000
Time:2026-02-21T14:33:03.7520424Z
ErrorCode:BlobAlreadyExists
If you want to overwrite the existing one, please add --overwrite in your command.

[2026-02-21 09:33:12] Upload failed for 045690e6-2228-5086-94b9-df7d8a9102a7.mp3: WARNING: 
There are no credentials provided in your command and environment, we will query for account key for your storage account.
It is recommended to provide --connection-string, --account-key or --sas-token in your command as credentials.

You also can add `--auth-mode login` in your command to use Azure Active Directory (Azure AD) for authorization if your login account is assigned required RBAC roles.
For more information about RBAC roles in storage, visit https://learn.microsoft.com/azure/storage/common/storage-auth-aad-rbac-cli.

In addition, setting the corresponding environment variables can avoid inputting credentials in your command. Please use --help to get more information about environment variable usage.
ERROR: The specified blob already exists.
RequestId:2f228430-301e-007d-343e-a39459000000
Time:2026-02-21T14:33:12.6905199Z
ErrorCode:BlobAlreadyExists
If you want to overwrite the existing one, please add --overwrite in your command.

[2026-02-21 09:33:12] Progress: 100/5496 (1.8%)
