[2026-02-23 00:50:35] OK: 7df49a36-d98e-5532-aeff-30a27d8d68f6 | Cordobesita | flac → MP3 | 72.2%
[2026-02-23 00:50:37] OK: 68aaa91a-0154-5aea-a50d-2a0ff87f325a | Firulete | flac → MP3 | 69.1%
[2026-02-23 00:50:40] OK: e7ff6089-098d-5036-b907-06c970a4ab6a | La Cumparsita | flac → MP3 | 51.9%
[2026-02-23 00:50:40] OK: 6b8b88f7-cf56-5d2d-a6da-2814d43f8110 | Besos brujos | flac → MP3 | 73.4%
[2026-02-23 00:50:41] OK: f25b0ebf-6892-5b86-92ab-bcf042efa163 | Adios para siempre | flac → MP3 | 72.6%
[2026-02-23 00:50:43] OK: c62c2911-b193-5d1e-ba77-2a2a96e64da5 | Angustia | flac → MP3 | 70.7%
[2026-02-23 00:50:47] OK: f625da06-db12-52e3-8558-90c2c2b09150 | Arrabalero | flac → MP3 | 71.4%
[2026-02-23 00:50:49] OK: 7bdaa33e-4640-55a6-9fe9-68707b257fa2 | La Cumparsita | flac → MP3 | 56.6%
[2026-02-23 00:50:51] OK: e59647a3-6f27-505f-8b17-3546cea25bb5 | Siempre es Carnaval | flac → MP3 | 71.5%
[2026-02-23 00:50:54] OK: cd3821e0-ca1d-5f0c-ad7a-b1fcb01fb7e6 | Si no me enganas corazon | flac → MP3 | 70.3%
[2026-02-23 00:50:54] OK: 986dd09d-01ef-5cf4-8939-49edea0c26ef | Vuelves (restored) | flac → MP3 | 53.5%
[2026-02-23 00:50:54] OK: fcc33f47-1493-5309-b0b3-886d36dad0de | Como aquella princesa | flac → MP3 | 70.3%
[2026-02-23 00:51:00] OK: 4c688e39-5c7f-539d-a612-043c97a761c0 | Telon | flac → MP3 | 70.7%
[2026-02-23 00:51:02] OK: dc9d28b3-aae3-597b-8a33-2457e41d2ed3 | El Tarta | flac → MP3 | 72.0%
[2026-02-23 00:51:04] OK: dac31daa-345b-57f1-a129-76361458583f | El campeon | flac → MP3 | 72.3%
[2026-02-23 00:51:05] OK: 4e83bf92-e673-5ac7-afbc-55de9e57bd60 | Poliya | flac → MP3 | 69.0%
[2026-02-23 00:51:06] OK: cc09c88e-418a-5e33-b352-48d4000004e8 | Vuelves | flac → MP3 | 66.9%
[2026-02-23 00:51:11] OK: 914a549d-cb0b-5aaf-8413-8f5ba48fd173 | Que Tragedia Senor | flac → MP3 | 71.7%
[2026-02-23 00:51:14] OK: d42d3033-6074-50dc-8a3a-c030c91f0be4 | Corazon Mio! | flac → MP3 | 72.9%
[2026-02-23 00:51:16] OK: 4845cf55-a1f1-5d64-8925-14dcd43eb08d | Sueno Azul | flac → MP3 | 72.8%
[2026-02-23 00:51:17] OK: ae5019fc-8752-5055-893b-7392ce3f992c | Papirusa | flac → MP3 | 54.5%
[2026-02-23 00:51:19] OK: bbb7280f-3e9d-5134-9285-7b0a5d01ddf2 | Divagando | flac → MP3 | 70.2%
[2026-02-23 00:51:21] OK: b846fbe8-396f-5fa3-b56f-00e5dfd2a1a6 | Recuerdos de Bohemia | flac → MP3 | 73.0%
[2026-02-23 00:51:24] OK: 0c44403f-0995-52b6-ab81-d4b3894903ac | Anoranzas | flac → MP3 | 69.4%
[2026-02-23 00:51:27] OK: 471c0c08-234d-5d08-9d46-ffd2e397bb85 | No Quiero Verte LLorar | flac → MP3 | 72.2%
[2026-02-23 00:51:32] OK: e2e5b3b2-1641-527e-89d3-b97023e1239f | Entre suenos | flac → MP3 | 67.8%
[2026-02-23 00:51:33] OK: f41e0866-41e4-5ace-9070-fe458450c25e | Garufa | flac → MP3 | 71.8%
[2026-02-23 00:51:34] OK: 0165be87-b7d8-5f1b-aaad-b7536c2dd1d2 | Naipe marcado | flac → MP3 | 70.3%
[2026-02-23 00:51:36] OK: b40ff07e-641f-5b01-88fa-428f533523f7 | Por vos yo me rompo todo | flac → MP3 | 65.7%
[2026-02-23 00:51:38] OK: 444bc8cc-dccb-56ca-b05a-031730bb4699 | Une derniere fois | flac → MP3 | 58.5%
[2026-02-23 00:51:42] OK: 12f636d6-aef0-5338-8b91-a338f3bf22d5 | Desaliento | flac → MP3 | 64.4%
[2026-02-23 00:51:45] OK: 553fbebd-ed66-51e7-820a-86c181e51eea | Ya No Cantas Chingolo (Chingolito) | flac → MP3 | 59.8%
[2026-02-23 00:51:47] OK: 97ff01cf-a90f-53b1-9002-ce761ce97c4a | Falsedad | flac → MP3 | 62.4%
[2026-02-23 00:51:48] OK: 9d795031-9975-549f-8a02-10c1b04ba5a3 | Lamento Criollo | flac → MP3 | 85.8%
[2026-02-23 00:51:50] OK: 52c349c5-0c25-563e-a37c-d2cf68a4e9b9 | Estampilla | flac → MP3 | 67.5%
[2026-02-23 00:51:52] OK: b7b702eb-187c-530f-8754-6276198fa865 | Desenganao | flac → MP3 | 52.3%
[2026-02-23 00:51:57] OK: 9ed433d7-1789-5e18-831b-287aeecc8ea5 | Vals del amor | flac → MP3 | 64.0%
[2026-02-23 00:51:57] OK: 3725c02d-9965-5c9b-927e-9d73a3144dd0 | La pulpera de Santa Lucia | flac → MP3 | 68.8%
[2026-02-23 00:51:58] OK: d60000ad-60e9-524a-bea1-45365ef99d9c | Malevaje | flac → MP3 | 69.3%
[2026-02-23 00:52:02] OK: 776d3a5b-56bf-5f75-a52b-46c5d6800eba | El Que A Hierro Mata | flac → MP3 | 60.0%
[2026-02-23 00:52:03] OK: 5e39745b-7b7d-5560-89ee-6300e762a2b3 | Ciertos Amores | flac → MP3 | 64.9%
[2026-02-23 00:52:06] OK: 1fd9e10a-a2ab-553d-a72b-fa9577c7e92f | El carrerito | flac → MP3 | 55.8%
[2026-02-23 00:52:10] OK: ef9ab27e-8739-5b0a-9993-0de0eb8cecd2 | Tortura | flac → MP3 | 70.8%
[2026-02-23 00:52:11] OK: 24d47bde-1630-5a14-b640-021c4a9b64f9 | Yo tambien sone | flac → MP3 | 71.2%
[2026-02-23 00:52:13] OK: e2c4ee8b-ea22-5ff1-90eb-61e5ece45e90 | La ribera | flac → MP3 | 62.3%
[2026-02-23 00:52:16] OK: c99bc56f-e1a9-5191-9d9b-ae7eeda81cc7 | Viejos tiempos | flac → MP3 | 62.6%
[2026-02-23 00:52:19] OK: c922025e-e6a0-5b1f-94bc-a9b9471c69f5 | T.B.C. | flac → MP3 | 67.4%
[2026-02-23 00:52:21] OK: 15bb772b-abc5-500f-85b8-d511f578dc56 | Mama yo quiero un novio | flac → MP3 | 60.9%
[2026-02-23 00:52:25] OK: cb91dc99-3828-5752-882e-6a008c1a3d32 | Caminito | flac → MP3 | 68.3%
[2026-02-23 00:52:27] OK: a87c9445-67cf-5a06-9588-29c0a2c00e76 | Alma En Pena | flac → MP3 | 65.0%
[2026-02-23 00:52:28] OK: b952ea7f-5ea4-52e3-9e25-ad0ded976a67 | De a traicion | flac → MP3 | 67.4%
[2026-02-23 00:52:33] OK: 3bbaa176-0b95-5335-a5c5-8ca2ed6b9c53 | Haragan | flac → MP3 | 65.4%
[2026-02-23 00:52:38] OK: 1650bfd9-12aa-50e2-9274-bd1aeefdf0ff | Ilusion | flac → MP3 | 73.4%
[2026-02-23 00:52:39] OK: 318be791-756c-5488-832f-e9f4742df2df | Pura Milonga | flac → MP3 | 88.8%
[2026-02-23 00:52:41] OK: 605462cf-acb8-55b3-bf9e-b75e38d469d5 | Beso vuestra mano, madame | flac → MP3 | 70.0%
[2026-02-23 00:52:43] OK: c26fb213-c763-5dd0-b5e5-73f56c96bdd9 | Zaraza | flac → MP3 | 69.2%
[2026-02-23 00:52:47] OK: 1125e84d-7425-5307-8dd2-0132204c7b20 | Chuzas | flac → MP3 | 73.1%
[2026-02-23 00:52:51] OK: 4c8f539c-7eb2-5d28-a7ac-26ba52b79f72 | Racing Club | flac → MP3 | 73.8%
[2026-02-23 00:52:52] OK: fb100898-1eab-5d89-92b6-a843a5e549ae | Por vos yo me rompo todo | flac → MP3 | 65.6%
[2026-02-23 00:52:52] OK: 3ac7de97-482d-544f-a9dc-28c578f41f1e | El Incendio | flac → MP3 | 64.3%
[2026-02-23 00:52:53] OK: e58bc1fd-d962-5ff4-b342-d85ff1e04811 | La Numero Cinco | flac → MP3 | 66.5%
[2026-02-23 00:52:58] OK: 43ba28b3-9c99-5869-a2d7-3c1028e90e6e | Independiente Club | flac → MP3 | 63.3%
[2026-02-23 00:54:59] WARN: 3f942993-ee3d-5f62-b27d-ab2cb125dc5c - Backup failed: Command '['az', 'storage', 'blob', 'upload', '--account-name', 'nttt', '--container-name', 'v20-originals', '--name', '3f942993-ee3d-5f62-b27d-ab2cb125dc5c.original', '--file', '/var/folders/r4/_tc4gn
[2026-02-23 00:55:01] ERROR: a50fb4c8-5597-5bca-aa10-e74294e688d6 - Upload failed: Command '['az', 'storage', 'blob', 'upload', '--account-name', 'nttt', '--container-name', 'v20', '--name', 'a50fb4c8-5597-5bca-aa10-e74294e688d6.mp3', '--file', '/var/folders/r4/_tc4gnds7yd7prk90mkrv
[2026-02-23 00:55:03] ERROR: a3e6c79a-58e5-51f0-b449-7525d876c0fa - Upload failed: Command '['az', 'storage', 'blob', 'upload', '--account-name', 'nttt', '--container-name', 'v20', '--name', 'a3e6c79a-58e5-51f0-b449-7525d876c0fa.mp3', '--file', '/var/folders/r4/_tc4gnds7yd7prk90mkrv
[2026-02-23 00:55:03] ERROR: bcdfc6cb-7cb7-5127-898a-11cebb30f2b4 - Upload failed: Command '['az', 'storage', 'blob', 'upload', '--account-name', 'nttt', '--container-name', 'v20', '--name', 'bcdfc6cb-7cb7-5127-898a-11cebb30f2b4.mp3', '--file', '/var/folders/r4/_tc4gnds7yd7prk90mkrv
[2026-02-23 00:55:03] ERROR: 7a5c468a-7681-54b4-9d2a-8e3b082aef8a - Upload failed: Command '['az', 'storage', 'blob', 'upload', '--account-name', 'nttt', '--container-name', 'v20', '--name', '7a5c468a-7681-54b4-9d2a-8e3b082aef8a.mp3', '--file', '/var/folders/r4/_tc4gnds7yd7prk90mkrv
[2026-02-23 00:56:02] OK: 3f942993-ee3d-5f62-b27d-ab2cb125dc5c | Orlando Goni | flac → MP3 | 73.0%
[2026-02-23 00:56:07] OK: 60cfbb22-8285-5932-ab43-2ae8888bc4fe | Puro Apronte | flac → MP3 | 62.2%
[2026-02-23 00:56:09] OK: 75b6fe4c-fb73-5278-8594-9a066b849414 | Fraternal | flac → MP3 | 78.6%
[2026-02-23 00:56:14] OK: fb5e0c54-c50a-5f9e-a3d6-4f122d270b79 | Un Regalo De Reyes | flac → MP3 | 72.4%
[2026-02-23 00:56:14] OK: 663f2dca-797d-5b13-a90b-14988ba25e83 | Estas En Mi Corazon | flac → MP3 | 68.0%
[2026-02-23 00:56:16] OK: 5699d7a8-879e-5501-83fd-f8cb709a94d8 | Canzoneta | flac → MP3 | 69.2%
[2026-02-23 00:56:23] OK: e6f32f64-1a01-5f0e-941a-9faa020524f0 | Tu Angustia y Mi Dolor | flac → MP3 | 63.6%
[2026-02-23 00:56:24] OK: f78ad6e8-8ff7-5a47-bec0-fcf8bd704746 | Il est certaines amours | flac → MP3 | 59.8%
[2026-02-23 00:56:28] OK: 405e0f66-61fd-58cb-98f0-94cef970d340 | El engobbiao | flac → MP3 | 74.4%
[2026-02-23 00:56:29] OK: 87a7ee48-ce7c-5535-bb0a-328c9cf4383c | Salto Mortal | flac → MP3 | 66.4%
[2026-02-23 00:56:33] OK: b6f4a3a1-5dfd-5d1a-bdb3-4c4a4f559f3f | A Media Luz | flac → MP3 | 70.2%
[2026-02-23 00:56:35] OK: bd5f4af5-82ab-52d7-bc95-26896d976af3 | Nueve Puntos | flac → MP3 | 66.4%
[2026-02-23 00:56:35] OK: 71dba704-7661-5b3f-9999-d8c6fb6a091f | Entrador | flac → MP3 | 73.9%
[2026-02-23 00:56:39] OK: e02dd925-77d9-5dda-b09f-76aaeb99300f | Sin Vuelta De Hoja | flac → MP3 | 73.7%
[2026-02-23 00:56:42] OK: eca97271-79a9-5729-969a-3e12c4c26e92 | Para Que Vivir Asi | flac → MP3 | 57.8%
[2026-02-23 00:56:44] OK: 117dba4a-b4a2-59ea-b1c8-b87c0aefb1a9 | La viruta | flac → MP3 | 74.3%
[2026-02-23 00:56:50] OK: 17f2cbd2-941e-5e0c-96a1-842e893bff0c | Si Sos Brujo | flac → MP3 | 71.1%
[2026-02-23 00:56:51] OK: d5dff84c-1c9f-5d38-84fb-6bcf2b7513db | Ya No Eres Mia | flac → MP3 | 66.0%
[2026-02-23 00:56:52] OK: 81540b2e-1229-55e8-8d98-8b92fb4b29ef | Por celos nada mas | flac → MP3 | 75.4%
[2026-02-23 00:56:57] OK: c15797ce-9642-5747-bb85-0951bff134d7 | Jueves | flac → MP3 | 64.2%
[2026-02-23 00:56:59] OK: abc35235-9eb3-5271-a94e-2e62f16161df | Rosa Mia | flac → MP3 | 73.0%
[2026-02-23 00:56:59] OK: 0d8daf6c-d7dc-5b4d-9490-6d40d7cb8abe | El andariego | flac → MP3 | 72.9%
[2026-02-23 00:56:59] OK: e2da7754-9c96-5c71-b7eb-095d47e9afbc | Entre tu amor y mi amor | flac → MP3 | 74.2%
[2026-02-23 00:57:08] OK: e3afa290-7ba1-5777-a5dc-9e9d6a92d982 | Rococo | flac → MP3 | 75.1%
[2026-02-23 00:57:11] OK: bbc2bd41-2c1d-5fdc-9b9b-b5584816f403 | La Intriga | flac → MP3 | 65.1%
[2026-02-23 00:57:12] OK: fbfdc74c-d88f-52be-b672-06ec69922d65 | Munequita de arrabal | flac → MP3 | 74.9%
[2026-02-23 00:57:19] OK: bf03d497-7ff7-5165-9b87-45e839cdf37b | Volve Mimosa | flac → MP3 | 74.7%
[2026-02-23 00:57:22] OK: fed7ba30-23e6-5de9-9191-7f9697e9e4d5 | Como Tu Carino | flac → MP3 | 74.7%
[2026-02-23 00:57:28] OK: 11a737b6-7bdf-5462-a912-85a2e9926f5c | Y lloraras como yo | flac → MP3 | 77.4%
[2026-02-23 00:57:29] OK: 949e2769-146f-5282-bbcb-880147106b8c | Fueron tres anos | flac → MP3 | 77.4%
[2026-02-23 00:57:38] OK: 190bea3c-dc89-53c1-846c-8eb5763f71f2 | Haceme cu-cu | flac → MP3 | 74.1%
[2026-02-23 00:57:39] OK: 05190864-0b58-55df-8e7a-a58895e67bbe | Princesa Margarita | flac → MP3 | 74.5%
[2026-02-23 00:57:42] OK: 816872cf-5ea0-5c95-aaff-b9d0c954ead4 | Muchacha | flac → MP3 | 78.8%
[2026-02-23 00:57:47] OK: 886f8444-9e87-5a73-a3df-2619e0ffd523 | Si supiera que la extrano | flac → MP3 | 78.5%
[2026-02-23 00:57:52] OK: d65ac075-fc8e-5aa2-b698-7d5cbd91a7df | Marinera | flac → MP3 | 74.1%
[2026-02-23 00:57:53] OK: 9637eb9f-32dc-59a7-917c-e563ed181761 | Gota De Lluvia | flac → MP3 | 74.5%
[2026-02-23 00:57:56] OK: 72591797-3213-51c6-991a-327f0d2e7415 | Asi bailaban mis abuelos | flac → MP3 | 78.3%
[2026-02-23 00:57:59] OK: b4a71a99-37c3-510d-b5d5-b30cdf48d85e | Malambeando | flac → MP3 | 74.0%
[2026-02-23 00:58:06] OK: 395b1708-a30d-5526-beeb-6da76de85c62 | Yo te canto Buenos Aires | flac → MP3 | 74.4%
[2026-02-23 00:58:06] OK: 92e26b75-7721-5a25-a7cf-317cede162b8 | La cumparsita | flac → MP3 | 78.1%
[2026-02-23 00:58:08] OK: 6b6ddf30-128c-595f-9909-e468539966a4 | Y no me dejes corazon | flac → MP3 | 74.3%
[2026-02-23 00:58:13] OK: 59282015-371f-5430-89c3-d48ebe74ff00 | To Creia Como Todas | flac → MP3 | 74.7%
[2026-02-23 00:58:20] OK: 232e9485-32b1-5c7e-8985-00c58c186c5a | La mano de dios | flac → MP3 | 74.2%
[2026-02-23 00:58:20] OK: e085b7e0-5148-59db-bbb0-86be1611bbed | Una lagrimita | flac → MP3 | 76.9%
[2026-02-23 00:58:21] OK: 843c86c2-9b67-5120-963d-745a16b9f9de | Con Flauta y Guitarra | flac → MP3 | 74.0%
[2026-02-23 00:58:21] OK: 32e71d8a-9606-5959-9a9f-857de9bf8e28 | Algo inolvidable | flac → MP3 | 73.3%
[2026-02-23 01:00:22] WARN: f89c524a-47fa-52ba-9413-1fdb0b5b38c7 - Backup failed: Command '['az', 'storage', 'blob', 'upload', '--account-name', 'nttt', '--container-name', 'v20-originals', '--name', 'f89c524a-47fa-52ba-9413-1fdb0b5b38c7.original', '--file', '/var/folders/r4/_tc4gn
[2026-02-23 01:00:22] WARN: 6b8279ed-6339-550c-8b95-79f8583754dc - Backup failed: Command '['az', 'storage', 'blob', 'upload', '--account-name', 'nttt', '--container-name', 'v20-originals', '--name', '6b8279ed-6339-550c-8b95-79f8583754dc.original', '--file', '/var/folders/r4/_tc4gn
[2026-02-23 01:00:25] ERROR: 390a6883-000e-50b9-969d-8498536a62f9 - Upload failed: Command '['az', 'storage', 'blob', 'upload', '--account-name', 'nttt', '--container-name', 'v20', '--name', '390a6883-000e-50b9-969d-8498536a62f9.mp3', '--file', '/var/folders/r4/_tc4gnds7yd7prk90mkrv
[2026-02-23 01:00:30] ERROR: b9388ae7-33b9-5450-ba70-416ad56654b2 - Upload failed: Command '['az', 'storage', 'blob', 'upload', '--account-name', 'nttt', '--container-name', 'v20', '--name', 'b9388ae7-33b9-5450-ba70-416ad56654b2.mp3', '--file', '/var/folders/r4/_tc4gnds7yd7prk90mkrv
[2026-02-23 01:00:30] ERROR: 1f754b34-526b-52ec-a1eb-44a38cb1e7c6 - Upload failed: Command '['az', 'storage', 'blob', 'upload', '--account-name', 'nttt', '--container-name', 'v20', '--name', '1f754b34-526b-52ec-a1eb-44a38cb1e7c6.mp3', '--file', '/var/folders/r4/_tc4gnds7yd7prk90mkrv
[2026-02-23 01:00:58] OK: f89c524a-47fa-52ba-9413-1fdb0b5b38c7 | Y No Me Digas No | flac → MP3 | 75.2%
[2026-02-23 01:01:02] OK: 6b8279ed-6339-550c-8b95-79f8583754dc | Historia de un amor | flac → MP3 | 82.4%
[2026-02-23 01:01:13] OK: cdd91308-a069-54e0-8240-4bd8f0f336da | Risque / Olvidame | flac → MP3 | 74.3%
[2026-02-23 01:01:14] OK: 36625d71-7ec4-5124-bf01-9e218ef2cb24 | No no llores mas | flac → MP3 | 75.2%
[2026-02-23 01:01:20] OK: 5ec5edc9-2c74-5e4e-a937-81132d609bf6 | Trovador mazorquero | flac → MP3 | 74.5%
[2026-02-23 01:01:27] OK: a2973e31-1a8d-542b-baee-acf636910ef1 | Sabor de adios | flac → MP3 | 76.6%
[2026-02-23 01:01:30] OK: 9a92bacc-f82d-56a0-9308-e29a97f1f602 | Guerrera | flac → MP3 | 73.4%
[2026-02-23 01:01:35] OK: bb312f91-a065-5beb-b033-779eaff56f87 | Tiempos viejos | flac → MP3 | 77.5%
[2026-02-23 01:01:37] OK: 2b6599c4-2277-5695-9622-240aa62341d0 | Milonga de barrio | flac → MP3 | 73.3%
[2026-02-23 01:01:38] OK: 86523eeb-88d7-565c-83fb-4299b926164b | La tablada | flac → MP3 | 78.3%
[2026-02-23 01:01:48] OK: b4fd0973-fa63-503e-8f65-f1c2b6d30aec | Un Remordimiento | flac → MP3 | 73.9%
[2026-02-23 01:01:51] OK: 65615398-404e-5ba3-9fb1-b0beb5afcceb | En un sueno te perdi | flac → MP3 | 76.9%
[2026-02-23 01:01:52] OK: 8d39504a-a641-5dc8-8ec7-43e76ce11c0f | Quien te quiere como yo | flac → MP3 | 74.3%
[2026-02-23 01:01:54] OK: 09d698b4-1401-51e7-8d9c-0d28f840c348 | Senora Princesa | flac → MP3 | 73.8%
[2026-02-23 01:01:57] OK: 8e0f0d55-2dce-5101-a78f-6c9c0d82f9ed | Del salon en el angulo oscuro | flac → MP3 | 76.5%
[2026-02-23 01:01:59] OK: e14c41af-86a4-5fba-b582-8105c896da4f | Picaflor | flac → MP3 | 70.7%
[2026-02-23 01:02:02] OK: 1e7782db-ee86-5909-9fcc-1781f02f313a | El chamuyo | flac → MP3 | 66.3%
[2026-02-23 01:02:05] OK: 4d695514-c680-536c-a66e-9659e5f2628a | Gaucha | flac → MP3 | 76.2%
[2026-02-23 01:02:06] OK: 6fa9e67a-90ff-5a5b-a337-f4a29200bf3a | El Arranque | flac → MP3 | 53.2%
[2026-02-23 01:02:07] OK: 4971284d-082c-5805-b4db-2d5425bf839b | Riachuelo | flac → MP3 | 66.2%
[2026-02-23 01:02:07] OK: 80781181-0263-5ce4-8d31-981a9ddd0e80 | Carinito | flac → MP3 | 73.3%
[2026-02-23 01:02:13] OK: 2d041a7c-162c-561e-8dd0-55b9d186b82b | Al tango lo canto asi | flac → MP3 | 75.8%
[2026-02-23 01:02:14] OK: d46fa26e-c3f1-51d6-8630-790ac2aba2ee | De punta a punta | flac → MP3 | 65.4%
[2026-02-23 01:02:19] OK: c448770c-cdce-5c70-a227-e6676a9e2dfa | Noches correntinas | flac → MP3 | 65.7%
[2026-02-23 01:02:20] OK: 8adf31d2-472d-5bcf-9cf9-3aae50a29b40 | Chique! | flac → MP3 | 72.3%
[2026-02-23 01:02:20] OK: 5156dbb6-aaa7-5209-8341-1c1645c4481b | Esta Noche De Copas | flac → MP3 | 74.3%
[2026-02-23 01:02:20] OK: c05c2672-7e02-5e30-882a-bab3547d4cb5 | Palabras Falses | flac → MP3 | 69.2%
[2026-02-23 01:02:25] OK: 3639d0c7-0928-5bd6-96f1-a52d74c03275 | Mi serenata | flac → MP3 | 73.7%
[2026-02-23 01:02:28] OK: 1f00788b-51d3-5932-935c-49790ac6ac12 | Manana | flac → MP3 | 64.6%
[2026-02-23 01:02:30] OK: 8efdb771-a185-50f8-944c-46c783a22791 | Papas Calientes | flac → MP3 | 65.4%
[2026-02-23 01:02:34] OK: 82798bf8-47db-5c73-be6e-16153cdde9ec | Elegante papirusa | flac → MP3 | 66.1%
[2026-02-23 01:02:34] OK: d8dcb568-0bfb-5c82-9ebd-a1bbed0ab8ee | Felicia (fast) | flac → MP3 | 65.2%
[2026-02-23 01:02:37] OK: 59dd27b2-8c71-5d68-8177-9640674fdffe | Pibe Palermo | flac → MP3 | 68.3%
[2026-02-23 01:02:40] OK: 30d01c00-90e6-5652-b12c-04447a6a3a69 | Mocito Rana | flac → MP3 | 70.3%
[2026-02-23 01:02:42] OK: a50042b8-1bfa-53c4-8087-a2e51e5dbc8a | Santa Milonguita | flac → MP3 | 65.3%
[2026-02-23 01:02:42] OK: 9c29e731-3aae-5e14-8289-ae0de9f6132e | Lagrimas | flac → MP3 | 71.9%
[2026-02-23 01:02:47] OK: 4d71f91b-9d35-5192-a43f-64aa4192b519 | Siempre Amigo | flac → MP3 | 70.0%
[2026-02-23 01:02:48] OK: c553c2ba-5d40-55a0-b0aa-51e6be21e54b | Gato | flac → MP3 | 67.4%
[2026-02-23 01:02:51] OK: ca0a6de6-3e6d-599b-bd78-6ef3bca2cd1d | El torito | flac → MP3 | 65.8%
[2026-02-23 01:02:52] OK: 08512664-d7e5-55ee-b6f1-c13b6294e5fe | Che Fayuto | flac → MP3 | 68.4%
[2026-02-23 01:02:54] OK: 93f1f4ed-a325-596e-af44-fde6a1fc38d1 | Campo afuera | flac → MP3 | 64.5%
[2026-02-23 01:02:59] OK: 5ac60213-e715-567b-bb6e-84797ecaa75b | Que haces! Que haces! | flac → MP3 | 67.9%
[2026-02-23 01:03:00] OK: ca85138d-a4e8-5553-ac01-6507002e0e47 | Mishiadura | flac → MP3 | 70.8%
[2026-02-23 01:03:05] OK: 8e57dbde-88d0-5753-a97b-0b8f2bd7a327 | La de los ojos tristes | flac → MP3 | 69.8%
[2026-02-23 01:03:06] OK: b8a76ffe-4d8b-5774-8aa9-f29414e32f0a | Felicia | flac → MP3 | 62.2%
[2026-02-23 01:03:06] OK: b5d5c6c1-bcdb-585f-8895-e050504d8600 | Entre Penas | flac → MP3 | 68.7%
[2026-02-23 01:03:11] OK: fa1c070f-e222-5979-a11d-078ca88dcc1f | El Tejo | flac → MP3 | 70.7%
[2026-02-23 01:05:07] WARN: cb555a55-6304-5c71-baca-ee9c8682e064 - Backup failed: Command '['az', 'storage', 'blob', 'upload', '--account-name', 'nttt', '--container-name', 'v20-originals', '--name', 'cb555a55-6304-5c71-baca-ee9c8682e064.original', '--file', '/var/folders/r4/_tc4gn
[2026-02-23 01:05:07] ERROR: 0ce658ce-465c-5951-af35-3d0335e5a4e1 - Upload failed: Command '['az', 'storage', 'blob', 'upload', '--account-name', 'nttt', '--container-name', 'v20', '--name', '0ce658ce-465c-5951-af35-3d0335e5a4e1.mp3', '--file', '/var/folders/r4/_tc4gnds7yd7prk90mkrv
[2026-02-23 01:05:11] ERROR: 1a1d1c61-5206-5e0d-8e1b-9d3ddeee2c46 - Upload failed: Command '['az', 'storage', 'blob', 'upload', '--account-name', 'nttt', '--container-name', 'v20', '--name', '1a1d1c61-5206-5e0d-8e1b-9d3ddeee2c46.mp3', '--file', '/var/folders/r4/_tc4gnds7yd7prk90mkrv
[2026-02-23 01:05:11] ERROR: cafb48ac-a26d-5f72-a235-c57c386ad250 - Upload failed: Command '['az', 'storage', 'blob', 'upload', '--account-name', 'nttt', '--container-name', 'v20', '--name', 'cafb48ac-a26d-5f72-a235-c57c386ad250.mp3', '--file', '/var/folders/r4/_tc4gnds7yd7prk90mkrv
[2026-02-23 01:05:12] WARN: 5c7a4e8c-6706-5c84-b7d7-1f4181b7639e - Backup failed: Command '['az', 'storage', 'blob', 'upload', '--account-name', 'nttt', '--container-name', 'v20-originals', '--name', '5c7a4e8c-6706-5c84-b7d7-1f4181b7639e.original', '--file', '/var/folders/r4/_tc4gn
[2026-02-23 01:05:59] OK: cb555a55-6304-5c71-baca-ee9c8682e064 | Sombra gaucha | flac → MP3 | 68.0%
[2026-02-23 01:06:00] OK: 5c7a4e8c-6706-5c84-b7d7-1f4181b7639e | Quien sera | flac → MP3 | 64.6%
[2026-02-23 01:06:09] OK: 20fa81d7-41e7-5f70-9563-7204635b4371 | Frente A Frente | flac → MP3 | 69.0%
[2026-02-23 01:06:10] OK: 34796479-c308-5813-b288-968874e368a1 | Estrellita mia | flac → MP3 | 66.6%
[2026-02-23 01:06:11] OK: 88888983-b532-5562-9be3-b66da724c831 | Quien Mas... Quien Menos | flac → MP3 | 72.3%
[2026-02-23 01:06:11] OK: cb5ae7ce-529d-5c8a-94c3-d443a9f87928 | Rosa Poneme Una Ventosa | flac → MP3 | 69.2%
[2026-02-23 01:06:15] OK: 103dc375-8f97-550f-a494-76da437e64b7 | Deja El Mundo Como Esta | flac → MP3 | 69.4%
[2026-02-23 01:06:16] OK: 8d21f661-3e89-514e-9b85-59a2a5b97530 | La he Vuelto a Encontrar | flac → MP3 | 69.9%
[2026-02-23 01:06:18] OK: f8c42030-09cb-5f6e-8c13-d957a529f5d5 | El lengue | flac → MP3 | 63.6%
[2026-02-23 01:06:21] OK: cba87eca-a6ce-5fda-ad40-b7d41e4503c0 | Tiempos Bravos | flac → MP3 | 62.3%
[2026-02-23 01:06:23] OK: 586775bb-f7f4-5ece-b8af-3b1349b7a2f6 | La tapera | flac → MP3 | 65.4%
[2026-02-23 01:06:27] OK: f0bf1709-993b-5bef-ad36-3a8be7ff6bee | Corazon Pa Los Perros | flac → MP3 | 69.4%
[2026-02-23 01:06:27] OK: 892e5cf2-21f1-5acf-9583-6774d668780f | Agua Serena | flac → MP3 | 70.3%
[2026-02-23 01:06:30] OK: 8ce45689-c774-5599-8fb2-92b06d9d7be2 | Severino | flac → MP3 | 68.9%
[2026-02-23 01:06:31] OK: 09866be2-95a4-591f-beac-fe9e223cb522 | Adelina | flac → MP3 | 61.9%
[2026-02-23 01:06:35] OK: b4038455-cf6e-50cf-9339-113b9472e65b | Con Tus Besos | flac → MP3 | 65.1%
[2026-02-23 01:06:41] OK: 7c2f2660-d05c-574a-800d-b7f3d577c702 | El lecherito | flac → MP3 | 68.7%
[2026-02-23 01:06:41] OK: 82ef6902-42a1-5c95-844c-eb93728a56dd | Rosas Blancas | flac → MP3 | 70.5%
[2026-02-23 01:06:42] OK: 5e6e4be9-421f-573c-947a-a3f0694cb012 | Belen | flac → MP3 | 74.0%
[2026-02-23 01:06:43] OK: 63dbb8f3-c045-5a5a-bed7-8e332fba96f8 | Juramernto | flac → MP3 | 69.2%
[2026-02-23 01:06:43] OK: 098d8b10-2522-5fd8-99cd-d164854bad4c | El Barrio Murmura | flac → MP3 | 68.7%
[2026-02-23 01:06:49] OK: 8f67b25a-011f-554a-b70d-7cefa2213cc1 | Corrales viejos | flac → MP3 | 66.9%
[2026-02-23 01:06:50] OK: 7155ea17-f8fc-5563-9693-2a63ddb61f68 | Mis pesares | flac → MP3 | 65.6%
[2026-02-23 01:06:56] OK: f6e4c151-2d01-5ace-a9e9-2c16088c0a0e | Ruego | flac → MP3 | 68.3%
[2026-02-23 01:06:56] OK: 3b686fa1-5234-51ef-8af5-b63c4fa32eb3 | Sentir del corazon | flac → MP3 | 69.7%
[2026-02-23 01:06:58] OK: 5608d937-23d8-5c8d-988a-18ec8b579a90 | Como lo Quiso Dios | flac → MP3 | 69.9%
[2026-02-23 01:06:58] OK: 615e470f-8dcc-5763-b4c3-855344894b9a | Felicia | flac → MP3 | 56.1%
[2026-02-23 01:07:00] OK: 1ff53a10-7dfc-5c02-8430-12d05d9a195a | Vagabundo | flac → MP3 | 71.9%
[2026-02-23 01:07:04] OK: f37a1e31-9d0a-526d-88d8-4d7c9aae6cbd | Cantando bajito | flac → MP3 | 65.6%
[2026-02-23 01:07:06] OK: 816c7eac-44ef-59df-83e6-d672e88aa836 | El estagiario | flac → MP3 | 64.6%
[2026-02-23 01:07:09] OK: 7e2c0293-ce88-5440-8775-176c0422e6ae | Cara negra | flac → MP3 | 70.6%
[2026-02-23 01:07:11] OK: 3f396e07-bfc0-57fb-85ef-38b06051ecf2 | La Cumparsita | flac → MP3 | 73.0%
[2026-02-23 01:07:12] OK: 19337128-881b-54f8-ae47-09e7eae345b6 | Portena linda | flac → MP3 | 70.3%
[2026-02-23 01:07:14] OK: 666235ff-7a65-59e9-bf4e-66c32b61c4d4 | Te busco | flac → MP3 | 71.1%
[2026-02-23 01:07:16] OK: 45504feb-f95c-5ab5-91da-89edb07dd964 | Decile a tu Vieja | flac → MP3 | 70.4%
[2026-02-23 01:07:20] OK: d2e853cf-109d-54fc-81ce-2b4fbc0ef7e8 | Fascinacion | flac → MP3 | 70.1%
[2026-02-23 01:07:21] OK: 24bec356-0636-5351-8390-7d979daa77c7 | Me voy a Baraja | flac → MP3 | 64.7%
[2026-02-23 01:07:24] OK: fefc1f7b-040c-52c0-b00f-41e08c1ac63f | Dios Lo Sabe | flac → MP3 | 69.9%
[2026-02-23 01:07:29] OK: 91170034-efa5-5f0a-9fd8-04ff01c6e7b4 | La milonga que faltaba | flac → MP3 | 65.0%
[2026-02-23 01:07:29] OK: 1e136ebc-d055-5d8e-bdc0-7ef2eb1c2796 | Y llego el amor | flac → MP3 | 66.4%
[2026-02-23 01:07:30] OK: 45f0480c-1413-5d1f-9c92-4971fe0b205e | Viejo Palermo | flac → MP3 | 69.4%
[2026-02-23 01:07:33] OK: cc1d0a5c-ad30-5e86-8850-2a343b6e4d5c | Volveras pero cuando | flac → MP3 | 59.7%
[2026-02-23 01:07:35] OK: 16574be0-d5df-5ffb-8ac9-6e90af9b6fdc | Soy mendigo | flac → MP3 | 67.3%
[2026-02-23 01:07:37] OK: 3f9ca6fd-99ac-582f-9298-39dd5f15da7e | Sacale punta | flac → MP3 | 64.9%
[2026-02-23 01:07:39] OK: 4f8e03f0-2614-5ec4-bfc0-a24a79d5047a | Fue mi salvacion | flac → MP3 | 64.2%
[2026-02-23 01:07:41] OK: 16e5d466-c923-57c7-a6ed-004b746e6275 | Buena Yunta | flac → MP3 | 69.1%
[2026-02-23 01:07:41] OK: 6d792203-5bc8-5172-9e86-aecdbfcfc39c | Asi es el tango | flac → MP3 | 67.5%
[2026-02-23 01:09:41] ERROR: 31ec573a-a339-50ac-8b9e-9471eeec9445 - Upload failed: Command '['az', 'storage', 'blob', 'upload', '--account-name', 'nttt', '--container-name', 'v20', '--name', '31ec573a-a339-50ac-8b9e-9471eeec9445.mp3', '--file', '/var/folders/r4/_tc4gnds7yd7prk90mkrv
[2026-02-23 01:09:42] WARN: fabd475f-4571-5d25-bf87-63556b4e5e28 - Backup failed: Command '['az', 'storage', 'blob', 'upload', '--account-name', 'nttt', '--container-name', 'v20-originals', '--name', 'fabd475f-4571-5d25-bf87-63556b4e5e28.original', '--file', '/var/folders/r4/_tc4gn
[2026-02-23 01:09:43] WARN: 4108a9f1-0b25-5e0f-b6ff-b6e0c75bf2bb - Backup failed: Command '['az', 'storage', 'blob', 'upload', '--account-name', 'nttt', '--container-name', 'v20-originals', '--name', '4108a9f1-0b25-5e0f-b6ff-b6e0c75bf2bb.original', '--file', '/var/folders/r4/_tc4gn
[2026-02-23 01:09:46] ERROR: 5f6b753c-3b0d-5aa7-826d-e019c97bd3de - Upload failed: Command '['az', 'storage', 'blob', 'upload', '--account-name', 'nttt', '--container-name', 'v20', '--name', '5f6b753c-3b0d-5aa7-826d-e019c97bd3de.mp3', '--file', '/var/folders/r4/_tc4gnds7yd7prk90mkrv
[2026-02-23 01:09:46] ERROR: 02ca7cac-fd97-5947-8650-d0b0e4502057 - Upload failed: Command '['az', 'storage', 'blob', 'upload', '--account-name', 'nttt', '--container-name', 'v20', '--name', '02ca7cac-fd97-5947-8650-d0b0e4502057.mp3', '--file', '/var/folders/r4/_tc4gnds7yd7prk90mkrv
[2026-02-23 01:11:02] OK: fabd475f-4571-5d25-bf87-63556b4e5e28 | Madrecita | flac → MP3 | 56.4%
[2026-02-23 01:11:02] OK: 4108a9f1-0b25-5e0f-b6ff-b6e0c75bf2bb | Che, Rodolfo | flac → MP3 | 71.8%
[2026-02-23 01:11:07] OK: 720096a6-64ad-551c-a7e5-951de5f74d1c | A media luz | flac → MP3 | 65.6%
[2026-02-23 01:11:09] OK: 436b1efb-5d94-56da-8f85-901f4f96aad7 | El acomodo | flac → MP3 | 71.4%
[2026-02-23 01:11:12] OK: 8c530835-ac60-5c3d-ae05-832ee9f161cb | Por tu Culpa | flac → MP3 | 72.1%
[2026-02-23 01:11:13] OK: 9d0797b3-5589-5a4c-8c68-7368d3bed65c | La Linda Pebeta | flac → MP3 | 60.6%
[2026-02-23 01:11:13] OK: 47c30e9a-1dd8-5f5f-9da8-bfa7807739fb | Te Conozco Mascarita | flac → MP3 | 69.8%
[2026-02-23 01:11:18] OK: 094baddd-b5a8-597e-8ff6-79280535dc5e | Carnaval De Mi Barrio | flac → MP3 | 63.3%
[2026-02-23 01:11:19] OK: 2794c7d8-c460-533e-94d8-415164322767 | No Te Cases | flac → MP3 | 64.5%
[2026-02-23 01:11:20] OK: e5f2c0bd-ba63-533f-b91c-f3b77ed24391 | Pasion criolla | flac → MP3 | 63.2%
[2026-02-23 01:11:20] OK: a31a6b60-c6ec-53b9-a424-12bd892b6d39 | El Amor Hace Fruncir | flac → MP3 | 68.2%
[2026-02-23 01:11:25] OK: 86e9e9c2-8b81-5d6f-8f2f-b2011cfba9b3 | Aventurera | flac → MP3 | 62.7%
[2026-02-23 01:11:26] OK: 2b2c1cb5-53d7-5729-861a-734ff4ae42b1 | Barrio tranquilo | flac → MP3 | 70.1%
[2026-02-23 01:11:31] OK: 195d9688-8b8b-5a3d-b2c8-12336f5504f3 | Pobre Sonador (needs work) | flac → MP3 | 65.3%
[2026-02-23 01:11:32] OK: d255b41b-4068-57fc-8407-ca401ef807fb | Sinsabor | flac → MP3 | 63.8%
[2026-02-23 01:11:32] OK: 976b961f-b6ee-5351-b909-119577f4b6b7 | La caida de la estanteria | flac → MP3 | 59.2%
[2026-02-23 01:11:35] OK: 498b6aa6-4ad3-50af-97f5-e78986c16165 | El adios | flac → MP3 | 70.1%
[2026-02-23 01:11:41] OK: e091e315-e540-5f8b-8fb5-1bccf4a888e2 | Alas rotas | flac → MP3 | 69.2%
[2026-02-23 01:11:42] OK: 11f262f2-d37a-5b11-9667-e659c0719610 | Madame Ivonne | flac → MP3 | 65.9%
[2026-02-23 01:11:42] OK: 78b0f222-fe0c-5efd-b3b0-3319b00502fa | La tablada | flac → MP3 | 67.3%
[2026-02-23 01:11:47] OK: 40e31dda-850a-5e39-89c7-db065e3ba70f | No es pa Tanto | flac → MP3 | 70.0%
[2026-02-23 01:11:48] OK: ae716548-2a62-550a-9cd2-10b7927442e3 | La Guitarrita | flac → MP3 | 68.5%
[2026-02-23 01:11:49] OK: 1b8576f3-1521-5baa-8db7-20991534e215 | Amando en silencio | flac → MP3 | 70.4%
[2026-02-23 01:11:55] OK: 6e2a45a3-57ad-559f-8b78-088115953dac | A oscuras | flac → MP3 | 63.2%
[2026-02-23 01:11:55] OK: 589ef49e-c576-54ef-81b0-c0e453d59d25 | Ella es asi | flac → MP3 | 68.3%
[2026-02-23 01:11:57] OK: 29a4b702-e11c-51c8-b98b-89e77e570741 | Tu confidencia | flac → MP3 | 70.4%
[2026-02-23 01:11:57] OK: 83be0d27-0e0a-5dc4-873e-f8f7c24cf3db | El Once Glorioso | flac → MP3 | 68.4%
[2026-02-23 01:12:03] OK: 2fd0f485-f41e-562b-ae84-24d4f6529c7c | Parece ayer | flac → MP3 | 69.4%
[2026-02-23 01:12:06] OK: ec4d88c0-bc11-5445-8ecc-7047fef694f5 | Berretin | flac → MP3 | 66.9%
[2026-02-23 01:12:08] OK: a91649c3-a2e8-5476-a662-13aa3c5f225c | El huracan | flac → MP3 | 72.9%
[2026-02-23 01:12:09] OK: 7224b797-746a-5a30-8e70-139bb73a9a09 | Repique Del Corazon | flac → MP3 | 71.9%
[2026-02-23 01:12:10] OK: d2b46162-484b-5463-a221-99e04c5f8abe | Volve | flac → MP3 | 73.6%
[2026-02-23 01:12:14] OK: 59f19ca3-b235-5976-8c5a-82fab8f74294 | Un libro | flac → MP3 | 64.9%
[2026-02-23 01:12:14] OK: 5833694d-0eec-5224-9de7-1db13ab925c2 | Yo te amo | flac → MP3 | 69.9%
[2026-02-23 01:12:19] OK: ad815d89-9eaf-5b76-a4db-08639a5f5096 | Sinfonia de arrabal | flac → MP3 | 66.7%
[2026-02-23 01:12:20] OK: 3f27049c-b3e5-58e4-8e8d-8aa3dba38c9c | Desertora | flac → MP3 | 69.9%
[2026-02-23 01:12:21] OK: 1133a246-c4ab-5540-ba06-b5ce4d3794c7 | Congoja | flac → MP3 | 68.7%
[2026-02-23 01:12:28] OK: 0e162ab7-5f4c-510e-9515-5990834f4405 | Yerba amarga | flac → MP3 | 65.3%
[2026-02-23 01:12:29] OK: 3585255b-f5d9-559f-ac61-98996dd63d98 | Mendocina | flac → MP3 | 71.5%
[2026-02-23 01:12:30] OK: cdb0cf76-c5d2-5ab4-baa9-a8a89972bd7e | Se va la vida | flac → MP3 | 68.2%
[2026-02-23 01:12:34] OK: de8abbd3-9c42-5bc9-8d14-6faa9b700304 | La cumparsita | flac → MP3 | 65.9%
[2026-02-23 01:12:34] OK: 794913b8-16b4-5f5c-9fe6-d66475a2cfbf | Que queres soy asi | flac → MP3 | 73.1%
[2026-02-23 01:12:36] OK: 84fb6f54-380a-5fc8-839a-e9e5d72b28e3 | Mamita, Perdon | flac → MP3 | 68.4%
[2026-02-23 01:12:41] OK: 2bf955d0-283b-5724-bf11-402d883cb2f5 | Hay que acomodarse | flac → MP3 | 72.3%
[2026-02-23 01:12:42] OK: cda08322-3798-5f32-864d-25e1b1832693 | Pensalo Bien | flac → MP3 | 66.6%
[2026-02-23 01:12:46] OK: f29280ed-d764-56fe-80c2-5abea614bdaf | La cumparsita | flac → MP3 | 62.0%
[2026-02-23 01:12:47] OK: 9fd44627-991a-54ad-b1a8-5e4e8115ec54 | La melodia del corazon | flac → MP3 | 64.0%
[2026-02-23 01:14:47] WARN: 70c4353b-755e-5bac-9f59-dbba659b8e51 - Backup failed: Command '['az', 'storage', 'blob', 'upload', '--account-name', 'nttt', '--container-name', 'v20-originals', '--name', '70c4353b-755e-5bac-9f59-dbba659b8e51.original', '--file', '/var/folders/r4/_tc4gn
[2026-02-23 01:14:47] ERROR: 89f717b9-b242-5b96-a2b4-2892bc2cddcd - Upload failed: Command '['az', 'storage', 'blob', 'upload', '--account-name', 'nttt', '--container-name', 'v20', '--name', '89f717b9-b242-5b96-a2b4-2892bc2cddcd.mp3', '--file', '/var/folders/r4/_tc4gnds7yd7prk90mkrv
[2026-02-23 01:14:48] WARN: 20af3d73-4c70-52c2-a6fd-7156247a6259 - Backup failed: Command '['az', 'storage', 'blob', 'upload', '--account-name', 'nttt', '--container-name', 'v20-originals', '--name', '20af3d73-4c70-52c2-a6fd-7156247a6259.original', '--file', '/var/folders/r4/_tc4gn
[2026-02-23 01:14:48] ERROR: 8ad3b134-f005-52d0-9afc-0b0bf47e4039 - Upload failed: Command '['az', 'storage', 'blob', 'upload', '--account-name', 'nttt', '--container-name', 'v20', '--name', '8ad3b134-f005-52d0-9afc-0b0bf47e4039.mp3', '--file', '/var/folders/r4/_tc4gnds7yd7prk90mkrv
[2026-02-23 01:14:50] ERROR: daca794f-0cb4-5320-acff-a0c5b6b84ca8 - Upload failed: Command '['az', 'storage', 'blob', 'upload', '--account-name', 'nttt', '--container-name', 'v20', '--name', 'daca794f-0cb4-5320-acff-a0c5b6b84ca8.mp3', '--file', '/var/folders/r4/_tc4gnds7yd7prk90mkrv
[2026-02-23 01:16:04] OK: 20af3d73-4c70-52c2-a6fd-7156247a6259 | Por Donde Andara | flac → MP3 | 70.6%
[2026-02-23 01:16:04] OK: 70c4353b-755e-5bac-9f59-dbba659b8e51 | La Rubia Mireya | flac → MP3 | 66.0%
[2026-02-23 01:16:07] OK: f10b8515-961b-5c16-9107-1050884f0218 | Noche Callada | flac → MP3 | 69.9%
[2026-02-23 01:16:11] OK: 78739d47-b319-56f5-81e0-50345b1c6475 | A Media Luz | flac → MP3 | 53.2%
[2026-02-23 01:16:15] OK: c9bfe3f7-8f5e-52f1-96c9-352c6635a61c | Araca Corazon | flac → MP3 | 65.6%
[2026-02-23 01:16:18] OK: 33fb398a-ff93-560f-80ca-fe8f6dacda51 | Marinerito | flac → MP3 | 68.0%
[2026-02-23 01:16:19] OK: 71902f62-c016-571f-ad41-a5200337c654 | Mucha Clase | flac → MP3 | 71.3%
[2026-02-23 01:16:19] OK: ad2816a7-0c6a-56b1-b02b-4c214bca4047 | Broche de Oro | flac → MP3 | 70.6%
[2026-02-23 01:16:21] OK: 9b3c6720-7079-544e-a94f-2d80ca88da70 | Clavelito | flac → MP3 | 68.1%
[2026-02-23 01:16:25] OK: a1de75f5-3add-5d53-b791-c86e409379dd | El Zorzal | flac → MP3 | 63.3%
[2026-02-23 01:16:29] OK: d3a2310b-9a0a-5956-a38d-ab8d3fbe6669 | Amadeo | flac → MP3 | 67.8%
[2026-02-23 01:16:31] OK: 712716e9-2b8b-5fa1-90b4-52f49fc29c29 | La Malvada | flac → MP3 | 69.3%
[2026-02-23 01:16:32] OK: b1939b6f-77cb-5f32-a1a9-daaa100ff70e | Cana Hueca | flac → MP3 | 66.5%
[2026-02-23 01:16:35] OK: 9ba4e57a-1b29-5b4a-bfc0-775ba44f8822 | Triste Regreso | flac → MP3 | 65.8%
[2026-02-23 01:16:38] OK: 9c847e1f-fda2-5d9f-88b8-25dbe14edc7a | Se Corto la Redoblona | flac → MP3 | 71.1%
[2026-02-23 01:16:40] OK: bd8b91ef-dd46-58b0-b868-b3a2c7a56062 | Quejas de Bandoneon | flac → MP3 | 65.6%
[2026-02-23 01:16:50] OK: 5a8a014f-05ad-5013-93e0-28ae298c88ec | La Carta Perdida | flac → MP3 | 82.9%
[2026-02-23 01:16:52] OK: a7c864db-2e53-5bf5-a423-8d4e46071e49 | El Tabernero | flac → MP3 | 84.1%
[2026-02-23 01:16:52] OK: 64c24c3d-fbfa-581e-b8d1-e434955e2168 | Dicen Que Asi Soy Yo | flac → MP3 | 83.6%
[2026-02-23 01:16:55] OK: 6270ec0a-557f-5cb6-a735-4fbc47036bcd | Violetas | flac → MP3 | 88.6%
[2026-02-23 01:16:56] OK: abe8155d-940d-520f-9f12-396021302313 | En Un Pueblito De Espana | flac → MP3 | 83.1%
[2026-02-23 01:17:09] OK: 8928ac72-9292-5a36-a27c-3cc0fae0c8d7 | Tango Argentino | flac → MP3 | 85.8%
[2026-02-23 01:17:12] OK: 6b258ee5-aa43-5b8a-b786-7a215cfa5849 | Como se pianta la vida | flac → MP3 | 84.3%
[2026-02-23 01:17:15] OK: cf42a742-7760-5f2d-b6b7-db637ee4ca8a | Llora Corazon | flac → MP3 | 83.1%
[2026-02-23 01:17:16] OK: b53d23d6-8eb9-5ab2-a30d-1524a48d1a5d | Uno Que Ha Sido Marino | flac → MP3 | 85.1%
[2026-02-23 01:17:17] OK: 57b8e4bf-84e5-501d-926c-25f7b7d1062e | Por aqui y por alla | flac → MP3 | 82.4%
[2026-02-23 01:17:25] OK: 97e6ddea-42ea-5262-a45e-2365a2269cde | Los piconeros | flac → MP3 | 85.4%
[2026-02-23 01:17:29] OK: e49c4d59-fa35-5a90-9393-67d9c9a1f53e | Caballero De La Luna | flac → MP3 | 82.8%
[2026-02-23 01:17:31] OK: 47946a20-4b16-5830-a7e2-12025f28da98 | Esto es puro compas | flac → MP3 | 83.9%
[2026-02-23 01:17:32] OK: 4a3db0ff-6927-5c80-8d33-90146317ddc1 | Suerte loca | flac → MP3 | 82.6%
[2026-02-23 01:17:33] OK: 876fa844-95eb-56b0-b0ae-9afe496dcab1 | Anselmo Laguna | flac → MP3 | 83.0%
[2026-02-23 01:17:39] OK: 8ceb7245-413c-562b-9dfb-d28b962e7c25 | Y Asi Naciу Este Tango | flac → MP3 | 82.9%
[2026-02-23 01:17:48] OK: 69b8c5bd-cefd-5e3a-89d2-d9400738cf57 | Yo Soy Siempre El Mismo | flac → MP3 | 83.7%
[2026-02-23 01:17:50] OK: d51454e2-d481-57a7-ad41-16a61aa0e842 | Diarios Revistas Senor | flac → MP3 | 84.0%
[2026-02-23 01:17:50] OK: d2b005d3-5ee7-50eb-ae28-dc62c331b164 | Adios Para Siempre | flac → MP3 | 83.9%
[2026-02-23 01:17:53] OK: c381f8c2-550e-5083-bd2a-6bf334632ed8 | Fru fru | flac → MP3 | 83.9%
[2026-02-23 01:17:56] OK: 395d3970-8fd3-59e4-928d-dc5525e4e446 | Llorar por una mujer | flac → MP3 | 81.5%
[2026-02-23 01:18:03] OK: 210bf08f-317d-5ccd-9314-42ee521ff7eb | No Le Creas | flac → MP3 | 84.3%
[2026-02-23 01:18:03] OK: 8ede3f6e-600c-553b-8c1a-8773ce1ed9a6 | El encopao | flac → MP3 | 85.1%
[2026-02-23 01:18:09] OK: 7a6b8e09-bba0-5df0-ad32-043c6b9f3e0f | Danza maligna | flac → MP3 | 84.4%
[2026-02-23 01:18:10] OK: 1dc982ae-25b3-5db7-9d16-4677e717f79c | Tu Ultimo Secreto | flac → MP3 | 85.2%
[2026-02-23 01:18:13] OK: d28428b2-cde7-58a2-8d8f-9bbbad7a8120 | Salud, dinero y amor | flac → MP3 | 82.5%
[2026-02-23 01:18:21] OK: e7bc6312-7eb1-5c43-b79c-cd6b41b474b3 | Tu El Cielo Y Tu | flac → MP3 | 84.9%
[2026-02-23 01:18:22] OK: 5e5c7eb0-ac87-5cb2-8999-ae418ee0bb57 | Un tropezon | flac → MP3 | 85.7%
[2026-02-23 01:18:24] OK: ce767852-4a27-569f-b768-53ef91189886 | Isabelita | flac → MP3 | 85.9%
[2026-02-23 01:18:29] OK: ea09c8f3-a1b5-5a05-885f-c9f1ab49ff40 | Rezongando Rezongando | flac → MP3 | 84.3%
[2026-02-23 01:18:29] OK: 2d313947-65c9-577a-8e7d-b65e1aea0540 | Flor De Lis | flac → MP3 | 83.5%
[2026-02-23 01:20:29] WARN: 142eaa6b-21ea-573c-9985-f7d55e611ccc - Backup failed: Command '['az', 'storage', 'blob', 'upload', '--account-name', 'nttt', '--container-name', 'v20-originals', '--name', '142eaa6b-21ea-573c-9985-f7d55e611ccc.original', '--file', '/var/folders/r4/_tc4gn
[2026-02-23 01:20:30] WARN: 12552862-45d5-507a-908c-c3c8580ee1ce - Backup failed: Command '['az', 'storage', 'blob', 'upload', '--account-name', 'nttt', '--container-name', 'v20-originals', '--name', '12552862-45d5-507a-908c-c3c8580ee1ce.original', '--file', '/var/folders/r4/_tc4gn
[2026-02-23 01:20:32] ERROR: 449a0ea0-a8c0-5a84-8dac-d291755af2e2 - Upload failed: Command '['az', 'storage', 'blob', 'upload', '--account-name', 'nttt', '--container-name', 'v20', '--name', '449a0ea0-a8c0-5a84-8dac-d291755af2e2.mp3', '--file', '/var/folders/r4/_tc4gnds7yd7prk90mkrv
[2026-02-23 01:20:36] ERROR: 948a461e-8e12-5f20-bd64-a01a411414a7 - Upload failed: Command '['az', 'storage', 'blob', 'upload', '--account-name', 'nttt', '--container-name', 'v20', '--name', '948a461e-8e12-5f20-bd64-a01a411414a7.mp3', '--file', '/var/folders/r4/_tc4gnds7yd7prk90mkrv
[2026-02-23 01:20:36] ERROR: 293fade0-f52f-5afa-ab27-c8918763ea3c - Upload failed: Command '['az', 'storage', 'blob', 'upload', '--account-name', 'nttt', '--container-name', 'v20', '--name', '293fade0-f52f-5afa-ab27-c8918763ea3c.mp3', '--file', '/var/folders/r4/_tc4gnds7yd7prk90mkrv
[2026-02-23 01:21:04] OK: 142eaa6b-21ea-573c-9985-f7d55e611ccc | Nyanzas y malevos [Barrio de guapos] | flac → MP3 | 82.9%
[2026-02-23 01:21:05] OK: 12552862-45d5-507a-908c-c3c8580ee1ce | Tabernero | flac → MP3 | 82.0%
[2026-02-23 01:21:15] OK: 8109bba1-99a0-5b70-8686-48e452850d36 | La Vi Llegar | flac → MP3 | 82.2%
[2026-02-23 01:21:17] OK: 56e104bc-bf20-5e41-a4ac-ebade514a587 | Cуmo Has Cambiado Pebeta | flac → MP3 | 83.7%
[2026-02-23 01:21:20] OK: 7c35d21a-9b17-580a-a3b0-499eee216b5a | Con tu mirar | flac → MP3 | 83.6%
[2026-02-23 01:21:26] OK: 8d8f20f2-c529-5c48-a120-8c39684949b3 | Cafe | flac → MP3 | 84.3%
[2026-02-23 01:21:26] OK: 6f599ace-0f2b-5dea-8a58-48a5c33eb9d8 | Los Gitanitos | flac → MP3 | 85.2%
[2026-02-23 01:21:31] OK: 59bbfd77-3832-52a5-aef4-e31fe459650a | Clavelito en flor | flac → MP3 | 84.0%
[2026-02-23 01:21:35] OK: fbe0cf93-8dfb-5658-a6b8-7aeebafedec0 | Horas | flac → MP3 | 84.5%
[2026-02-23 01:21:38] OK: 8dadfba1-a161-5b7f-8946-5af155422394 | Silbando un tango | flac → MP3 | 85.9%
[2026-02-23 01:21:40] OK: a2547e68-9489-501f-be41-92ec975d5a54 | La Cancion del Soltero | flac → MP3 | 84.7%
[2026-02-23 01:21:45] OK: 28f3bdde-b60e-52ea-9c6a-b3e9ac1e8f2e | Naranjo En Flor | flac → MP3 | 83.1%
[2026-02-23 01:21:46] OK: 00f1c186-e1c7-5a43-b150-47e66500a100 | Adios Muchachos | flac → MP3 | 83.9%
[2026-02-23 01:21:53] OK: 7f04f13d-9ebb-528e-8a74-d8ab6b70ea13 | Yo tambien tuve un carino | flac → MP3 | 84.7%
[2026-02-23 01:21:53] OK: a3e44487-f468-55de-80c5-6ef4bbbfffb7 | A media luz | flac → MP3 | 83.9%
[2026-02-23 01:21:55] OK: 3af9c84f-1051-5864-9a03-19f23735f079 | Mi Piba | flac → MP3 | 83.7%
[2026-02-23 01:21:55] OK: 0bb38dbc-9b9a-5af5-81ad-c0e9db12bd96 | Esquinas portenas | flac → MP3 | 60.9%
[2026-02-23 01:22:01] OK: f9eec16c-3757-5cd4-b28b-ba276f44af6c | Mirame De Frente | flac → MP3 | 83.1%
[2026-02-23 01:22:09] OK: 1bd68793-c3a8-52b1-b61b-72d273689724 | Mantelito Blanco | flac → MP3 | 85.4%
[2026-02-23 01:22:11] OK: d9d5121d-af2c-5c08-a744-d916c9a38754 | No creas | flac → MP3 | 60.2%
[2026-02-23 01:22:12] OK: e9bda8f3-e6c2-5d6f-b400-cf6016f7f8bc | La gayola | flac → MP3 | 83.4%
[2026-02-23 01:22:13] OK: a77c31f2-074f-5cde-8733-8f40d6ac165d | Luna Llena | flac → MP3 | 84.3%
[2026-02-23 01:22:14] OK: 365e086b-622b-5ae1-b7f4-0201f8abfd8b | En la buena y en la mala | flac → MP3 | 83.1%
[2026-02-23 01:22:21] OK: d9b108dc-e4fc-5832-ae02-986459439c93 | El morocho y el oriental | flac → MP3 | 60.9%
[2026-02-23 01:22:23] OK: 30ec9409-3f5c-5a30-b9d2-19e859fca16f | El espejo de tus ojos | flac → MP3 | 60.6%
[2026-02-23 01:22:24] OK: 77092e9d-fec0-564f-80b8-1f60bc970a96 | Mas solo que nunca | flac → MP3 | 58.4%
[2026-02-23 01:22:27] OK: 34da9611-c845-5ac8-8cd7-09cfd011fb17 | A pan y agua | flac → MP3 | 59.8%
[2026-02-23 01:22:28] OK: a5f7f41e-ca7c-5fae-88f3-2c0c5211c63c | El portenito | flac → MP3 | 60.6%
[2026-02-23 01:22:31] OK: 69fc5281-6a8b-5efb-a4b8-9b1be86bfde0 | Viejo coche | flac → MP3 | 61.0%
[2026-02-23 01:22:36] OK: 35559500-363e-5fc9-9191-0b9cd38625fa | Madre hay una sola | flac → MP3 | 61.6%
[2026-02-23 01:22:37] OK: 37af935e-0c1b-546d-9190-4ac4f75a05de | Un copetin | flac → MP3 | 69.1%
[2026-02-23 01:22:38] OK: 70b72c55-7990-5f32-b78d-3cd3d01cc8ec | Pero... yo se | flac → MP3 | 61.5%
[2026-02-23 01:22:41] OK: d3839026-760d-533a-aedd-56ea4ccf7c22 | Como el hornero | flac → MP3 | 63.0%
[2026-02-23 01:22:43] OK: 8e7c0aed-9692-516b-9e9c-d4078a8c9202 | Madreselva | flac → MP3 | 59.0%
[2026-02-23 01:22:44] OK: 62b579c6-ca3a-510b-b6b7-bab2f30822fa | Tristeza criolla | flac → MP3 | 59.3%
[2026-02-23 01:22:50] OK: e474fb43-db70-5bd5-901f-bc657058524f | Quien tuviera 18 anos | flac → MP3 | 61.4%
[2026-02-23 01:22:50] OK: 9ae9997a-1d02-5099-9784-79586473ccf9 | Agua florida | flac → MP3 | 61.0%
[2026-02-23 01:22:52] OK: ea9cf1d1-b4b9-59c2-ac0c-e86315650881 | Ave de paso | flac → MP3 | 57.8%
[2026-02-23 01:22:53] OK: b530d40d-4a3f-5c16-9182-cfd624a27f9e | La cumparsita | flac → MP3 | 58.0%
[2026-02-23 01:22:57] OK: 5e979f34-b7df-5dad-914c-78516db1a74a | Hotel Victoria | flac → MP3 | 62.6%
[2026-02-23 01:23:02] OK: 5bb0d8fa-8b02-5074-9521-7a786a841184 | Palais de glace / Pale de glas | flac → MP3 | 59.1%
[2026-02-23 01:23:02] OK: 2574a7e2-f6c2-5470-a71e-22e7854df887 | Serpentinas de esperanza | flac → MP3 | 59.1%
[2026-02-23 01:23:04] OK: e1ea9abc-4224-5a83-9bcf-932519ea236d | El yacare | flac → MP3 | 61.6%
[2026-02-23 01:23:06] OK: 5e89a421-abca-5933-b2c7-6c95c9390630 | Mentiras | flac → MP3 | 61.5%
[2026-02-23 01:23:07] OK: 657643c7-5ffd-5a00-87c5-85ccf73fdd4d | Tomo y obligo | flac → MP3 | 60.1%
[2026-02-23 01:23:12] OK: 158f687e-2ab0-52bc-9fcd-6b6228146a30 | El trompito | flac → MP3 | 60.5%
[2026-02-23 01:23:12] OK: da1d5cf4-87a5-56c8-91e5-609ea0da3aec | Traiga otra cana | flac → MP3 | 65.4%
[2026-02-23 01:25:11] ERROR: afdc0049-5c8e-52db-a933-86b96f91b8b9 - Upload failed: Command '['az', 'storage', 'blob', 'upload', '--account-name', 'nttt', '--container-name', 'v20', '--name', 'afdc0049-5c8e-52db-a933-86b96f91b8b9.mp3', '--file', '/var/folders/r4/_tc4gnds7yd7prk90mkrv
[2026-02-23 01:25:12] WARN: ee5c97fb-59ee-5a56-9fc0-b9335930996d - Backup failed: Command '['az', 'storage', 'blob', 'upload', '--account-name', 'nttt', '--container-name', 'v20-originals', '--name', 'ee5c97fb-59ee-5a56-9fc0-b9335930996d.original', '--file', '/var/folders/r4/_tc4gn
[2026-02-23 01:25:13] ERROR: cab4372c-317c-585b-987b-5c6468e34375 - Upload failed: Command '['az', 'storage', 'blob', 'upload', '--account-name', 'nttt', '--container-name', 'v20', '--name', 'cab4372c-317c-585b-987b-5c6468e34375.mp3', '--file', '/var/folders/r4/_tc4gnds7yd7prk90mkrv
[2026-02-23 01:25:13] WARN: f22f96c4-ca52-5b30-9d30-c8f2d851d75d - Backup failed: Command '['az', 'storage', 'blob', 'upload', '--account-name', 'nttt', '--container-name', 'v20-originals', '--name', 'f22f96c4-ca52-5b30-9d30-c8f2d851d75d.original', '--file', '/var/folders/r4/_tc4gn
[2026-02-23 01:25:15] ERROR: 506e64c9-ba89-503c-9c27-944504fbbe1d - Upload failed: Command '['az', 'storage', 'blob', 'upload', '--account-name', 'nttt', '--container-name', 'v20', '--name', '506e64c9-ba89-503c-9c27-944504fbbe1d.mp3', '--file', '/var/folders/r4/_tc4gnds7yd7prk90mkrv
[2026-02-23 01:25:59] OK: ee5c97fb-59ee-5a56-9fc0-b9335930996d | Un lamento | flac → MP3 | 60.5%
[2026-02-23 01:26:02] OK: f22f96c4-ca52-5b30-9d30-c8f2d851d75d | Demasiado tarde | flac → MP3 | 59.9%
[2026-02-23 01:26:12] OK: 3ae94ad1-241d-5e02-866e-e0dd8c4eb9dd | Pinta blanca | flac → MP3 | 59.1%
[2026-02-23 01:26:12] OK: 08bc9c52-9a18-5020-8237-8cfad591ea2f | Camino del Tucuman | flac → MP3 | 58.9%
[2026-02-23 01:26:13] OK: a5862486-6acc-5a08-a7c7-b069d77e6043 | Racing Club | flac → MP3 | 64.4%
[2026-02-23 01:26:15] OK: 18f45b71-e0c2-52f9-9ce6-74c2b9fc92ba | De corte criollo | flac → MP3 | 68.9%
[2026-02-23 01:26:16] OK: 2520fe50-e1e4-53b4-873b-3545b6916d2c | De pura cepa | flac → MP3 | 63.4%
[2026-02-23 01:26:24] OK: 4e32a5cc-5b03-5279-8d53-ced7f6b2e230 | A quien le puede importar | flac → MP3 | 59.3%
[2026-02-23 01:26:24] OK: f9382e95-5631-5003-912b-3fcb54ecf6d2 | Entre copa y copa | flac → MP3 | 60.0%
[2026-02-23 01:26:25] OK: 0ea88c55-a26b-5fb6-b6dc-4ef16c763559 | Tres esquinas | flac → MP3 | 64.3%
[2026-02-23 01:26:25] OK: eae821c9-340f-5026-af03-f7c5da963bc6 | Angel Vargas (El Ruisenor) | flac → MP3 | 72.6%
[2026-02-23 01:26:29] OK: 05306f44-8fc3-5461-80fe-e38319bf1e03 | Esta noche en Buenos Aires | flac → MP3 | 61.2%
[2026-02-23 01:26:31] OK: d08e709e-4aa8-5de7-b94b-2c89e5c4b7ae | Que me pasara | flac → MP3 | 61.5%
[2026-02-23 01:26:34] OK: cc88164a-b677-533b-b58b-ab00c784f1ee | Que lento corre el tren | flac → MP3 | 57.6%
[2026-02-23 01:26:37] OK: 6d59f538-2eb3-5870-a585-c9cd6379e9ad | Llora vida mia | flac → MP3 | 59.9%
[2026-02-23 01:26:37] OK: d0697cc9-9ce7-56fa-baf7-7cd004dd064d | No vendras | flac → MP3 | 58.8%
[2026-02-23 01:26:38] OK: e00a1425-4c41-547d-80b4-a03d58767a9b | Todos te quieren | flac → MP3 | 66.7%
[2026-02-23 01:26:39] OK: f125f65e-ea8f-5ae6-8e5a-13c5b00d40da | Con sabor a tango | flac → MP3 | 65.9%
[2026-02-23 01:26:47] OK: d5b4f4b8-d87b-559c-8416-d35532ef6b81 | A quien le puede importar | flac → MP3 | 58.9%
[2026-02-23 01:26:48] OK: 64a699d5-c5ca-50d8-9a93-49772a717be2 | Dice un refran... | flac → MP3 | 61.1%
[2026-02-23 01:26:49] OK: b8fc8206-3702-5961-89f1-4a9f9bd4f833 | Adios para siempre | flac → MP3 | 60.8%
[2026-02-23 01:26:50] OK: bc7c0051-1cdd-55d1-962d-f0469eeec5d1 | Muchacho | flac → MP3 | 60.1%
[2026-02-23 01:26:54] OK: b13db2f4-7971-509c-8dad-df3432a03e26 | No aflojes | flac → MP3 | 59.9%
[2026-02-23 01:26:58] OK: cf4c840a-4528-5fab-9f7a-265a32d69368 | La Sonambula | flac → MP3 | 72.9%
[2026-02-23 01:27:00] OK: 2af9c135-e273-5c22-b7d6-11ba1c6e6064 | Una pena | flac → MP3 | 65.5%
[2026-02-23 01:27:01] OK: 3457e7af-78c4-5f8a-8a80-7861ca38c9af | Me llaman tango | flac → MP3 | 61.4%
[2026-02-23 01:27:02] OK: 92ebc0a9-149b-5d34-abd3-d3ea8b961359 | La chiflada | flac → MP3 | 64.2%
[2026-02-23 01:27:07] OK: 23dee668-0666-5c64-b612-1bbc75802da6 | Caricias | flac → MP3 | 58.8%
[2026-02-23 01:27:07] OK: f5db4d66-9690-5605-8128-4c5d0501e148 | Su carta no llego | flac → MP3 | 58.5%
[2026-02-23 01:27:11] OK: 235f16f5-0601-524a-9aa8-94b3f833e9f5 | Compadreando | flac → MP3 | 65.1%
[2026-02-23 01:27:12] OK: 9d1ec915-b41d-52e2-8cbd-4584604c88e5 | Bailarin de contrasena | flac → MP3 | 59.3%
[2026-02-23 01:27:12] OK: 738538e3-6ca6-5673-9ce7-04c239478fe9 | Un tango argentino | flac → MP3 | 59.0%
[2026-02-23 01:27:14] OK: 90cab3d3-bf59-5374-a188-f6388e856e0f | De igual a igual | flac → MP3 | 60.3%
[2026-02-23 01:27:21] OK: 31651b0a-10a3-50cf-b016-83ee9cef6687 | Gorriones | flac → MP3 | 59.2%
[2026-02-23 01:27:21] OK: 62885b93-adf4-555e-8cb2-9be0fa0a5d84 | Rosita, la santiaguena | flac → MP3 | 63.3%
[2026-02-23 01:27:23] OK: 7af809af-1e6b-5ea4-b26f-f527e7a643d9 | El poncho del olvido | flac → MP3 | 58.1%
[2026-02-23 01:27:23] OK: e9e352dd-2ff4-5458-a3de-a316296e14af | Todo termino | flac → MP3 | 60.8%
[2026-02-23 01:27:29] OK: b40ffea7-6b23-59dc-af30-cfe88add301d | Mano blanca | flac → MP3 | 61.0%
[2026-02-23 01:27:30] OK: 9cd1858d-3eea-5293-a328-a9a5aea6c724 | Destellos | flac → MP3 | 58.5%
[2026-02-23 01:27:32] OK: 7ff9b7bf-0c80-53c4-8754-e0d180b67835 | Asi me gusta a mi | flac → MP3 | 60.0%
[2026-02-23 01:27:37] OK: f86082b8-b25a-5197-894a-9b1195c21d50 | Gil a rayas | flac → MP3 | 66.5%
[2026-02-23 01:27:38] OK: c405e80f-6227-538f-b301-865fcb41a287 | Gran muneca | flac → MP3 | 64.6%
[2026-02-23 01:27:39] OK: 8c0175c0-40de-5178-9107-d79d3256d098 | Hay que vivirla... compadre! | flac → MP3 | 62.2%
[2026-02-23 01:27:39] OK: c8866393-0253-5eb9-a987-4aee45bf9198 | Rondando tu esquina | flac → MP3 | 59.0%
[2026-02-23 01:27:42] OK: c492af31-b450-5c1d-9ee7-75283bb68ebd | Cuando se ha querido mucho | flac → MP3 | 59.2%
[2026-02-23 01:27:45] OK: b14f612b-cb97-5f6c-9c0e-1f06a715e8f1 | Guitarra que llora | flac → MP3 | 60.3%
[2026-02-23 01:29:47] ERROR: 270887db-5bd4-5c25-96b0-8708d2d24fc4 - Upload failed: Command '['az', 'storage', 'blob', 'upload', '--account-name', 'nttt', '--container-name', 'v20', '--name', '270887db-5bd4-5c25-96b0-8708d2d24fc4.mp3', '--file', '/var/folders/r4/_tc4gnds7yd7prk90mkrv
[2026-02-23 01:29:48] ERROR: a17a555a-6c75-5586-ab6b-a93b4e5736a1 - Upload failed: Command '['az', 'storage', 'blob', 'upload', '--account-name', 'nttt', '--container-name', 'v20', '--name', 'a17a555a-6c75-5586-ab6b-a93b4e5736a1.mp3', '--file', '/var/folders/r4/_tc4gnds7yd7prk90mkrv
[2026-02-23 01:29:50] ERROR: 1f73c9b3-9b5b-5c9b-8e2f-c0b268d44edf - Upload failed: Command '['az', 'storage', 'blob', 'upload', '--account-name', 'nttt', '--container-name', 'v20', '--name', '1f73c9b3-9b5b-5c9b-8e2f-c0b268d44edf.mp3', '--file', '/var/folders/r4/_tc4gnds7yd7prk90mkrv
[2026-02-23 01:29:51] ERROR: 5c3f4993-c947-5459-ad63-66cd0091597e - Upload failed: Command '['az', 'storage', 'blob', 'upload', '--account-name', 'nttt', '--container-name', 'v20', '--name', '5c3f4993-c947-5459-ad63-66cd0091597e.mp3', '--file', '/var/folders/r4/_tc4gnds7yd7prk90mkrv
[2026-02-23 01:29:51] ERROR: ad9f0929-31a3-583a-8637-ac265a3dee99 - Upload failed: Command '['az', 'storage', 'blob', 'upload', '--account-name', 'nttt', '--container-name', 'v20', '--name', 'ad9f0929-31a3-583a-8637-ac265a3dee99.mp3', '--file', '/var/folders/r4/_tc4gnds7yd7prk90mkrv
[2026-02-23 01:31:07] OK: a630cb40-7975-5236-b7e3-c481f1886200 | Solo compasion | flac → MP3 | 59.1%
[2026-02-23 01:31:09] OK: 3dccef18-8139-5872-88b4-c6c644b2d6d0 | El cocherito | flac → MP3 | 63.6%
[2026-02-23 01:31:10] OK: 51eca67d-e499-51b5-b916-b25068cd3998 | La ultima cita | flac → MP3 | 58.0%
[2026-02-23 01:31:11] OK: 65e8e177-f4f9-56fd-81eb-48f21adc6c14 | Yo soy de Parque Patricios | flac → MP3 | 59.0%
[2026-02-23 01:31:15] OK: bf834363-808d-5d5f-8358-43138460b6bb | Trasnochando | flac → MP3 | 61.1%
[2026-02-23 01:31:20] OK: 20a60b49-6bf9-5851-9650-b58a06fe9de0 | Pobre gallo bataraz | flac → MP3 | 60.7%
[2026-02-23 01:31:21] OK: 045690e6-2228-5086-94b9-df7d8a9102a7 | Racing club | flac → MP3 | 65.4%
[2026-02-23 01:31:21] OK: 28ad5c25-33ea-5de2-ad68-be65c251c331 | Notas de bandoneon | flac → MP3 | 60.0%
[2026-02-23 01:31:26] OK: 74e39b86-1e90-59a2-8d08-28197f801cb8 | La cumparsita | flac → MP3 | 68.0%
[2026-02-23 01:31:27] OK: d9147dd8-1560-54e3-b663-e3d75e699efb | Yo soy de Parque Patricios | flac → MP3 | 57.3%
[2026-02-23 01:31:28] OK: 1628d316-8556-534a-80a0-4c0753653b88 | Menta y cedron | flac → MP3 | 59.2%
[2026-02-23 01:31:33] OK: bff8bfd6-084f-5ed5-b116-1098e28c3d2a | Un tango argentino | flac → MP3 | 65.7%
[2026-02-23 01:31:34] OK: f4b4bf67-81db-556d-9443-a26c529f75c9 | Porque me siento feliz | flac → MP3 | 62.5%
[2026-02-23 01:31:34] OK: 59e6339a-d7bf-5f2f-916c-53a03ccf3482 | Cantando olvidare | flac → MP3 | 60.1%
[2026-02-23 01:31:38] OK: d695dcc2-134e-587e-b6ea-576fd4bbb724 | De salto y carta | flac → MP3 | 60.9%
[2026-02-23 01:31:41] OK: 02007e54-a746-5c26-adde-cff7f2b6f04d | Ninguna | flac → MP3 | 60.6%
[2026-02-23 01:31:42] OK: 32b619d2-d475-5cac-9a6b-82efd3f31dc0 | El cornetin del tranvia | flac → MP3 | 66.4%
[2026-02-23 01:31:43] OK: d498fdb8-0f05-512b-b68b-ce295f6c35b0 | El aristocrata | El Shusheta | flac → MP3 | 59.2%
[2026-02-23 01:31:47] OK: 2275413e-3dcc-5646-9037-f58170eacc93 | Asi era el tango | flac → MP3 | 58.5%
[2026-02-23 01:31:47] OK: 41772dbb-ada5-51f1-9dab-85ad549cdfdb | Mi viejo barrio | flac → MP3 | 58.7%
[2026-02-23 01:31:53] OK: b7a6e104-e227-55d7-aaec-30eafd4fb70c | Luna de plata | flac → MP3 | 82.1%
[2026-02-23 01:31:55] OK: fce4aa0b-fa06-564c-bb69-de8731366c69 | Al volverte a ver | flac → MP3 | 60.9%
[2026-02-23 01:32:00] OK: 284a8ac0-053b-5812-b72a-7616248dff2a | El vals sonador | flac → MP3 | 82.1%
[2026-02-23 01:32:01] OK: a37f1970-69f3-5f95-a100-7eef609cb74f | Reviens Piccina Bella | flac → MP3 | 72.7%
[2026-02-23 01:32:01] OK: f1eda546-57ae-5721-9b34-0fd7f332718f | Pedacito de cielo | flac → MP3 | 82.2%
[2026-02-23 01:32:02] OK: 26c0ecf6-330a-5983-85d4-e97b0a849c3a | El choclo | flac → MP3 | 61.3%
[2026-02-23 01:32:02] OK: f3a34815-f4ec-5428-90c0-187c0ec94704 | Chagrin d'amour | flac → MP3 | 73.5%
[2026-02-23 01:32:10] OK: 9de9fd56-ebba-56ea-a025-286d996eb43d | Decime que si | flac → MP3 | 67.5%
[2026-02-23 01:32:11] OK: 9b529f02-aa60-542a-bc22-6d45af7e9f0d | Un tango, Madame | flac → MP3 | 73.0%
[2026-02-23 01:32:12] OK: dd50f57b-c386-53ba-a8e1-578d98692128 | Ecris-moi | flac → MP3 | 73.0%
[2026-02-23 01:32:16] OK: e095c616-cede-5c19-b59c-4a50abfc10eb | Soir de pluie | flac → MP3 | 72.5%
[2026-02-23 01:32:18] OK: ba32d535-fd10-5a13-a48a-4010408470f9 | Yo canto | flac → MP3 | 72.2%
[2026-02-23 01:32:20] OK: 084c906a-6efc-5c8a-8347-a0fa29f33046 | Mieux que personne | flac → MP3 | 73.1%
[2026-02-23 01:32:22] OK: d95637a9-5893-582b-afe7-4a4e265daf60 | Nostalgias | flac → MP3 | 73.5%
[2026-02-23 01:32:27] OK: 0b78eaa2-024b-515a-b34b-dfde83609939 | Ce soir je veux t'aimer | flac → MP3 | 75.2%
[2026-02-23 01:32:29] OK: 7a306aee-c3a8-5648-8d94-d0620061fc73 | La nueva vecina | flac → MP3 | 58.8%
[2026-02-23 01:32:31] OK: 0c28cab4-7af5-5c71-b058-c52c365e9e59 | Demain | flac → MP3 | 71.6%
[2026-02-23 01:32:32] OK: bb5f12d9-111c-54a0-beb7-a63ab028d3db | Te quiero | flac → MP3 | 70.8%
[2026-02-23 01:32:34] OK: 8a551ce6-a227-5258-a256-5c29db94cf3d | Soy una fiera | flac → MP3 | 75.5%
[2026-02-23 01:32:34] OK: 61c759a8-7956-5fba-bfea-059b7670d544 | Ressovuenance (Remembranzas) | flac → MP3 | 53.8%
[2026-02-23 01:32:39] OK: b6bb95de-80da-582a-b2cd-a026854bcda9 | La Naranja Nacio Verde | flac → MP3 | 55.2%
[2026-02-23 01:32:39] OK: 13113817-a886-5418-83ba-5c661d31355a | Ficha personal | flac → MP3 | 72.0%
[2026-02-23 01:32:42] OK: ac9a0252-1140-571a-b2f5-472f52eea13f | Madre | flac → MP3 | 72.4%
[2026-02-23 01:32:47] OK: b12b25da-7f92-54d1-8433-887fff0c2ee9 | De pura cepa | flac → MP3 | 59.4%
[2026-02-23 01:32:48] OK: b27e9020-894a-584e-85f2-896310ed3430 | La Naranja Nacio Verde | flac → MP3 | 72.1%
[2026-02-23 01:32:49] OK: 37240b32-9836-5209-b9a8-86c2e7e9ce02 | Milonga Sentimental | flac → MP3 | 70.7%
[2026-02-23 01:32:50] OK: 22e08e21-f83c-5598-b3da-d44b7a315718 | Mano Brava | flac → MP3 | 54.3%
[2026-02-23 01:34:48] WARN: b9f8f19a-9ab3-53a1-bb9a-8cde2216adb5 - Backup failed: Command '['az', 'storage', 'blob', 'upload', '--account-name', 'nttt', '--container-name', 'v20-originals', '--name', 'b9f8f19a-9ab3-53a1-bb9a-8cde2216adb5.original', '--file', '/var/folders/r4/_tc4gn
[2026-02-23 01:34:49] ERROR: 6c469bbc-31b4-5e91-80cc-e16b9be1a087 - Upload failed: Command '['az', 'storage', 'blob', 'upload', '--account-name', 'nttt', '--container-name', 'v20', '--name', '6c469bbc-31b4-5e91-80cc-e16b9be1a087.mp3', '--file', '/var/folders/r4/_tc4gnds7yd7prk90mkrv
[2026-02-23 01:34:49] WARN: 5febe996-5dd9-512c-9594-e8fb92c0df30 - Backup failed: Command '['az', 'storage', 'blob', 'upload', '--account-name', 'nttt', '--container-name', 'v20-originals', '--name', '5febe996-5dd9-512c-9594-e8fb92c0df30.original', '--file', '/var/folders/r4/_tc4gn
[2026-02-23 01:34:50] WARN: f711e4d9-60d0-5504-ad38-19d80c3c067f - Backup failed: Command '['az', 'storage', 'blob', 'upload', '--account-name', 'nttt', '--container-name', 'v20-originals', '--name', 'f711e4d9-60d0-5504-ad38-19d80c3c067f.original', '--file', '/var/folders/r4/_tc4gn
[2026-02-23 01:34:50] WARN: 29b3f70f-1a65-572e-a724-ffd33aa134b9 - Backup failed: Command '['az', 'storage', 'blob', 'upload', '--account-name', 'nttt', '--container-name', 'v20-originals', '--name', '29b3f70f-1a65-572e-a724-ffd33aa134b9.original', '--file', '/var/folders/r4/_tc4gn
[2026-02-23 01:36:04] OK: f711e4d9-60d0-5504-ad38-19d80c3c067f | Saca chispas | flac → MP3 | 63.8%
[2026-02-23 01:36:04] OK: 29b3f70f-1a65-572e-a724-ffd33aa134b9 | Cachirulo | flac → MP3 | 70.1%
[2026-02-23 01:36:05] OK: 5febe996-5dd9-512c-9594-e8fb92c0df30 | Corrales viejos | flac → MP3 | 58.6%
[2026-02-23 01:36:05] OK: b9f8f19a-9ab3-53a1-bb9a-8cde2216adb5 | Milonga de mis amores | flac → MP3 | 59.8%
[2026-02-23 01:36:13] OK: 267d1685-4ab1-5272-92e0-03875d73668f | A la parrilla | flac → MP3 | 70.8%
[2026-02-23 01:36:15] OK: ed985063-50ed-5e1e-9659-fe8642cd1af6 | Cachirulo | flac → MP3 | 59.2%
[2026-02-23 01:36:20] OK: 44030526-398c-5ce1-98a5-1560e042a722 | El chupete | flac → MP3 | 63.1%
[2026-02-23 01:36:20] OK: 0d646714-5583-57c5-a0f7-172f5bbffcb6 | La cumparsita | flac → MP3 | 71.7%
[2026-02-23 01:36:21] OK: e75e468d-f3d4-555a-a2b1-45250d3aac90 | Seleccion de tangos de Julio De Caro | flac → MP3 | 63.2%
[2026-02-23 01:36:26] OK: 3ec6a4b9-d5d9-55d8-a92d-2fa4075af501 | Guapeando | flac → MP3 | 62.8%
[2026-02-23 01:36:27] OK: de9db57c-5b50-501c-8017-95cf30a1fca5 | Comme il faut | flac → MP3 | 76.2%
[2026-02-23 01:36:27] OK: 02bb7c94-f234-55fb-adfb-70fd0c71808c | Piropos | flac → MP3 | 73.0%
[2026-02-23 01:36:38] OK: 575b88c8-015e-5991-8325-5544df0128da | Bien porteno | flac → MP3 | 70.8%
[2026-02-23 01:36:38] OK: 01ccee42-01d1-54a0-b26a-1eda14a2e425 | Pablo | flac → MP3 | 69.7%
[2026-02-23 01:36:40] OK: 3aadcff3-c476-5a0c-a19b-7a4f6d9a62bd | Tinta verde | flac → MP3 | 76.6%
[2026-02-23 01:36:40] OK: cc87b068-b4ec-5c33-9a7b-597509572f27 | Racing Club | flac → MP3 | 72.7%
[2026-02-23 01:36:41] OK: a865fc30-7b75-5259-8abb-5f18563abeef | Tres y dos | flac → MP3 | 69.9%
[2026-02-23 01:36:47] OK: 46361b7f-57f9-504c-86ff-67d473ebd91a | El distinguido ciudadano | flac → MP3 | 70.5%
[2026-02-23 01:36:49] OK: a7989d7d-5df0-52b4-8e33-1cced957a87c | Chique | flac → MP3 | 62.0%
[2026-02-23 01:36:55] OK: 14259a96-8af8-57b9-9da1-4df909971560 | El entrerriano | flac → MP3 | 62.6%
[2026-02-23 01:36:55] OK: 61a7999d-8bc7-59ff-bf8c-5d1d22ec7c0f | Ojos Negros | flac → MP3 | 62.0%
[2026-02-23 01:36:55] OK: d7837600-8358-551c-b5a0-ff8c36aa15a0 | Tres y dos | flac → MP3 | 69.5%
[2026-02-23 01:36:56] OK: 1aee076e-1100-5136-94b2-eb880a7444e2 | Milongueando en el 40 | flac → MP3 | 67.7%
[2026-02-23 01:36:56] OK: a55ee3bc-613f-5dc2-b490-d4139ae6aec3 | Chique | flac → MP3 | 62.3%
[2026-02-23 01:37:04] OK: d3f59e3c-8f56-5404-b759-bd812e0def4b | Fuegos artificiales | flac → MP3 | 60.4%
[2026-02-23 01:37:06] OK: 6e18e094-68d7-504d-9030-da75ae18dfdb | La tablada | flac → MP3 | 60.8%
[2026-02-23 01:37:08] OK: 07ceadbd-24d5-5db7-9d54-66a8188f97fb | El apache argentino | flac → MP3 | 73.7%
[2026-02-23 01:37:09] OK: 2bf7038d-bedd-5900-aceb-034e84c461f1 | Quejas de bandoneon | flac → MP3 | 70.9%
[2026-02-23 01:37:12] OK: f245ec3f-00d3-5339-93be-6abb79f03c04 | El entrerriano | flac → MP3 | 75.7%
[2026-02-23 01:37:16] OK: 45c0a792-7ebd-592e-be80-26afbe59c9d3 | La maleva | flac → MP3 | 71.8%
[2026-02-23 01:37:16] OK: 3a6536cf-2fdd-5416-94f3-16ea686a22ba | El tamango | flac → MP3 | 71.7%
[2026-02-23 01:37:17] OK: e571e2f6-874c-53f5-a27d-226a7b33d595 | Milongueando en el 40 | flac → MP3 | 69.4%
[2026-02-23 01:37:20] OK: 9d14f524-35a9-5166-b106-41902c3c22f5 | El africano | flac → MP3 | 60.4%
[2026-02-23 01:37:25] OK: be798ecc-058c-5ae2-8726-146477292cc5 | Los mareados | flac → MP3 | 67.6%
[2026-02-23 01:37:30] OK: a26ba5ea-332f-5e4e-827e-525f36bf6d80 | Pa que seguir | flac → MP3 | 57.7%
[2026-02-23 01:37:31] OK: 2e5f7e5f-5ab6-5b87-bac4-83bdf55855e4 | Margarita Gauthier | flac → MP3 | 67.2%
[2026-02-23 01:37:32] OK: b7e32d0e-3e71-5a8d-8fad-1f2ac1ade47b | No te apures carablanca | flac → MP3 | 62.8%
[2026-02-23 01:37:34] OK: 27d7bd6a-fc96-5268-a3fe-164dc83a9dd0 | Por las calles de la vida | flac → MP3 | 75.5%
[2026-02-23 01:37:35] OK: 56c9cdda-89e3-5f98-b13f-bd6efc42e35a | Cautivo | flac → MP3 | 75.2%
[2026-02-23 01:37:45] OK: f09aa656-6e9f-5950-a055-57373058e13d | Te Aconsejo Que Me Olvides | flac → MP3 | 70.0%
[2026-02-23 01:37:47] OK: cbf0bf69-5e65-51d6-ac2f-bfee86a0fb0c | El bulin de la calle Ayacucho | flac → MP3 | 69.7%
[2026-02-23 01:37:47] OK: 91e01c99-2ddf-5e9f-80db-0e5b7156ee1e | Total pa que sirvo | flac → MP3 | 71.9%
[2026-02-23 01:37:50] OK: 8c81dfc9-884c-5f69-bb22-ce160e1d99f8 | Barrio de tango | flac → MP3 | 76.5%
[2026-02-23 01:37:52] OK: 30eeac49-1ba9-5f47-94e7-a87cdc8f0ae8 | Tabaco | flac → MP3 | 76.3%
[2026-02-23 01:37:58] OK: b050e0e7-1ee1-57e9-a3a6-b6113ebdb6ee | Sencillo y compadre | flac → MP3 | 56.8%
[2026-02-23 01:37:59] OK: 29b2f447-20ed-5c34-888b-ec100763ea46 | Pa' que bailen los muchachos | flac → MP3 | 60.6%
[2026-02-23 01:38:02] OK: f00e8161-3465-5a4f-aeed-37147bdb1517 | Gime el viento | flac → MP3 | 62.6%
[2026-02-23 01:38:05] OK: 4b9d1458-64eb-549b-93d6-fe80d2a97b24 | Cada vez que me recuerdes | flac → MP3 | 75.9%
[2026-02-23 01:40:02] WARN: 2c245643-11d7-568f-b04d-f24c907c61be - Backup failed: Command '['az', 'storage', 'blob', 'upload', '--account-name', 'nttt', '--container-name', 'v20-originals', '--name', '2c245643-11d7-568f-b04d-f24c907c61be.original', '--file', '/var/folders/r4/_tc4gn
[2026-02-23 01:40:05] ERROR: cfe14c19-8faa-5f10-9e23-67f6c267c511 - Upload failed: Command '['az', 'storage', 'blob', 'upload', '--account-name', 'nttt', '--container-name', 'v20', '--name', 'cfe14c19-8faa-5f10-9e23-67f6c267c511.mp3', '--file', '/var/folders/r4/_tc4gnds7yd7prk90mkrv
[2026-02-23 01:40:06] ERROR: abfd8081-1cb8-5f12-bcb4-21e0948ddcb8 - Upload failed: Command '['az', 'storage', 'blob', 'upload', '--account-name', 'nttt', '--container-name', 'v20', '--name', 'abfd8081-1cb8-5f12-bcb4-21e0948ddcb8.mp3', '--file', '/var/folders/r4/_tc4gnds7yd7prk90mkrv
[2026-02-23 01:40:06] WARN: a79cb073-d39c-557a-8b5b-679e4a05523d - Backup failed: Command '['az', 'storage', 'blob', 'upload', '--account-name', 'nttt', '--container-name', 'v20-originals', '--name', 'a79cb073-d39c-557a-8b5b-679e4a05523d.original', '--file', '/var/folders/r4/_tc4gn
[2026-02-23 01:40:08] ERROR: 20d796b4-2a0c-5346-9512-9022ab1ad969 - Upload failed: Command '['az', 'storage', 'blob', 'upload', '--account-name', 'nttt', '--container-name', 'v20', '--name', '20d796b4-2a0c-5346-9512-9022ab1ad969.mp3', '--file', '/var/folders/r4/_tc4gnds7yd7prk90mkrv
[2026-02-23 01:41:04] OK: a79cb073-d39c-557a-8b5b-679e4a05523d | Yo soy el tango | flac → MP3 | 72.0%
[2026-02-23 01:41:05] OK: 2c245643-11d7-568f-b04d-f24c907c61be | Mi castigo | flac → MP3 | 75.2%
[2026-02-23 01:41:08] OK: 54857fce-100d-548f-8dfd-14e1c6bfd3e1 | Suerte loca | flac → MP3 | 60.7%
[2026-02-23 01:41:13] OK: aca21b06-7cf4-58e4-8549-492b26c3733f | Percal | flac → MP3 | 55.6%
[2026-02-23 01:41:14] OK: 4f4192f3-ab3f-58bd-a00a-389626813af2 | Colorao Colorao (echo) | flac → MP3 | 61.8%
[2026-02-23 01:41:15] OK: b743a85f-4d83-5e65-95e9-ddb25ac0acd4 | Farol | flac → MP3 | 55.3%
[2026-02-23 01:41:15] OK: b97afbc5-de3a-52cc-8e64-e10dec39d27c | Una carta | flac → MP3 | 62.6%
[2026-02-23 01:41:22] OK: c73dcb3b-0b1a-50aa-aa21-179dd1a4b522 | Orquestas de mi ciudad | flac → MP3 | 70.0%
[2026-02-23 01:41:22] OK: 1937a8c6-5d75-50e7-a95d-b8735f5ba73f | Toda mi vida | flac → MP3 | 71.8%
[2026-02-23 01:41:27] OK: 47fa4950-e756-59f3-a39b-e17d79955e79 | Tabernero | flac → MP3 | 70.5%
[2026-02-23 01:41:28] OK: 1bfcf7ab-86ed-597d-ba5b-c7912888bad0 | Maragata | flac → MP3 | 55.2%
[2026-02-23 01:41:29] OK: fca6a750-1aa1-550d-9ad9-84901c3892d5 | Gricel | flac → MP3 | 69.4%
[2026-02-23 01:41:35] OK: fa086f11-7a27-5365-8d1a-d6e65e0151c0 | En esta tarde gris | flac → MP3 | 56.2%
[2026-02-23 01:41:38] OK: 7d416aaa-fc0f-5ea3-a696-35675e24255e | Un momento | flac → MP3 | 74.4%
[2026-02-23 01:41:40] OK: e47fddd0-a697-580a-8cdf-5b6c61de41d6 | De barro | flac → MP3 | 55.6%
[2026-02-23 01:41:43] OK: e023a961-de5f-5061-8e51-c2cec687b29e | Mano brava | flac → MP3 | 71.2%
[2026-02-23 01:41:43] OK: f1c02140-9a59-5879-b51a-05309901f8a2 | Sosiego en la noche | flac → MP3 | 67.9%
[2026-02-23 01:41:49] OK: cbecc01b-8b5e-5b2f-9714-4a3fe74c195a | Sonar y Nada Mas | flac → MP3 | 73.6%
[2026-02-23 01:41:50] OK: 58234971-d1c3-52ce-8cac-d6886423004e | Malena | flac → MP3 | 70.3%
[2026-02-23 01:41:51] OK: b1def432-bacd-5af8-8bac-e7d121ec01e5 | A bailar | flac → MP3 | 60.9%
[2026-02-23 01:41:51] OK: 9b20339f-5ae7-59ef-91e1-0c8ba83ac8b5 | No le digas que la quiero | flac → MP3 | 54.6%
[2026-02-23 01:41:56] OK: dcd679b8-2b6c-5112-851e-84d55027a27d | Soy del 90 | flac → MP3 | 62.9%
[2026-02-23 01:41:57] OK: 2a6f22f4-9da0-5297-a9f5-92d090ad545b | Del tiempo guapo | flac → MP3 | 55.7%
[2026-02-23 01:41:58] OK: d98bd373-d95e-5691-9d1b-beb6b7b96f8d | Uruguaya | flac → MP3 | 61.3%
[2026-02-23 01:42:01] OK: c15ff723-4204-5291-99c8-c15cdc49e914 | El cuarteador | flac → MP3 | 56.4%
[2026-02-23 01:42:04] OK: ca90f50d-7bfb-551e-895c-c269aa2f0167 | Milonga en negro | flac → MP3 | 62.6%
[2026-02-23 01:42:06] OK: 922883fa-5e38-5187-8691-0a915286b2cc | Ropa Blanca | flac → MP3 | 72.2%
[2026-02-23 01:42:11] OK: 6f5556b6-b36a-5dae-8208-95ef7508762f | Corralera | flac → MP3 | 59.5%
[2026-02-23 01:42:11] OK: edfddcd5-c0cf-5742-96d4-a44f2a461b3b | Mirinaque | flac → MP3 | 62.2%
[2026-02-23 01:42:11] OK: 1eb4cacb-290c-5c76-8166-17834f9c58db | Mano brava | flac → MP3 | 59.2%
[2026-02-23 01:42:13] OK: 80ba4ac1-6313-55da-b56d-4672afdddf11 | Gardel-Razzano | flac → MP3 | 73.8%
[2026-02-23 01:42:17] OK: 41ea452a-72ef-51e1-98d2-0faf39f644f3 | Ficha de Oro | flac → MP3 | 72.9%
[2026-02-23 01:42:22] OK: 48ad86aa-cfd2-5785-8f08-ed92bd10e169 | Tata no quiere | flac → MP3 | 61.6%
[2026-02-23 01:42:23] OK: 5e02ca4f-2a4d-50ca-8d04-bd98a818ee23 | Acordandome de vos | flac → MP3 | 62.3%
[2026-02-23 01:42:24] OK: dc027d16-c64c-57a1-a9a1-bbe4329b27f1 | Chuzas | flac → MP3 | 64.2%
[2026-02-23 01:42:28] OK: 5de9d00b-4e80-5ec0-9fe7-0d547e7d217f | Del Tiempo Guapo (reverb) | flac → MP3 | 72.1%
[2026-02-23 01:42:29] OK: 1282765b-ff32-5316-9177-8abf9a2a9f6f | Mano brava | flac → MP3 | 72.4%
[2026-02-23 01:42:34] OK: 8499b9b2-2abc-529b-afc4-96bf0a9e6ea9 | Barrio viejo | flac → MP3 | 59.1%
[2026-02-23 01:42:34] OK: d4efcefd-1cba-5b06-8b65-6f80a71b201a | Milonga del mayoral | flac → MP3 | 68.4%
[2026-02-23 01:42:35] OK: b0d54d36-d6a0-5c9b-9545-389bceafee63 | Gardel-Razzano | flac → MP3 | 72.8%
[2026-02-23 01:42:36] OK: b1641f49-1d00-561f-9f04-fa9f5a39102b | El Desafio | flac → MP3 | 69.9%
[2026-02-23 01:42:42] OK: 9d11b8fe-3641-5514-93f1-6570bf2e4b4d | Romance de barrio | flac → MP3 | 71.6%
[2026-02-23 01:42:43] OK: 64817796-1970-57d9-a83c-ecec89622cf7 | Los ejes de mi carreta | flac → MP3 | 62.4%
[2026-02-23 01:42:48] OK: c3d939f6-bdab-5232-b5fb-70afed8ab0e2 | Temblando | flac → MP3 | 72.5%
[2026-02-23 01:42:48] OK: b03852a5-028d-5686-8d28-c56d117845a4 | Flor De Lino | flac → MP3 | 70.9%
[2026-02-23 01:42:48] OK: 272b6b21-f51a-51b8-bd52-f3c776c65834 | Sonar y nada mas | flac → MP3 | 70.4%
[2026-02-23 01:42:53] OK: e6c9a236-6f1b-5152-aaee-99425357b5f6 | El Barrio del Tambor | flac → MP3 | 73.0%
[2026-02-23 01:44:49] WARN: 8e7a431d-a871-5920-a910-f2e10cc30c1b - Backup failed: Command '['az', 'storage', 'blob', 'upload', '--account-name', 'nttt', '--container-name', 'v20-originals', '--name', '8e7a431d-a871-5920-a910-f2e10cc30c1b.original', '--file', '/var/folders/r4/_tc4gn
[2026-02-23 01:44:51] ERROR: 59f22e72-dd1a-5381-912e-cdd6de22f500 - Upload failed: Command '['az', 'storage', 'blob', 'upload', '--account-name', 'nttt', '--container-name', 'v20', '--name', '59f22e72-dd1a-5381-912e-cdd6de22f500.mp3', '--file', '/var/folders/r4/_tc4gnds7yd7prk90mkrv
[2026-02-23 01:44:52] ERROR: 821b909a-b51e-54c7-bc13-f674237254a9 - Upload failed: Command '['az', 'storage', 'blob', 'upload', '--account-name', 'nttt', '--container-name', 'v20', '--name', '821b909a-b51e-54c7-bc13-f674237254a9.mp3', '--file', '/var/folders/r4/_tc4gnds7yd7prk90mkrv
[2026-02-23 01:44:54] WARN: 263341d6-b44d-558d-87ba-8d7d918b6d7e - Backup failed: Command '['az', 'storage', 'blob', 'upload', '--account-name', 'nttt', '--container-name', 'v20-originals', '--name', '263341d6-b44d-558d-87ba-8d7d918b6d7e.original', '--file', '/var/folders/r4/_tc4gn
[2026-02-23 01:44:55] ERROR: 5c79a534-383d-5949-8390-7889b92641d8 - Upload failed: Command '['az', 'storage', 'blob', 'upload', '--account-name', 'nttt', '--container-name', 'v20', '--name', '5c79a534-383d-5949-8390-7889b92641d8.mp3', '--file', '/var/folders/r4/_tc4gnds7yd7prk90mkrv
[2026-02-23 01:46:06] OK: 263341d6-b44d-558d-87ba-8d7d918b6d7e | A unos ojos | flac → MP3 | 62.3%
[2026-02-23 01:46:06] OK: 8e7a431d-a871-5920-a910-f2e10cc30c1b | Milonga que peina canas | flac → MP3 | 60.4%
[2026-02-23 01:46:11] OK: 8fe3db16-fa18-5325-9a13-b7b728ca3af9 | Milonga triste | flac → MP3 | 61.6%
[2026-02-23 01:46:16] OK: c816aa42-3646-500c-9813-2d952e6c2603 | Vuelve la serenata | flac → MP3 | 61.6%
[2026-02-23 01:46:16] OK: 8f753549-de5c-5933-a206-d937ceef355c | Romance de Barrio | flac → MP3 | 72.0%
[2026-02-23 01:46:18] OK: 7b8fa8bd-5533-5c56-bf2f-bbc7b40ca796 | Nocturna | flac → MP3 | 80.9%
[2026-02-23 01:46:26] OK: d083fc35-c121-5513-9334-e9f237bacbe4 | Del barrio de las latas | flac → MP3 | 71.4%
[2026-02-23 01:46:32] OK: 6691d33e-b16d-5b81-a871-9566289ff3e4 | El ultimo farol | flac → MP3 | 77.6%
[2026-02-23 01:46:32] OK: a28460b5-5cb5-52ab-b93b-dc8c1e339a11 | Lagrimas de Mi Corazon | flac → MP3 | 71.9%
[2026-02-23 01:46:33] OK: 93e76fb1-4127-5fe1-8d3d-cf8d2224a82c | Mananitas de Montmartre | flac → MP3 | 80.7%
[2026-02-23 01:46:42] OK: 69cf39d0-7cb6-51f7-bad4-55c0e9e553ea | Cancion de Ave Maria | flac → MP3 | 79.0%
[2026-02-23 01:46:42] OK: 112f95d4-d64a-59b7-ac57-923b0ec2a0af | Responso | flac → MP3 | 76.2%
[2026-02-23 01:46:44] OK: 4ab888c6-3746-56e6-84fd-3c18d6ece5d5 | Mano Brava | flac → MP3 | 72.7%
[2026-02-23 01:46:45] OK: f5099cc9-4637-5cc0-bc42-563b1a68a995 | Un Placer | flac → MP3 | 71.9%
[2026-02-23 01:46:55] OK: b13f19c7-7722-5b23-bf37-e61c83d21d9c | Pedacito de Cielo (reverb) | flac → MP3 | 72.3%
[2026-02-23 01:47:01] OK: 6f61edb3-4e3c-57f0-9283-e5a8f9042f1d | La Calesita | flac → MP3 | 74.3%
[2026-02-23 01:47:07] OK: a8fa3e77-593b-5880-bf95-f0d8db8a26d0 | Danzarin | flac → MP3 | 78.0%
[2026-02-23 01:47:09] OK: 7f400e1e-3b6b-5465-9d88-a11de76e0530 | Palomita Blanca (reverb) | flac → MP3 | 72.7%
[2026-02-23 01:47:14] OK: 2df7d028-c624-5339-8298-566b34985958 | Un Boliche | flac → MP3 | 77.5%
[2026-02-23 01:47:14] OK: 7f50f459-93a5-5dde-9499-d77aae8291fe | Taquito militar | flac → MP3 | 60.6%
[2026-02-23 01:47:15] OK: 467f7fcc-88f1-5498-8ccd-1a70a0e3c98b | Danzarin | flac → MP3 | 76.7%
[2026-02-23 01:47:28] OK: 0a5ae46f-6fb8-5fed-ab9f-51cf47c5b255 | Lo que vendra | flac → MP3 | 77.3%
[2026-02-23 01:47:30] OK: 90045fce-ff2e-5a7d-937b-6be8e488b7f9 | Pa' Lo Que Te Va A Durar | flac → MP3 | 74.4%
[2026-02-23 01:47:35] OK: 6b3bc6ee-e5c7-502b-88f5-ee824f3d20d1 | La Vuelta Del Montonero | flac → MP3 | 78.3%
[2026-02-23 01:47:42] OK: e98c6d87-4c39-5e4f-a410-acaba7a7b804 | B. B. | flac → MP3 | 76.4%
[2026-02-23 01:47:43] OK: 1679dd0d-ebb8-550c-8594-0121901e8c84 | Milonguero triste | flac → MP3 | 77.0%
[2026-02-23 01:47:44] OK: 38d64c7d-7600-5526-8eae-870338efcf10 | Inspiracion | flac → MP3 | 74.0%
[2026-02-23 01:47:50] OK: 764c6575-4880-5954-86d4-a5d3410a1102 | Chique | flac → MP3 | 72.2%
[2026-02-23 01:47:58] OK: 8254f151-d2b7-586e-b188-83da549d4f24 | Lo Que Vendra | flac → MP3 | 74.2%
[2026-02-23 01:48:01] OK: 38f3fb08-4fa4-5b0f-9f3e-5640c2090a75 | Aguantate Casimiro | flac → MP3 | 74.4%
[2026-02-23 01:48:07] OK: d3e7b6ea-ad0c-5345-bd79-83e2dfaa9ddd | La Ultima | flac → MP3 | 73.2%
[2026-02-23 01:48:08] OK: 9fbbebb0-4a6b-553a-97df-0906ecf0f9cb | Quejas De Bandoneon | flac → MP3 | 79.4%
[2026-02-23 01:48:11] OK: 29ccf0be-2dca-54e4-8c7a-e933ef3526bd | Madreselva | flac → MP3 | 75.3%
[2026-02-23 01:48:22] OK: fb0646df-02aa-551d-8580-1f1dcf66ead5 | Melancolico | flac → MP3 | 80.1%
[2026-02-23 01:48:23] OK: 84cb8978-b08f-5632-ba18-a4897bbf4c9a | Aquel Tapado De Armino | flac → MP3 | 78.2%
[2026-02-23 01:48:25] OK: c8bf8ac6-c000-559d-aa24-1f538aff499e | Barrio Pobre | flac → MP3 | 79.3%
[2026-02-23 01:48:30] OK: 0218bb6e-bed5-501d-867a-bdc1864df988 | Yo soy del 30 | flac → MP3 | 77.0%
[2026-02-23 01:48:35] OK: b13e38c2-d75f-5486-8acd-836071ab1d89 | Marinera | flac → MP3 | 74.8%
[2026-02-23 01:48:42] OK: a7f31e6e-ab6a-54d7-a7c9-6085144bcfd5 | La Bordona | flac → MP3 | 80.6%
[2026-02-23 01:48:44] OK: 0e207a9e-0cc2-5761-a7df-9967e0ec13da | Che Buenos Aires | flac → MP3 | 79.3%
[2026-02-23 01:48:45] OK: bd42d3d3-4575-5cab-875c-84cdd654c0c4 | Lo Que Vos Te Mereces | flac → MP3 | 73.9%
[2026-02-23 01:48:49] OK: ab3d13fb-fa7d-539e-86bd-c42d6c60df0e | Viejo baldio | flac → MP3 | 72.5%
[2026-02-23 01:48:58] OK: 18541dd3-45fd-599a-91c0-8913c517c72f | Retirao | flac → MP3 | 74.5%
[2026-02-23 01:48:59] OK: 75e25fb1-0008-56d2-a6a6-21d8d297bec8 | De vuelta al bulin | flac → MP3 | 74.7%
[2026-02-23 01:49:00] OK: 670c74cc-d475-5cd6-9e48-7870db02eb75 | Ni Mas Ni Menos | flac → MP3 | 78.3%
[2026-02-23 01:49:05] OK: 580cd1d1-ee6e-5525-8cfb-84e2a381e14a | Te Llaman Malevo | flac → MP3 | 75.2%
[2026-02-23 01:51:01] OK: 93f824e8-e324-55b2-b41f-dbe5d35d4def | El Metejon | flac → MP3 | 78.5%
[2026-02-23 01:51:03] OK: dd907294-51ef-58f9-8c7c-9251494ebda9 | A mis viejos | flac → MP3 | 77.2%
[2026-02-23 01:51:04] OK: a316ffb2-30ce-5564-b2b0-f59c2e3bea46 | Racconto | flac → MP3 | 77.0%
[2026-02-23 01:51:06] OK: 86b96d28-5c81-555d-b4d1-9a03a5c74c6e | El choclo | flac → MP3 | 58.3%
[2026-02-23 01:51:06] OK: 23247555-8b88-5141-b094-2da9cc2c8ba9 | Nostalgico | flac → MP3 | 77.0%
[2026-02-23 01:51:14] OK: 41ec452b-ca5b-508a-a71d-1cf34ba23c43 | Corrientes angosta | flac → MP3 | 57.6%
[2026-02-23 01:51:16] OK: efcbd974-5137-5c57-af38-81c64e860f88 | Discepolin | flac → MP3 | 70.1%
[2026-02-23 01:51:20] OK: e99765e7-88a5-5b2a-bfdf-d252be26333d | Chuzas | flac → MP3 | 72.9%
[2026-02-23 01:51:26] OK: d113938a-f9cc-58f4-8916-c8ba8bfc8421 | Mensaje | flac → MP3 | 60.0%
[2026-02-23 01:51:27] OK: 4bd1d0b6-7570-583b-9e08-90fa060c636d | Malon De Ausencia | flac → MP3 | 78.4%
[2026-02-23 01:51:27] OK: e3760429-dbab-58ce-b921-bae06d9f6b20 | N.P. (No place) | flac → MP3 | 60.5%
[2026-02-23 01:51:28] OK: bba3ad0f-8d88-5174-bd70-c6ea533cc600 | Quiero huir de mi | flac → MP3 | 75.1%
[2026-02-23 01:51:33] OK: 1f819d97-9bcf-5a78-83c8-79114c3fe438 | El choclo | flac → MP3 | 71.7%
[2026-02-23 01:51:37] OK: 894bcdb1-930a-5ffc-b3df-cd3460c2a087 | Pero yo se | flac → MP3 | 61.2%
[2026-02-23 01:51:37] OK: cd007682-b46c-5fb8-b6e8-5bc9769d62d8 | Malena | flac → MP3 | 59.7%
[2026-02-23 01:51:39] OK: ff846b8d-b7ad-50e1-8e5c-e492eef02d39 | Ivette | flac → MP3 | 60.4%
[2026-02-23 01:51:44] OK: 8bb4d574-6693-5f32-b244-0459e3025635 | Marioneta (Palabras de Pichuco) | flac → MP3 | 69.8%
[2026-02-23 01:51:45] OK: 2a287662-6a50-5807-a768-3d85f2b5cc9b | Ivette | flac → MP3 | 71.1%
[2026-02-23 01:51:49] OK: ca441242-7570-500e-98c5-044c43dc642a | Desvelo[De flor en flor] | flac → MP3 | 62.9%
[2026-02-23 01:51:49] OK: 891767ed-3037-5550-a859-9d39b0ed427d | Un tango para Estercita | flac → MP3 | 55.7%
[2026-02-23 01:51:51] OK: 740125c2-a175-5530-939f-0e722378a3f9 | Camino del Tucuman | flac → MP3 | 61.6%
[2026-02-23 01:51:54] OK: 69760f2a-bc2b-5bc3-99a4-5b44e56298ad | Corazon de papel | flac → MP3 | 62.4%
[2026-02-23 01:51:56] OK: ee11d199-b069-50dd-98a2-d739cc743745 | Equipaje | flac → MP3 | 59.2%
[2026-02-23 01:51:57] OK: 57d59e5e-7562-5b48-8f5e-881d8448b958 | Medianoche | flac → MP3 | 62.4%
[2026-02-23 01:52:00] OK: 5ef29c81-ed07-5725-bfc0-967a5068bcd3 | Cualquier cosa | flac → MP3 | 61.6%
[2026-02-23 01:52:04] OK: 130b8d6e-ee54-5e68-9d42-78a261907d86 | Adios pampa mia | flac → MP3 | 62.6%
[2026-02-23 01:52:05] OK: 0d2791eb-77be-598e-bb32-bdf4cda4bd51 | Yuyo verde | flac → MP3 | 60.4%
[2026-02-23 01:52:07] OK: 68c2c530-da91-5993-ad05-2a400af41e39 | Que me van a hablar de amor | flac → MP3 | 60.3%
[2026-02-23 01:52:11] OK: 87ce7b65-6525-5624-a597-27d8e8c675ad | Los despojos | flac → MP3 | 57.9%
[2026-02-23 01:52:11] OK: 10a2dfb5-640e-5fa4-ba87-f2525f4cd14b | La noche que te fuiste | flac → MP3 | 60.1%
[2026-02-23 01:52:13] OK: 175c6589-bbb6-5a2a-b040-d2e2d23e54ce | Mis amigos de ayer | flac → MP3 | 62.0%
[2026-02-23 01:52:22] OK: 1459a0c3-20ff-5d5d-bc4b-60f3df615890 | Naranjo en flor | flac → MP3 | 72.3%
[2026-02-23 01:52:22] OK: ced733c4-f6b4-55c9-85f0-5722e6a62ddc | La noche que te fuiste | flac → MP3 | 62.9%
[2026-02-23 01:52:26] OK: 3c06356b-c751-5d9f-88a7-4825a21d1909 | Y la perdi | flac → MP3 | 62.6%
[2026-02-23 01:52:32] OK: 8b4c6d80-82f2-5a4d-81e3-0e4ba64202d2 | Luna llena | flac → MP3 | 70.7%
[2026-02-23 01:52:33] OK: f3e6b405-21f4-5c83-ac4d-ec77164fbc68 | Tu palido final | flac → MP3 | 63.0%
[2026-02-23 01:52:36] OK: 9cfd1f2e-3cdf-575e-8e6d-dd03ae871d6d | Solo se quiere una vez (with Intro) | flac → MP3 | 75.9%
[2026-02-23 01:52:37] OK: cd3a7933-2a56-5a04-afda-0cbcbdf40aab | La embriaguez(borrachera) del tango | flac → MP3 | 59.8%
[2026-02-23 01:52:43] OK: 4c644d4d-4baf-53d8-88bc-f4c5015cdc12 | Silencio | flac → MP3 | 70.5%
[2026-02-23 01:52:45] OK: 32d0986b-f635-52e4-8b47-09022d89001e | Mi noche triste[Lita] | flac → MP3 | 63.3%
[2026-02-23 01:52:50] OK: f4c4d0d6-4c2d-5d35-b0b7-83ee20adbd99 | Tu | flac → MP3 | 63.4%
[2026-02-23 01:52:51] OK: 27e9689f-b72d-5be5-889a-2392abc23b60 | La ultima curda | flac → MP3 | 73.0%
[2026-02-23 01:52:51] OK: 35e63afc-372e-5d5d-82ed-353ea67b76ad | El ultimo organito | flac → MP3 | 70.1%
[2026-02-23 01:52:54] OK: fe0132e6-dde0-575b-a92c-ee01acae036a | Sur | flac → MP3 | 62.4%
[2026-02-23 01:52:58] OK: f1ec15de-1bd1-5be5-bdb1-de55ceb20454 | El milagro | flac → MP3 | 61.7%
[2026-02-23 01:53:00] OK: 9add7443-bd4f-527a-a658-03d1925fecef | La viajera perdida | flac → MP3 | 63.1%
[2026-02-23 01:53:07] OK: c90b026b-bc14-554e-9ce8-d4d18eb793dc | Yo te bendigo | flac → MP3 | 62.3%
[2026-02-23 01:53:07] OK: eb8c8906-2d28-5f99-8db8-136d830739b1 | Cafetin de Buenos Aires (with Intro) | flac → MP3 | 71.1%
[2026-02-23 01:53:08] OK: d104968f-cb3c-5f76-93de-08e7bb05e003 | Yira... yira | flac → MP3 | 72.3%
[2026-02-23 01:53:09] OK: ec2f68f5-be64-5755-b973-af4bc6221bfb | Tu perro Pekines | flac → MP3 | 64.1%
[2026-02-23 01:53:11] OK: e326e831-e3f4-5178-b579-5554f4d5c2f0 | Milonga de corralon | flac → MP3 | 72.9%
[2026-02-23 01:55:10] WARN: 21315818-6400-5891-bddd-0aae3f994491 - Backup failed: Command '['az', 'storage', 'blob', 'upload', '--account-name', 'nttt', '--container-name', 'v20-originals', '--name', '21315818-6400-5891-bddd-0aae3f994491.original', '--file', '/var/folders/r4/_tc4gn
[2026-02-23 01:55:12] WARN: 62da471c-1dcc-5a16-b6b9-2e188a189fee - Backup failed: Command '['az', 'storage', 'blob', 'upload', '--account-name', 'nttt', '--container-name', 'v20-originals', '--name', '62da471c-1dcc-5a16-b6b9-2e188a189fee.original', '--file', '/var/folders/r4/_tc4gn
[2026-02-23 01:55:18] ERROR: 701ce42d-7fa7-5995-aee0-b60ee99f3640 - Upload failed: Command '['az', 'storage', 'blob', 'upload', '--account-name', 'nttt', '--container-name', 'v20', '--name', '701ce42d-7fa7-5995-aee0-b60ee99f3640.mp3', '--file', '/var/folders/r4/_tc4gnds7yd7prk90mkrv
[2026-02-23 01:55:19] ERROR: cdc52dbe-f019-571c-9a2a-ef3847ef85d6 - Upload failed: Command '['az', 'storage', 'blob', 'upload', '--account-name', 'nttt', '--container-name', 'v20', '--name', 'cdc52dbe-f019-571c-9a2a-ef3847ef85d6.mp3', '--file', '/var/folders/r4/_tc4gnds7yd7prk90mkrv
[2026-02-23 01:55:19] ERROR: 445b956d-1ab4-5e71-baac-87ed8b56cd2c - Upload failed: Command '['az', 'storage', 'blob', 'upload', '--account-name', 'nttt', '--container-name', 'v20', '--name', '445b956d-1ab4-5e71-baac-87ed8b56cd2c.mp3', '--file', '/var/folders/r4/_tc4gnds7yd7prk90mkrv
[2026-02-23 01:56:02] OK: 21315818-6400-5891-bddd-0aae3f994491 | Una lagrima tuya | flac → MP3 | 62.3%
[2026-02-23 01:56:07] OK: 62da471c-1dcc-5a16-b6b9-2e188a189fee | La ultima curda | flac → MP3 | 59.1%
[2026-02-23 01:56:16] OK: 7f94a0a6-8156-563d-9ac0-fdbcd0d17e1f | Vieja amiga | flac → MP3 | 58.4%
[2026-02-23 01:56:17] OK: bdc68f7b-5630-54c8-a6ee-b4390cf81fb4 | El lloron | flac → MP3 | 73.5%
[2026-02-23 01:56:18] OK: d438f2b4-1da6-5bed-b1df-be5ed4ebe4a2 | Sur | flac → MP3 | 63.8%
[2026-02-23 01:56:19] OK: 576b1cfd-4e3e-5673-acb6-373149b5b094 | Mi poncho agujereado | flac → MP3 | 74.3%
[2026-02-23 01:56:25] OK: 3a63fd34-2ae4-5606-b22c-69164a7ee28a | Lo han visto con otra | flac → MP3 | 76.0%
[2026-02-23 01:56:26] OK: 11f51015-6195-5e0a-ae5d-84c56a7d129e | La trampera | flac → MP3 | 60.8%
[2026-02-23 01:56:30] OK: 088d45f0-3d77-52dc-8f9e-1b23ae3e9632 | Bajo un cielo de estrellas | flac → MP3 | 73.8%
[2026-02-23 01:56:30] OK: 892e7f1b-719d-59bb-85d9-6dca1e0f7908 | Los ejes de mi carreta | flac → MP3 | 65.9%
[2026-02-23 01:56:32] OK: e82dac33-f02d-5cac-80c7-d49878a75c4b | Un placer | flac → MP3 | 71.3%
[2026-02-23 01:56:40] OK: b2a9ae96-7cd1-5749-9391-539f072480aa | Palomita blanca | flac → MP3 | 64.6%
[2026-02-23 01:56:43] OK: 03dfd314-9fcd-597c-98c7-b77c34ff8cbb | La tablada | flac → MP3 | 76.6%
[2026-02-23 01:56:46] OK: 37426b8c-900c-5518-aad4-e5bd2c6d8f1b | Mi viejo el remendon | flac → MP3 | 67.6%
[2026-02-23 01:56:47] OK: 0725e407-8a8c-516d-bc6f-33b0e3ebeec2 | Desencuentro | flac → MP3 | 76.7%
[2026-02-23 01:56:49] OK: 915f7ffc-32ca-5998-80ae-d5f18f38dada | Ninguna | flac → MP3 | 77.7%
[2026-02-23 01:56:58] OK: ac65400b-b950-5fff-a4f9-50e49bd5ca27 | Palomita Blanca | flac → MP3 | 72.5%
[2026-02-23 01:57:03] OK: ac7315df-0b4a-5ceb-b3ad-d21aba5b4251 | Como se pianta la vida | flac → MP3 | 78.0%
[2026-02-23 01:57:05] OK: 4e009595-6729-54c9-909e-3d566419c2ef | La trampera | flac → MP3 | 76.3%
[2026-02-23 01:57:08] OK: 89e3805d-2240-5487-9f31-cbd522b88924 | Un placer | flac → MP3 | 75.2%
[2026-02-23 01:57:13] OK: e22b4d14-1ac6-5ae5-99af-237d61206210 | Frente al mar | flac → MP3 | 80.2%
[2026-02-23 01:57:14] OK: c31912c4-14d7-537b-b6d7-b725c0cb4838 | El conventillo | flac → MP3 | 73.3%
[2026-02-23 01:57:21] OK: e8272250-7c3b-5ada-aba2-f05b402e58dd | En carne propia | flac → MP3 | 62.2%
[2026-02-23 01:57:26] OK: db2af60f-8815-5131-ba41-fa70ea8c0e33 | Naipe | flac → MP3 | 76.7%
[2026-02-23 01:57:27] OK: bbcdaf7b-da5f-5ab1-a287-50348ca4eb18 | La luz de un fosforo | flac → MP3 | 61.1%
[2026-02-23 01:57:28] OK: 93d1aa90-45e7-58dd-a337-8913be82c65b | Cristal | flac → MP3 | 62.7%
[2026-02-23 01:57:33] OK: ad35e191-7bb6-5d75-ad93-5a0a6f839ba8 | La cumparsita | flac → MP3 | 70.5%
[2026-02-23 01:57:39] OK: a9060ce9-6aec-512b-b83f-c4fab027536b | Recuerdos de bohemia | flac → MP3 | 66.6%
[2026-02-23 01:57:40] OK: 38cdd142-12c9-5e1b-a951-129331f37ed2 | La vi llegar | flac → MP3 | 63.1%
[2026-02-23 01:57:44] OK: 55263d61-dbe8-540c-9eae-5699f0668734 | Milonga triste | flac → MP3 | 70.5%
[2026-02-23 01:57:45] OK: bf6b6d11-86db-5d42-92c8-133021fd6ac5 | Uno | flac → MP3 | 72.7%
[2026-02-23 01:57:46] OK: 68135073-89eb-5099-91a7-c3b1a62f6d10 | Maria | flac → MP3 | 71.3%
[2026-02-23 01:57:51] OK: 0a7fdd6d-378c-5c29-b4b2-c736be04b79e | Garras | flac → MP3 | 70.6%
[2026-02-23 01:57:53] OK: d21afc8b-2aa9-5622-82d4-eb37a5a8a10c | Margo | flac → MP3 | 60.5%
[2026-02-23 01:57:57] OK: 4e903788-9c61-5b44-a470-f9874c9d4342 | Fuimos | flac → MP3 | 72.9%
[2026-02-23 01:57:57] OK: 700f8f85-3df9-5c10-88e6-acab19677c44 | Despues | flac → MP3 | 63.5%
[2026-02-23 01:57:58] OK: 9e4e6bdd-9f69-59cf-bca6-4132a8b676a6 | Alhucema | flac → MP3 | 61.9%
[2026-02-23 01:58:02] OK: e856492f-3d01-586d-b82b-a9f27abb7e74 | Cuando tallan los recuerdos | flac → MP3 | 57.2%
[2026-02-23 01:58:04] OK: 6f4710fb-baa0-5155-86c9-7fd24b81b56b | Me quede mirandola | flac → MP3 | 58.9%
[2026-02-23 01:58:08] OK: 77bc04d2-c5d9-5832-a9df-70992432618a | Torrente | flac → MP3 | 76.8%
[2026-02-23 01:58:08] OK: 199409e9-5330-5289-9849-364f4ed34f75 | Farolito de papel (faster) | flac → MP3 | 61.3%
[2026-02-23 01:58:10] OK: cba56339-adcd-5b23-a2ec-871606077a4c | Fruta amarga | flac → MP3 | 60.8%
[2026-02-23 01:58:13] OK: f38e9725-e9aa-511c-99c4-2e3cee5f12db | Rosa de tango | flac → MP3 | 75.6%
[2026-02-23 01:58:15] OK: aaad7866-14ff-59f2-84fd-029e1a771f1f | Cantando se van las penas | flac → MP3 | 56.1%
[2026-02-23 01:58:21] OK: fd22b658-181f-5bb7-b3c0-555a5fc319dd | Sombras... nada mas | flac → MP3 | 71.1%
[2026-02-23 01:58:21] OK: c5259c57-30ea-58fc-85fe-e730f86d25eb | Ya estamos iguales | flac → MP3 | 59.1%
[2026-02-23 01:58:22] OK: df937549-8ab7-5507-8201-093ca8139856 | Cancion desesperada | flac → MP3 | 59.1%
[2026-02-23 01:58:23] OK: aed42557-cf33-523a-a643-cd40a24d214a | Tango y copas | flac → MP3 | 61.8%
[2026-02-23 02:00:21] ERROR: f70b4d82-64bb-5506-b1b1-ba6c273ca961 - Upload failed: Command '['az', 'storage', 'blob', 'upload', '--account-name', 'nttt', '--container-name', 'v20', '--name', 'f70b4d82-64bb-5506-b1b1-ba6c273ca961.mp3', '--file', '/var/folders/r4/_tc4gnds7yd7prk90mkrv
[2026-02-23 02:00:22] WARN: 23cd6a7a-0845-5430-8f97-18b9d4ba3d1c - Backup failed: Command '['az', 'storage', 'blob', 'upload', '--account-name', 'nttt', '--container-name', 'v20-originals', '--name', '23cd6a7a-0845-5430-8f97-18b9d4ba3d1c.original', '--file', '/var/folders/r4/_tc4gn
[2026-02-23 02:00:22] WARN: 58b5611c-fe6a-5e34-9af6-bd1e48c4ecad - Backup failed: Command '['az', 'storage', 'blob', 'upload', '--account-name', 'nttt', '--container-name', 'v20-originals', '--name', '58b5611c-fe6a-5e34-9af6-bd1e48c4ecad.original', '--file', '/var/folders/r4/_tc4gn
[2026-02-23 02:00:23] WARN: a3b78f38-8915-577f-b6b0-b263be00abc4 - Backup failed: Command '['az', 'storage', 'blob', 'upload', '--account-name', 'nttt', '--container-name', 'v20-originals', '--name', 'a3b78f38-8915-577f-b6b0-b263be00abc4.original', '--file', '/var/folders/r4/_tc4gn
[2026-02-23 02:00:24] WARN: fe429dfe-6a9b-5aec-bb7f-1a2fda189477 - Backup failed: Command '['az', 'storage', 'blob', 'upload', '--account-name', 'nttt', '--container-name', 'v20-originals', '--name', 'fe429dfe-6a9b-5aec-bb7f-1a2fda189477.original', '--file', '/var/folders/r4/_tc4gn
[2026-02-23 02:01:01] OK: 58b5611c-fe6a-5e34-9af6-bd1e48c4ecad | Rosicler | flac → MP3 | 62.8%
[2026-02-23 02:01:07] OK: 23cd6a7a-0845-5430-8f97-18b9d4ba3d1c | Farolito de papel | flac → MP3 | 55.1%
[2026-02-23 02:01:07] OK: a3b78f38-8915-577f-b6b0-b263be00abc4 | Mi tango triste | flac → MP3 | 61.7%
[2026-02-23 02:01:09] OK: fe429dfe-6a9b-5aec-bb7f-1a2fda189477 | Nada mas que un corazon | flac → MP3 | 75.0%
[2026-02-23 02:01:14] OK: c2fa557b-9910-59e0-ae3c-9ceab2b1092a | Cortorrita de la suerte | flac → MP3 | 61.3%
[2026-02-23 02:01:19] OK: db8f0f77-9cb4-50a2-b713-315cfc789c8f | Me estan sobrando las penas | flac → MP3 | 62.3%
[2026-02-23 02:01:22] OK: 2197bde2-ef0c-53d5-814a-765f7a587429 | Bien milonga | flac → MP3 | 59.9%
[2026-02-23 02:01:23] OK: fdd5b88e-9468-5a08-9709-f0edb57cfab6 | Cafe de los angelitos | flac → MP3 | 69.7%
[2026-02-23 02:01:23] OK: 2cc033bd-0ea9-56dd-998d-6903fd26033e | La cumparsita // 1951 | flac → MP3 | 61.7%
[2026-02-23 02:01:29] OK: b753acde-82d3-5235-b9ac-096eaccd5325 | Para lucirse | flac → MP3 | 72.9%
[2026-02-23 02:01:29] OK: f1ae8b98-bb99-545a-b20b-1f291dc407ba | De muy adentro | flac → MP3 | 60.7%
[2026-02-23 02:01:35] OK: 58a2855c-ad11-59c0-ac07-cb7ea4c1c301 | El entrerriano | flac → MP3 | 60.2%
[2026-02-23 02:01:36] OK: 8dec778c-4a5e-53d1-b054-4bf9d59c2720 | El marne | flac → MP3 | 60.1%
[2026-02-23 02:01:36] OK: 327ec5a7-84c7-5a66-9a25-3a378cf9caf3 | Responso // 1951 | flac → MP3 | 62.4%
[2026-02-23 02:01:39] OK: 7d1c04d3-0c5b-5e1c-b4a3-8c1a849fe9d0 | Responso // 1952 | flac → MP3 | 60.9%
[2026-02-23 02:01:44] OK: acde0a5b-0983-554f-bfe1-a5c4bd4729bc | Orlando Goni | flac → MP3 | 70.7%
[2026-02-23 02:01:45] OK: e1513f8b-3f4a-50b9-a602-3c2190e04052 | Pablo | flac → MP3 | 65.4%
[2026-02-23 02:01:46] OK: ac8a6b21-23c9-517a-90b9-062f2c33fb55 | Contrabajeando | flac → MP3 | 58.8%
[2026-02-23 02:01:48] OK: 10306e8d-6970-5c8e-8018-7c160efcf4ed | Color de rosa | flac → MP3 | 60.0%
[2026-02-23 02:01:50] OK: 87848778-744c-5299-b257-4dd91b8bed0c | Tanguango | flac → MP3 | 61.2%
[2026-02-23 02:01:56] OK: 9e768027-1c0b-5178-bf37-8400f2970761 | Intermezzo | flac → MP3 | 60.9%
[2026-02-23 02:01:56] OK: 4905d1ed-5d12-5ae3-8b6f-88a07471ee59 | Contrabajeando | flac → MP3 | 70.5%
[2026-02-23 02:02:01] OK: ac00c9fb-449a-516d-99b9-2a70b3fe6c00 | Chique | flac → MP3 | 62.3%
[2026-02-23 02:02:02] OK: 77fd193c-55d5-5864-bd88-199294cf5b5d | Corralera | flac → MP3 | 72.0%
[2026-02-23 02:02:07] OK: be9e7166-c3e2-5c5d-82e6-6ef66e6c232f | Quejas de bandoneon | flac → MP3 | 60.5%
[2026-02-23 02:02:08] OK: 8ba54f35-847d-5dae-8e1c-f9a19a4dd192 | Inspiracion // 1952 | flac → MP3 | 59.7%
[2026-02-23 02:02:08] OK: 0a65e121-05e9-5d7e-b64f-2132d89d0bf2 | Seleccion de Francisco Canaro | flac → MP3 | 57.8%
[2026-02-23 02:02:10] OK: bf52a6bf-5d51-59e9-aea2-2f591c4d80c0 | Fraternal | flac → MP3 | 61.3%
[2026-02-23 02:02:12] OK: 19f89d6f-debe-5cc2-b6f2-79fa091fb06c | Inspiracion // 1951 | flac → MP3 | 59.9%
[2026-02-23 02:02:17] OK: 4ee46c46-7c7e-514d-88f3-0e46cb4786b5 | Ojos negros | flac → MP3 | 60.3%
[2026-02-23 02:02:18] OK: 223d18ab-1a06-53e9-a9d1-af116dc389f9 | La chiflada | flac → MP3 | 60.9%
[2026-02-23 02:02:23] OK: 3b5ce284-d736-5f70-8228-8aaa3e8c74d3 | Tecleando | flac → MP3 | 58.7%
[2026-02-23 02:02:23] OK: 4dab20f9-2498-59cf-926b-4588e8ae624f | Contratiempo | flac → MP3 | 61.9%
[2026-02-23 02:02:24] OK: b1d3fb03-b996-5c5a-bca9-29512f0c4018 | Preparense | flac → MP3 | 72.0%
[2026-02-23 02:02:30] OK: 68b7704d-5052-5179-b85b-d01587ef8f66 | Fuegos artificiales | flac → MP3 | 67.9%
[2026-02-23 02:02:31] OK: 8d607c7d-aa48-56d3-b77d-046d2bb9c97c | El monito | flac → MP3 | 57.0%
[2026-02-23 02:02:31] OK: 23b1e4b4-bbd6-5843-8861-56d20d077995 | Preparense | flac → MP3 | 58.4%
[2026-02-23 02:02:36] OK: 01b9d4a7-852c-5fbf-8911-232387135c1e | Triunfal | flac → MP3 | 67.4%
[2026-02-23 02:02:37] OK: c707b2f3-a202-52ef-9bb9-30d94bcb7132 | Don Juan | flac → MP3 | 61.4%
[2026-02-23 02:02:38] OK: ff2339c4-0f83-5c37-8e11-4c97011c25ad | Nueve De Julio | flac → MP3 | 57.1%
[2026-02-23 02:02:42] OK: 042cb8eb-5416-59fe-96d6-8598340b0aff | Quejas de bandoneon | flac → MP3 | 72.7%
[2026-02-23 02:02:43] OK: 729e3e78-a7a2-5dd1-ba56-4d4790add0f1 | A fuego lento | flac → MP3 | 60.7%
[2026-02-23 02:02:44] OK: 213cf484-50bc-5ac2-8245-62b6f0ac2103 | El pollo Ricardo | flac → MP3 | 60.0%
[2026-02-23 02:02:48] OK: 61de58ef-8dc3-5e91-a925-96b970bf22cc | La cumparsita // 1952 | flac → MP3 | 68.1%
[2026-02-23 02:02:51] OK: e82cec2e-26fc-5ace-87d8-1e72ad025e52 | El Huracan | flac → MP3 | 67.7%
[2026-02-23 02:02:52] OK: 0af15a51-1712-5939-80a2-405c50573986 | Loca bohemia | flac → MP3 | 71.6%
[2026-02-23 02:02:57] OK: 30cd3c9b-7993-55d0-929d-5d21320d7e50 | El irresistible | flac → MP3 | 57.4%
[2026-02-23 02:02:58] OK: 48716084-39fe-5c9d-ba71-dfc4d2c7a8dd | El apache argentino | flac → MP3 | 69.1%
[2026-02-23 02:04:57] ERROR: d0bb82f3-572d-5862-9297-46b24ad475c3 - Upload failed: Command '['az', 'storage', 'blob', 'upload', '--account-name', 'nttt', '--container-name', 'v20', '--name', 'd0bb82f3-572d-5862-9297-46b24ad475c3.mp3', '--file', '/var/folders/r4/_tc4gnds7yd7prk90mkrv
[2026-02-23 02:04:58] WARN: 67dbffba-4015-5e65-9559-31f7cd05d9ca - Backup failed: Command '['az', 'storage', 'blob', 'upload', '--account-name', 'nttt', '--container-name', 'v20-originals', '--name', '67dbffba-4015-5e65-9559-31f7cd05d9ca.original', '--file', '/var/folders/r4/_tc4gn
[2026-02-23 02:04:59] ERROR: f80e69de-7dd5-503c-b427-0cc4884be5af - Upload failed: Command '['az', 'storage', 'blob', 'upload', '--account-name', 'nttt', '--container-name', 'v20', '--name', 'f80e69de-7dd5-503c-b427-0cc4884be5af.mp3', '--file', '/var/folders/r4/_tc4gnds7yd7prk90mkrv
[2026-02-23 02:04:59] WARN: 9a4abe87-7bbf-5409-b5cd-243b140d2857 - Backup failed: Command '['az', 'storage', 'blob', 'upload', '--account-name', 'nttt', '--container-name', 'v20-originals', '--name', '9a4abe87-7bbf-5409-b5cd-243b140d2857.original', '--file', '/var/folders/r4/_tc4gn
[2026-02-23 02:05:00] ERROR: e124681b-e0d7-587b-83ed-2a166818de14 - Upload failed: Command '['az', 'storage', 'blob', 'upload', '--account-name', 'nttt', '--container-name', 'v20', '--name', 'e124681b-e0d7-587b-83ed-2a166818de14.mp3', '--file', '/var/folders/r4/_tc4gnds7yd7prk90mkrv
[2026-02-23 02:06:03] OK: 9a4abe87-7bbf-5409-b5cd-243b140d2857 | Flores negras | flac → MP3 | 68.8%
[2026-02-23 02:06:04] OK: 67dbffba-4015-5e65-9559-31f7cd05d9ca | Mi dolor | flac → MP3 | 73.8%
[2026-02-23 02:06:14] OK: 418d3a62-858a-5150-977b-78844f65e29e | Pavadita | flac → MP3 | 71.5%
[2026-02-23 02:06:15] OK: e08e7d07-892a-5717-b1c2-2f5ee6b47f16 | Inspiracion | flac → MP3 | 70.6%
[2026-02-23 02:06:16] OK: c9538597-5e45-5cca-af19-0053ce7b84cb | Caminito | flac → MP3 | 70.1%
[2026-02-23 02:06:16] OK: 13b0632d-f8e6-5efe-99f1-d953289250d6 | La yumba | flac → MP3 | 70.4%
[2026-02-23 02:06:19] OK: cbb2df1f-ad6c-50c0-adb2-7f865a41f9f7 | La cumparsita | flac → MP3 | 69.6%
[2026-02-23 02:06:21] OK: cff821fb-1d47-5ed4-b015-0d90421f0521 | El Tango Club | flac → MP3 | 71.2%
[2026-02-23 02:06:26] OK: 51a7e1ab-d7c0-5776-9b01-3fbc22dc76a8 | Pinche | flac → MP3 | 64.7%
[2026-02-23 02:06:28] OK: 51dec282-93ee-52d5-b587-52470185e2d3 | El Pial | flac → MP3 | 68.6%
[2026-02-23 02:06:31] OK: d7694413-af64-53e1-bbd9-32055efbddf6 | La mariposa | flac → MP3 | 68.1%
[2026-02-23 02:06:33] OK: 2676b024-0adf-545d-a63d-30f7125259dd | Pura Mana | flac → MP3 | 67.2%
[2026-02-23 02:06:34] OK: 4c8c6345-dd4f-5f53-83b1-ffbfa3ece67e | Felicia | flac → MP3 | 70.1%
[2026-02-23 02:06:34] OK: 8ffa705c-89b5-5df6-acd6-e91caa305eaa | A la gran muneca | flac → MP3 | 69.7%
[2026-02-23 02:06:38] OK: d16738a3-f34d-56bc-bd60-bfc3bf97b0f6 | Tecleando | flac → MP3 | 68.1%
[2026-02-23 02:06:38] OK: 3e3fe7e2-b73b-547d-8ee2-6ca4e82e628e | Guardia Vieja | flac → MP3 | 68.5%
[2026-02-23 02:06:44] OK: c4f174d2-7f02-5e70-9ec5-f5b41999b5ba | Sin aliento | flac → MP3 | 70.4%
[2026-02-23 02:06:45] OK: a3bd8663-1b7c-5648-921a-50cc9faddff7 | El Chanar | flac → MP3 | 67.9%
[2026-02-23 02:06:45] OK: 0e3d1075-eb6f-5a61-a182-09a94ce56372 | A Media Luz | flac → MP3 | 70.2%
[2026-02-23 02:06:46] OK: fe8de0fd-3a5d-5a9e-935f-85bcd2d96edf | Fuegos artificiales | flac → MP3 | 72.4%
[2026-02-23 02:06:51] OK: 713ab633-a022-57fd-92fb-e116f65152a0 | La Guitarrera | flac → MP3 | 71.3%
[2026-02-23 02:06:52] OK: 8bae487a-3413-530f-a927-ff94c8ed5658 | Canaro en Paris | flac → MP3 | 70.9%
[2026-02-23 02:06:58] OK: 0002a713-065f-5233-ae6e-29302a232613 | Esa noche | flac → MP3 | 59.9%
[2026-02-23 02:06:58] OK: a14f7a9f-7af0-52b3-90eb-98ffd2f6c1a4 | Ilusion azul | flac → MP3 | 68.9%
[2026-02-23 02:07:01] OK: 0741223a-ea6c-51f6-9c71-491afa8144ef | Como la Magarita | flac → MP3 | 72.7%
[2026-02-23 02:07:02] OK: 1aa92877-6899-571d-a688-2f10828313b5 | Imagination | flac → MP3 | 75.1%
[2026-02-23 02:07:05] OK: 6726ce32-b64a-5edf-bb03-6599e7ddb731 | Olga | flac → MP3 | 75.1%
[2026-02-23 02:07:10] OK: eaef8746-0f44-594e-8847-16a0d0ce05be | Cuando llora la milonga | flac → MP3 | 63.1%
[2026-02-23 02:07:10] OK: dcb6b750-0660-50c3-b830-3a8ab36850d1 | El Vals De Nochebuena | flac → MP3 | 68.0%
[2026-02-23 02:07:11] OK: 89afb6a7-7e40-5746-9627-0d4d490b3f26 | Mi carinito | flac → MP3 | 67.3%
[2026-02-23 02:07:12] OK: 940e0db4-0a73-59de-9480-0b5e8e944db2 | Luz y sombra | flac → MP3 | 73.0%
[2026-02-23 02:07:16] OK: 2ecf61e4-2fff-5fe2-8980-dc89653d23ac | Loco por ti | flac → MP3 | 79.3%
[2026-02-23 02:07:19] OK: a5e7c7e8-bf4c-55f4-8d3c-01ca9bb4089c | La flauta de Bartolo | flac → MP3 | 67.8%
[2026-02-23 02:07:21] OK: 2b4dc88c-76ef-52b5-8c8e-52bd9487b53e | Corralera | flac → MP3 | 72.5%
[2026-02-23 02:07:22] OK: 9d26c8b5-1538-5dbf-8e2d-eef6fcb5c885 | Flores Del Alma | flac → MP3 | 67.8%
[2026-02-23 02:07:25] OK: 1f52af3e-b634-5015-a85b-58fc839b8a0d | Ilusion Azul | flac → MP3 | 60.0%
[2026-02-23 02:07:27] OK: bdfa6ba1-2b8b-5281-a8a4-68474beac9ab | Una Senora Milonga | flac → MP3 | 70.6%
[2026-02-23 02:07:27] OK: 1a3f6a23-4bc1-5e35-8c18-1266832acdca | La manzanita | flac → MP3 | 77.7%
[2026-02-23 02:07:29] OK: badc7e36-84af-5d5c-b288-043b719b12e3 | Mi Ambicion | flac → MP3 | 63.1%
[2026-02-23 02:07:34] OK: 1faa94c8-46be-541f-983d-046b3cf2379e | Cien Guitarras | flac → MP3 | 62.5%
[2026-02-23 02:07:35] OK: a0c62dd5-6711-5f28-abc6-7cb6e8cf793e | Para ti madre | flac → MP3 | 58.8%
[2026-02-23 02:07:36] OK: 999ab132-f360-5c2c-a084-33a5a1c6b830 | Que nadie sepa mi sufrir | flac → MP3 | 66.4%
[2026-02-23 02:07:39] OK: 2410c5c6-04c6-58a5-a5e0-bd20f0b6fa83 | La Criolla | flac → MP3 | 72.1%
[2026-02-23 02:07:41] OK: 2dfd82a3-ff14-51cf-8a2c-4bc6be92fc7b | La Manana | flac → MP3 | 68.9%
[2026-02-23 02:07:41] OK: 5df0b768-fbfc-54f3-bd5f-da669a3a6701 | Buenos Aires De Ayer | flac → MP3 | 72.3%
[2026-02-23 02:07:45] OK: b0b574ae-5a49-5893-acbf-4a7899a2b9fb | A Magaldi | flac → MP3 | 66.8%
[2026-02-23 02:07:46] OK: f5534a5e-1921-5656-9a66-8c5bafd45c68 | El torito | flac → MP3 | 68.0%
[2026-02-23 02:09:46] ERROR: 19a1f9bc-c879-5cd3-bc20-ab38551bbdef - Upload failed: Command '['az', 'storage', 'blob', 'upload', '--account-name', 'nttt', '--container-name', 'v20', '--name', '19a1f9bc-c879-5cd3-bc20-ab38551bbdef.mp3', '--file', '/var/folders/r4/_tc4gnds7yd7prk90mkrv
[2026-02-23 02:09:46] WARN: 4e74888b-3f4d-54ea-9a9e-bb873a20454c - Backup failed: Command '['az', 'storage', 'blob', 'upload', '--account-name', 'nttt', '--container-name', 'v20-originals', '--name', '4e74888b-3f4d-54ea-9a9e-bb873a20454c.original', '--file', '/var/folders/r4/_tc4gn
[2026-02-23 02:09:47] WARN: d06c08e2-6a77-53e7-a279-d5994b1bd1e7 - Backup failed: Command '['az', 'storage', 'blob', 'upload', '--account-name', 'nttt', '--container-name', 'v20-originals', '--name', 'd06c08e2-6a77-53e7-a279-d5994b1bd1e7.original', '--file', '/var/folders/r4/_tc4gn
[2026-02-23 02:09:48] ERROR: a4d22929-edf4-57a3-836c-2c73ad7daf29 - Upload failed: Command '['az', 'storage', 'blob', 'upload', '--account-name', 'nttt', '--container-name', 'v20', '--name', 'a4d22929-edf4-57a3-836c-2c73ad7daf29.mp3', '--file', '/var/folders/r4/_tc4gnds7yd7prk90mkrv
[2026-02-23 02:09:49] ERROR: c0f0877c-b6ff-5256-b112-4efb0f7807f8 - Upload failed: Command '['az', 'storage', 'blob', 'upload', '--account-name', 'nttt', '--container-name', 'v20', '--name', 'c0f0877c-b6ff-5256-b112-4efb0f7807f8.mp3', '--file', '/var/folders/r4/_tc4gnds7yd7prk90mkrv
[2026-02-23 02:11:03] OK: d06c08e2-6a77-53e7-a279-d5994b1bd1e7 | Sonar Y Nada Mas | flac → MP3 | 75.3%
[2026-02-23 02:11:03] OK: 4e74888b-3f4d-54ea-9a9e-bb873a20454c | Pampa y Cielo | flac → MP3 | 77.7%
[2026-02-23 02:11:14] OK: 97fb94f2-fa95-59d5-a705-f15a0b94f070 | Pequena | flac → MP3 | 74.2%
[2026-02-23 02:11:17] OK: 8dcb745f-08c5-5964-b28a-9346469cd24b | El Santo De La Espada | flac → MP3 | 69.1%
[2026-02-23 02:11:18] OK: b7dc7d5a-0200-53c3-9457-c26b25bfa308 | Pobre Flor | flac → MP3 | 73.0%
[2026-02-23 02:11:18] OK: 937bf76b-0b6d-5319-a989-fe70b46a7c42 | Criolla | flac → MP3 | 77.4%
[2026-02-23 02:11:19] OK: b9f94f1b-00be-59be-ac30-0c729c5455d6 | Seleccion de valses | flac → MP3 | 71.5%
[2026-02-23 02:11:26] OK: 884dffa0-0019-5b8c-bb96-4aafe6876bd3 | Pura Mana | flac → MP3 | 53.5%
[2026-02-23 02:11:28] OK: 43a79ebf-be6e-5687-a658-59c9ea5d57d4 | Muneca Brava | flac → MP3 | 57.9%
[2026-02-23 02:11:30] OK: 181154a8-decc-546b-b11a-5c244e5db675 | A su memoria | flac → MP3 | 74.7%
[2026-02-23 02:11:30] OK: e0a6ab0f-9b99-5ac0-86a7-49c84e90d2eb | Del Pasado | flac → MP3 | 59.9%
[2026-02-23 02:11:36] OK: 59cbb8ba-74f2-5ff0-9241-970f9422ddcb | Triste destino | flac → MP3 | 62.0%
[2026-02-23 02:11:37] OK: 0a9a94a0-01e2-5f2a-af44-6f52fc2f8604 | Apadrinado | flac → MP3 | 76.4%
[2026-02-23 02:11:38] OK: fdad1b69-c8aa-5a90-bcce-cd10788e9306 | Lina | flac → MP3 | 69.2%
[2026-02-23 02:11:41] OK: ed90ff4f-29eb-54a4-a3ec-bfb236a886b9 | Juana milonga senores | flac → MP3 | 70.2%
[2026-02-23 02:11:43] OK: f7889829-74e3-5e36-84b4-9cfb59fb24c2 | Mi Novia De Ayer | flac → MP3 | 72.6%
[2026-02-23 02:11:45] OK: 62ca14ca-2790-5425-abfd-caa365bb492f | Desagredecida | flac → MP3 | 64.3%
[2026-02-23 02:11:50] OK: 0eca6454-f872-5e8f-960b-3106974a1cc7 | Malambo | flac → MP3 | 71.7%
[2026-02-23 02:11:53] OK: 5b534fcb-118b-5c3e-ad56-57017f356c6b | Flor de fango | flac → MP3 | 64.5%
[2026-02-23 02:11:55] OK: 4bda7f46-475e-5ec3-8f44-d616a04765c0 | Mi Promesa | flac → MP3 | 66.0%
[2026-02-23 02:11:56] OK: a4b9661d-416f-5961-8654-9488a5366f11 | Anoche Estuve Llorrando | flac → MP3 | 60.9%
[2026-02-23 02:12:01] OK: 222b0619-14d0-5a72-85a7-c421fe882516 | Hacelo por la vieja | flac → MP3 | 56.9%
[2026-02-23 02:12:03] OK: f3b6d7bc-5510-57a5-b436-bc89f4adcbb6 | Tradicion | flac → MP3 | 67.8%
[2026-02-23 02:12:04] OK: 0b3e283c-c960-541c-9f43-78f5062c5ae0 | Tropero soy | flac → MP3 | 79.2%
[2026-02-23 02:12:09] OK: efc5552a-913f-501c-9678-1c51db9951f5 | Lagrimas De Sangre | flac → MP3 | 70.9%
[2026-02-23 02:12:09] OK: 82798000-7365-5c84-a891-ff452ec34ea0 | Pasional | flac → MP3 | 70.2%
[2026-02-23 02:12:10] OK: bc257b3c-3414-57f0-bafa-40adea551166 | Angelica | flac → MP3 | 66.1%
[2026-02-23 02:12:15] OK: 1e90ad94-35b5-59e6-ab8f-fbc45c499f87 | Aguantate Casimiro | flac → MP3 | 70.4%
[2026-02-23 02:12:16] OK: f550a4ed-da30-555f-a24a-5ed579f09338 | Bajo El Cono Azul | flac → MP3 | 62.4%
[2026-02-23 02:12:21] OK: c985d708-1e4b-5ccc-be65-4e4c4ec2a4f2 | Viejo rincon | flac → MP3 | 64.6%
[2026-02-23 02:12:22] OK: b6507cc9-abcb-52f0-bcbd-16a25fed63d1 | Mi Ambicion | flac → MP3 | 72.7%
[2026-02-23 02:12:27] OK: 28a2c7d1-744a-5647-902b-572f23282e7e | Muriendome De Amor | flac → MP3 | 72.2%
[2026-02-23 02:12:29] OK: 2a219ea2-93a4-5a53-80d9-826d15792616 | Seleccion de Tangos I | flac → MP3 | 71.4%
[2026-02-23 02:12:32] OK: 9898f42b-faf6-529f-8dd4-a53fbcd5ef8f | El sonsonete | flac → MP3 | 77.7%
[2026-02-23 02:12:33] OK: 6da42818-c84d-5c85-b193-f14283becd61 | Amor De Marinero | flac → MP3 | 68.8%
[2026-02-23 02:12:39] OK: 855d4689-30ee-5331-a96b-3b46e17887a9 | Medallita de la suerte | flac → MP3 | 68.0%
[2026-02-23 02:12:39] OK: 3a81e1c6-d21d-5dfb-ab01-37b8905791b9 | Soy una fiera | flac → MP3 | 63.6%
[2026-02-23 02:12:41] OK: d5b20e3c-4e77-573d-948e-2a42af9b71a0 | Llevatelo todo | flac → MP3 | 62.6%
[2026-02-23 02:12:46] OK: 169d4cd1-db8e-51eb-ba1e-e1c5de448a2e | Chau | flac → MP3 | 72.6%
[2026-02-23 02:12:47] OK: 4d2b8f66-1653-5131-abe5-6f61e0297edb | Entre Tu Amor Y Mi Amor | flac → MP3 | 56.9%
[2026-02-23 02:12:47] OK: 2ebba7cb-2643-5c77-af57-a1ec9ee76023 | Cuando Te Fuiste | flac → MP3 | 72.6%
[2026-02-23 02:12:48] OK: ad6c4f30-5251-5963-8e4e-26bb4ed33670 | Porque Me das Dique | flac → MP3 | 54.8%
[2026-02-23 02:12:53] OK: 081aed17-254c-568d-9175-95c1eaec62a7 | Paciencia | flac → MP3 | 68.3%
[2026-02-23 02:12:59] OK: 211a8bf8-73c5-593f-9865-535cd0dea840 | Miguelito el Arriero | flac → MP3 | 66.1%
[2026-02-23 02:12:59] OK: 54accb0b-29a9-5d8a-8006-e9c0dbcc3ded | Virgen De Guadalupe | flac → MP3 | 73.9%
[2026-02-23 02:13:01] OK: 55698b64-cd85-535e-b7dd-02e4b4e68962 | Mentiras | flac → MP3 | 67.6%
[2026-02-23 02:13:03] OK: b088c520-f285-5b38-a554-35a9dfd21835 | Cuando No Se Quiere Mas | flac → MP3 | 72.5%
[2026-02-23 02:13:03] OK: a9167e68-3f49-5d0b-8a25-0ac90c7fc57a | Vision | flac → MP3 | 72.2%
[2026-02-23 02:15:00] WARN: 3643c673-5065-5cc8-a2c0-01747544ee4f - Backup failed: Command '['az', 'storage', 'blob', 'upload', '--account-name', 'nttt', '--container-name', 'v20-originals', '--name', '3643c673-5065-5cc8-a2c0-01747544ee4f.original', '--file', '/var/folders/r4/_tc4gn
[2026-02-23 02:15:01] WARN: b353cf30-5343-50a3-b9f3-dd0015672d84 - Backup failed: Command '['az', 'storage', 'blob', 'upload', '--account-name', 'nttt', '--container-name', 'v20-originals', '--name', 'b353cf30-5343-50a3-b9f3-dd0015672d84.original', '--file', '/var/folders/r4/_tc4gn
[2026-02-23 02:15:03] WARN: 651c49fd-461b-5477-91a9-ad76ba9d378a - Backup failed: Command '['az', 'storage', 'blob', 'upload', '--account-name', 'nttt', '--container-name', 'v20-originals', '--name', '651c49fd-461b-5477-91a9-ad76ba9d378a.original', '--file', '/var/folders/r4/_tc4gn
[2026-02-23 02:15:04] WARN: 42d7b53e-a8b4-5ef1-8bbf-bb0f1a2f5f76 - Backup failed: Command '['az', 'storage', 'blob', 'upload', '--account-name', 'nttt', '--container-name', 'v20-originals', '--name', '42d7b53e-a8b4-5ef1-8bbf-bb0f1a2f5f76.original', '--file', '/var/folders/r4/_tc4gn
[2026-02-23 02:15:07] ERROR: 94a17680-c854-5613-b5f9-d8be91cccb7d - Upload failed: Command '['az', 'storage', 'blob', 'upload', '--account-name', 'nttt', '--container-name', 'v20', '--name', '94a17680-c854-5613-b5f9-d8be91cccb7d.mp3', '--file', '/var/folders/r4/_tc4gnds7yd7prk90mkrv
[2026-02-23 02:16:02] OK: 3643c673-5065-5cc8-a2c0-01747544ee4f | Los Largos Del Pibe | flac → MP3 | 72.1%
[2026-02-23 02:16:08] OK: 651c49fd-461b-5477-91a9-ad76ba9d378a | No Aflojes | flac → MP3 | 57.5%
[2026-02-23 02:16:08] OK: b353cf30-5343-50a3-b9f3-dd0015672d84 | Pastocita de Amancay | flac → MP3 | 64.0%
[2026-02-23 02:16:08] OK: 42d7b53e-a8b4-5ef1-8bbf-bb0f1a2f5f76 | Yo Se Que Te Adoro | flac → MP3 | 66.4%
[2026-02-23 02:16:11] OK: 09241e82-0c73-5b04-93dc-9c93effe2e0e | Media Noche | flac → MP3 | 59.3%
[2026-02-23 02:16:19] OK: 0a9f351a-0fe2-5a33-9a63-6b0268771527 | Por que me das dique | flac → MP3 | 57.2%
[2026-02-23 02:16:20] OK: 5f0577d9-3d6b-5eef-918d-fa21e4b9ac59 | Chau Pebeta | flac → MP3 | 57.4%
[2026-02-23 02:16:21] OK: d1d34b7e-0765-5819-ab3f-5e8b2128a53e | La clueca | flac → MP3 | 71.0%
[2026-02-23 02:16:22] OK: 5576385f-725c-58d3-8705-d4ea165f9dee | Mas Alla del Corazon | flac → MP3 | 62.2%
[2026-02-23 02:16:27] OK: 3612108d-700e-5277-95ef-5823c2509dec | Seleccion de Tangos II | flac → MP3 | 66.6%
[2026-02-23 02:16:29] OK: d73b3699-29af-5069-a19d-a657cff7cb99 | Almagro | flac → MP3 | 61.5%
[2026-02-23 02:16:31] OK: 832b9187-4a45-5d89-b621-febbd72dcef5 | Entra nomas | flac → MP3 | 66.4%
[2026-02-23 02:16:37] OK: a3bf7a6d-3cfe-5b76-b3b8-9421b751a6bc | Que Tenes Que Hablar de Mi | flac → MP3 | 65.6%
[2026-02-23 02:16:37] OK: c924f175-ea90-5aa4-b6d1-7a3b043773b3 | Nadie Quizo Mas | flac → MP3 | 66.0%
[2026-02-23 02:16:38] OK: 31d405d8-c0d8-5d7d-a552-ae6a36b4a950 | Orgullo Tanguero | flac → MP3 | 61.4%
[2026-02-23 02:16:39] OK: 6dd167b0-28a5-5682-b700-0cfcd7a50a66 | Se Va La Vida | flac → MP3 | 57.8%
[2026-02-23 02:16:47] OK: 219eb661-e7bc-571c-873a-f4c966becbb9 | Sabe don | flac → MP3 | 79.0%
[2026-02-23 02:16:50] OK: 1d26fab0-0460-5882-8622-a0744c2d8af1 | Adios Querida | flac → MP3 | 67.6%
[2026-02-23 02:16:51] OK: 202b8db8-8b83-535f-a39e-b545604e2db3 | Temas de Carnaval | flac → MP3 | 69.1%
[2026-02-23 02:16:51] OK: e5244663-2374-539a-9882-96fcccef012c | A Mi Padre | flac → MP3 | 64.5%
[2026-02-23 02:16:52] OK: 3fffde98-6534-5f1e-bca9-3b7fd161b863 | Yira Yira | flac → MP3 | 67.0%
[2026-02-23 02:17:00] OK: 68a69865-9f0f-57a1-9510-220fcf2073c0 | Igual Que Dios | flac → MP3 | 69.1%
[2026-02-23 02:17:01] OK: 3c17d4ef-473e-5533-a8c5-2b65bd2f414b | Leyenda del Rio | flac → MP3 | 69.1%
[2026-02-23 02:17:05] OK: 72f0eae4-6b66-5887-afc7-eea992f1dead | Zorro Gris | flac → MP3 | 66.9%
[2026-02-23 02:17:06] OK: 2b37eaba-6035-54cb-9991-6abaf5bcc0ef | El Piropo | flac → MP3 | 57.4%
[2026-02-23 02:17:07] OK: 98d598e7-dd2b-57be-896e-43af9e762366 | No Culpes Al Amor | flac → MP3 | 63.3%
[2026-02-23 02:17:07] OK: 022bc8f2-fd6c-5fab-8e3b-b8f756b0e76a | Prohibido | flac → MP3 | 64.3%
[2026-02-23 02:17:13] OK: 4c42bc00-07f1-5a9d-9db0-13b35bd8fcb0 | Zorro Gris | flac → MP3 | 63.7%
[2026-02-23 02:17:14] OK: ab2a626f-f126-526e-894c-97fda1941d5d | Meta Garufa | flac → MP3 | 62.5%
[2026-02-23 02:17:15] OK: 103e1fac-294b-5dc8-9683-12bddc729be2 | Puede Ser Que No Te Rias | flac → MP3 | 62.4%
[2026-02-23 02:17:21] OK: cb3f2495-6b92-5ef8-91c9-c1f7f05e6e2b | Pifia | flac → MP3 | 66.3%
[2026-02-23 02:17:22] OK: 12b15a63-7556-52e9-829d-87892dfb0e18 | Cantando | flac → MP3 | 71.8%
[2026-02-23 02:17:23] OK: a8fb02b8-f0e7-5e40-bf55-c8459ef5ae8d | Bailarin compadrito | flac → MP3 | 72.4%
[2026-02-23 02:17:29] OK: 9d93aee9-4b63-5528-9d64-601d20a5524d | Que Sera Corazon | flac → MP3 | 60.4%
[2026-02-23 02:17:29] OK: ab0ebf10-6eb2-5ed0-9332-c3dd65f5b3e3 | Corazon Encandenado | flac → MP3 | 72.0%
[2026-02-23 02:17:35] OK: 9430616f-5c30-54d9-ac88-dccb61da2d24 | Si mi esperaras a mi | flac → MP3 | 78.7%
[2026-02-23 02:17:36] OK: 91f3adfc-bcf7-5469-aed3-c867fd1898fc | Ni Tu Ni Yo | flac → MP3 | 64.2%
[2026-02-23 02:17:37] OK: 4a35a25c-fb12-5223-92aa-355560b6c6bc | En Tus Brazos | flac → MP3 | 68.2%
[2026-02-23 02:17:43] OK: 3e7436c7-b812-5139-b838-af10302675b1 | Tu Olvido y Yo | flac → MP3 | 62.7%
[2026-02-23 02:17:43] OK: 87cac4da-701c-5462-83a8-cde8b9332bee | Volvamos A Empezar | flac → MP3 | 60.5%
[2026-02-23 02:17:44] OK: 17047e87-5aba-5367-8bc2-1969a3bc4ce2 | Seleccion de Tangos Camperos | flac → MP3 | 71.5%
[2026-02-23 02:17:49] OK: 30ef0e15-ce67-50c7-ae13-b513bf2d7d51 | Que Nadie Se Entere | flac → MP3 | 69.9%
[2026-02-23 02:17:51] OK: 77a892c7-6896-5183-93ec-6c3da9000902 | Telaranas | flac → MP3 | 71.1%
[2026-02-23 02:17:52] OK: 150fb0f1-6469-5a2b-b256-f8f3979ab1f0 | Al Mundo Le Falta Un Tornillo | flac → MP3 | 57.1%
[2026-02-23 02:17:56] OK: bcbbabf2-e72b-50c4-af00-e500eef8b5ce | El Mimoso | flac → MP3 | 67.3%
[2026-02-23 02:18:00] OK: cad1d8ee-b6b1-5c3f-be29-dbc66cda2e30 | Oracion Rante | flac → MP3 | 71.7%
[2026-02-23 02:18:02] OK: e0d2f267-d11d-5d56-94c7-c3d7cfa6a9ae | Hermana | flac → MP3 | 67.4%
[2026-02-23 02:18:04] OK: 36f6e462-fd0c-5f47-82a7-30a691df525e | Carta para Renee | flac → MP3 | 79.9%
[2026-02-23 02:20:02] ERROR: ff385e6a-a6f2-55ed-b265-e0f66817dcfb - Upload failed: Command '['az', 'storage', 'blob', 'upload', '--account-name', 'nttt', '--container-name', 'v20', '--name', 'ff385e6a-a6f2-55ed-b265-e0f66817dcfb.mp3', '--file', '/var/folders/r4/_tc4gnds7yd7prk90mkrv
[2026-02-23 02:20:02] WARN: 7f22df04-6f15-5e2a-b076-36f9eb00cae4 - Backup failed: Command '['az', 'storage', 'blob', 'upload', '--account-name', 'nttt', '--container-name', 'v20-originals', '--name', '7f22df04-6f15-5e2a-b076-36f9eb00cae4.original', '--file', '/var/folders/r4/_tc4gn
[2026-02-23 02:20:05] WARN: 64170c78-e13f-567a-8236-8e9b5d807cf2 - Backup failed: Command '['az', 'storage', 'blob', 'upload', '--account-name', 'nttt', '--container-name', 'v20-originals', '--name', '64170c78-e13f-567a-8236-8e9b5d807cf2.original', '--file', '/var/folders/r4/_tc4gn
[2026-02-23 02:20:06] ERROR: 6b54beaa-3f30-5682-9e63-a869b0c1ff91 - Upload failed: Command '['az', 'storage', 'blob', 'upload', '--account-name', 'nttt', '--container-name', 'v20', '--name', '6b54beaa-3f30-5682-9e63-a869b0c1ff91.mp3', '--file', '/var/folders/r4/_tc4gnds7yd7prk90mkrv
[2026-02-23 02:20:06] ERROR: 85534828-9e2d-5d6f-93ca-17b43353e482 - Upload failed: Command '['az', 'storage', 'blob', 'upload', '--account-name', 'nttt', '--container-name', 'v20', '--name', '85534828-9e2d-5d6f-93ca-17b43353e482.mp3', '--file', '/var/folders/r4/_tc4gnds7yd7prk90mkrv
[2026-02-23 02:21:02] OK: 64170c78-e13f-567a-8236-8e9b5d807cf2 | Ruisenor de Puente Alsina | flac → MP3 | 62.3%
[2026-02-23 02:21:06] OK: 7f22df04-6f15-5e2a-b076-36f9eb00cae4 | Un Duende y Nada Mas | flac → MP3 | 62.7%
[2026-02-23 02:21:08] OK: 137f098d-fb91-5b1f-95f1-d0292990138e | Que Ironia | flac → MP3 | 63.2%
[2026-02-23 02:21:15] OK: f8306537-4ce9-55b6-afb6-37a33e1d8cd9 | Marcao | flac → MP3 | 72.7%
[2026-02-23 02:21:15] OK: 1b89ba3e-8d00-5513-b94a-158affc9ad72 | Porque doblan las campanas | flac → MP3 | 70.4%
[2026-02-23 02:21:16] OK: 0cccc306-ea71-5e84-9363-200d9aa9d9fc | Noche Callada | flac → MP3 | 72.9%
[2026-02-23 02:21:19] OK: d6a5e786-cb54-5589-b871-2bdb5fd95c65 | Sangre maleva | flac → MP3 | 64.6%
[2026-02-23 02:21:23] OK: 419f3708-5a8e-5daf-9811-184e4ad7edc7 | Seleccion Burrera | flac → MP3 | 72.5%
[2026-02-23 02:21:26] OK: eeb815c2-a449-5785-9927-c1c2c5970197 | Se Te Nota En Los Ojos | flac → MP3 | 66.7%
[2026-02-23 02:21:27] OK: 5216d647-9e2c-5af2-ab88-f92b2620c77b | Y Todavia Te Quiero | flac → MP3 | 73.1%
[2026-02-23 02:21:28] OK: 7154c0b4-7507-523e-a1df-4142f86d8a65 | Llevame Carretero | flac → MP3 | 59.6%
[2026-02-23 02:21:34] OK: 35d4a0f4-c2f1-5809-9dd9-acea1a4873d1 | Blanca Nieve | flac → MP3 | 59.1%
[2026-02-23 02:21:37] OK: f331243a-9375-5f04-887e-41b9243f5509 | Noche De Locura | flac → MP3 | 71.6%
[2026-02-23 02:21:38] OK: fe144cdd-048f-5275-8955-9720286c428a | Cosas Olvidadas | flac → MP3 | 63.0%
[2026-02-23 02:21:39] OK: 571d9df0-c472-575d-9fa0-b1d7e1c54162 | Te Quiero | flac → MP3 | 70.4%
[2026-02-23 02:21:44] OK: 7cef0e4b-c5ce-5f91-bfbc-77dd7d5755c2 | Abuela | flac → MP3 | 79.1%
[2026-02-23 02:21:50] OK: 360340f4-50dc-5008-8509-8acb25a33686 | T.B.C. | flac → MP3 | 56.1%
[2026-02-23 02:21:51] OK: b78b2019-68bd-562a-a8e0-a0d6dd734711 | Vuelve Amor | flac → MP3 | 62.4%
[2026-02-23 02:21:51] OK: 2641d8e2-d3d9-5867-b7c6-790e551dde49 | Sonemos | flac → MP3 | 71.3%
[2026-02-23 02:21:51] OK: 49273403-d181-5c86-955a-8a9bef2893fe | Cafe Para Dos | flac → MP3 | 69.4%
[2026-02-23 02:21:52] OK: 45d0fb00-231a-581d-a0a5-255cfbe4686c | Mananita linda | flac → MP3 | 71.7%
[2026-02-23 02:22:01] OK: da6439eb-3dbb-5291-a986-ad1b010c3b81 | Arrabalero | flac → MP3 | 69.3%
[2026-02-23 02:22:04] OK: bc590052-76fb-5460-a311-21c202135987 | La Ultima Copa | flac → MP3 | 64.3%
[2026-02-23 02:22:07] OK: 28ff9a11-54af-54a5-9df9-7524c5324cd8 | Un Tango Y Nada Mas | flac → MP3 | 61.7%
[2026-02-23 02:22:09] OK: 2177a16d-fe8c-5e5f-8e1c-f721e53a0ec2 | Pa' mi es igual | flac → MP3 | 61.4%
[2026-02-23 02:22:12] OK: 798f943b-096a-5dd2-9e6c-0a1aaf657434 | Chistando | flac → MP3 | 63.7%
[2026-02-23 02:22:14] OK: 5e857195-a334-5be2-8b0e-57c3873a262b | Como Nos Cambia La Vida | flac → MP3 | 71.7%
[2026-02-23 02:22:14] OK: 342b0a7b-9c72-5e90-95e1-d7a34a333925 | Amigazo | flac → MP3 | 55.2%
[2026-02-23 02:22:16] OK: 7cfa4be8-b618-5d48-a7b4-790fd61ef682 | Carillon de la Merced | flac → MP3 | 69.6%
[2026-02-23 02:22:19] OK: 0a30743f-b92a-5d1a-9f72-4c29c45c577e | Adios marinero | flac → MP3 | 67.8%
[2026-02-23 02:22:21] OK: 3074e512-d541-5fae-b77e-95530670ec3b | Quien mas quien menos | flac → MP3 | 61.4%
[2026-02-23 02:22:22] OK: 4ff9403f-6e1c-5cf7-95a8-91d7689cf210 | Bajo Belgrano | flac → MP3 | 59.9%
[2026-02-23 02:22:27] OK: 7650a85b-8b64-5d81-ac54-7abe3fe665b6 | Guardia Vieja | flac → MP3 | 62.0%
[2026-02-23 02:22:29] OK: f711264f-954f-5252-a254-5ff91cf43f42 | Tu Intimo Secreto | flac → MP3 | 67.8%
[2026-02-23 02:22:31] OK: de2c1a3b-f575-5279-b189-1ecbffa126c8 | Jiron Porteno | flac → MP3 | 58.6%
[2026-02-23 02:22:34] OK: ef7901dc-e151-56ca-b1c5-192882289cbd | Cero Al As | flac → MP3 | 67.7%
[2026-02-23 02:22:37] OK: 088c19d7-dc67-59e7-b3fd-792fb17ee3a5 | La Brisa | flac → MP3 | 60.8%
[2026-02-23 02:22:38] OK: 6b22ebfb-2ded-57c9-9330-4451aca25c5d | Por eso grito | flac → MP3 | 67.2%
[2026-02-23 02:22:42] OK: 5c8e3152-92b7-5316-bdb9-e1bc82e28a3b | Va Llegando Gente Al Baile | flac → MP3 | 70.2%
[2026-02-23 02:22:44] OK: c6fc507f-d45d-5d22-a81b-c4786badd4aa | No le digas que la quiero | flac → MP3 | 77.5%
[2026-02-23 02:22:48] OK: 82aa4e6d-ec9c-5d19-933a-7d0d243a3266 | Melenita De Oro | flac → MP3 | 72.3%
[2026-02-23 02:22:48] OK: caf28acc-f5f1-5544-8352-f4c03fb73307 | Besame En La Boca | flac → MP3 | 63.7%
[2026-02-23 02:22:49] OK: aea48e14-5da8-5a47-a248-47595769f643 | La Brisa | flac → MP3 | 73.4%
[2026-02-23 02:22:57] OK: 1a2770fb-0125-5bf7-9cae-28b053a159aa | Marioneta | flac → MP3 | 68.4%
[2026-02-23 02:22:58] OK: 589e6e6e-1b82-5e21-8b25-f3a96c8e7393 | El Ciruja | flac → MP3 | 60.2%
[2026-02-23 02:22:59] OK: 490a0b9e-e47c-5106-b4c3-fcab7c955828 | Carnaval | flac → MP3 | 61.8%
[2026-02-23 02:23:00] OK: d34c83d9-7bc5-5336-9ebe-ce0f9a59c4ab | Nobleza de arrabal | flac → MP3 | 74.2%
[2026-02-23 02:24:59] WARN: 9b18ce1c-9284-5aef-83e8-0503b2998138 - Backup failed: Command '['az', 'storage', 'blob', 'upload', '--account-name', 'nttt', '--container-name', 'v20-originals', '--name', '9b18ce1c-9284-5aef-83e8-0503b2998138.original', '--file', '/var/folders/r4/_tc4gn
[2026-02-23 02:25:01] ERROR: cda701d9-2d64-52cb-bcf2-5810401a34fc - Upload failed: Command '['az', 'storage', 'blob', 'upload', '--account-name', 'nttt', '--container-name', 'v20', '--name', 'cda701d9-2d64-52cb-bcf2-5810401a34fc.mp3', '--file', '/var/folders/r4/_tc4gnds7yd7prk90mkrv
[2026-02-23 02:25:01] WARN: cf8e6cd1-be05-50c9-b062-7a7276c1a364 - Backup failed: Command '['az', 'storage', 'blob', 'upload', '--account-name', 'nttt', '--container-name', 'v20-originals', '--name', 'cf8e6cd1-be05-50c9-b062-7a7276c1a364.original', '--file', '/var/folders/r4/_tc4gn
[2026-02-23 02:25:02] ERROR: 45d6b76b-3dda-575a-9cb7-6ff254a1bf78 - Upload failed: Command '['az', 'storage', 'blob', 'upload', '--account-name', 'nttt', '--container-name', 'v20', '--name', '45d6b76b-3dda-575a-9cb7-6ff254a1bf78.mp3', '--file', '/var/folders/r4/_tc4gnds7yd7prk90mkrv
[2026-02-23 02:25:07] ERROR: e07d197f-27d6-5d2b-84e1-5572127b21de - Upload failed: Command '['az', 'storage', 'blob', 'upload', '--account-name', 'nttt', '--container-name', 'v20', '--name', 'e07d197f-27d6-5d2b-84e1-5572127b21de.mp3', '--file', '/var/folders/r4/_tc4gnds7yd7prk90mkrv
[2026-02-23 02:26:02] OK: cf8e6cd1-be05-50c9-b062-7a7276c1a364 | Si No Me Engana El Corazon | flac → MP3 | 75.3%
[2026-02-23 02:26:05] OK: 9b18ce1c-9284-5aef-83e8-0503b2998138 | Milonguita | flac → MP3 | 66.2%
[2026-02-23 02:26:10] OK: bfb4cba9-e692-5f46-b679-7695434c0aca | Hoy Al Recordarla | flac → MP3 | 65.1%
[2026-02-23 02:26:11] OK: 4b926506-fed0-5cce-99a1-4d6bf1d0b26f | Soy Un Arlequin | flac → MP3 | 69.4%
[2026-02-23 02:26:15] OK: 348669b1-bca6-5eaf-b02e-85f95dc2f038 | Bajo El Cono Azul | flac → MP3 | 70.1%
[2026-02-23 02:26:16] OK: ab2581fb-2445-5d2a-b753-55560436bf1d | Fruto Dulce | flac → MP3 | 64.2%
[2026-02-23 02:26:18] OK: aac65554-9ba7-50f7-adbc-67bcf825a76e | De Igual A Igual | flac → MP3 | 61.0%
[2026-02-23 02:26:18] OK: a74e8190-44b8-5b81-8889-f7f3c76762ba | Vieja Luna | flac → MP3 | 71.9%
[2026-02-23 02:26:24] OK: 44dfebf4-f2aa-5ef1-a831-ca6457f4d285 | Cruz De Palo | flac → MP3 | 66.7%
[2026-02-23 02:26:26] OK: 1bd05dd2-4cc6-5242-8857-cf1519dd5b47 | Virgen De La Serrania | flac → MP3 | 58.1%
[2026-02-23 02:26:28] OK: 1b488277-4968-544c-bd71-806de346e161 | Esta noche me despido | flac → MP3 | 59.9%
[2026-02-23 02:26:30] OK: 54252775-3964-5215-9903-74a6e1567af9 | Virgen De La Serrania | flac → MP3 | 64.1%
[2026-02-23 02:26:32] OK: 714d83de-b9a0-5c44-8b45-84553f1a31e4 | Como La Caperucita | flac → MP3 | 64.6%
[2026-02-23 02:26:36] OK: 5b530052-038e-5825-b230-81a7f4e2d3b1 | Compadron | flac → MP3 | 55.6%
[2026-02-23 02:26:37] OK: 7df0543a-de62-5130-a684-ee72ea0f3a0d | Remolino | flac → MP3 | 57.3%
[2026-02-23 02:26:38] OK: 1f848ac7-b982-5bea-a638-1c20c93bae55 | El ciruja | flac → MP3 | 67.8%
[2026-02-23 02:26:42] OK: 64af2e82-4632-5c19-bc37-080cc8ef0d7d | Selecciones De Enrique Delfino | flac → MP3 | 62.9%
[2026-02-23 02:26:46] OK: 99f699f6-4ae5-5fc1-a8be-e5fc7510e7c6 | Acordes Portenos | flac → MP3 | 72.4%
[2026-02-23 02:26:48] OK: d0c41f97-1719-5f77-91b7-ea05c7542fb3 | Tenti Pebeta | flac → MP3 | 61.0%
[2026-02-23 02:26:50] OK: c9ab9c9f-ca22-5029-857a-2522c5acd00f | Al pie de la Santa Cruz | flac → MP3 | 65.6%
[2026-02-23 02:26:52] OK: 94f3ca74-5780-56a7-8016-bc4cda0f7b8b | Dejame Asi | flac → MP3 | 71.0%
[2026-02-23 02:26:55] OK: c265c796-dc0e-5c52-bcf4-7dd5a2cb001b | Farolas de cielo | flac → MP3 | 79.8%
[2026-02-23 02:26:58] OK: 73eb519a-87fd-5b12-9e07-080c1b2da192 | Por quererte te perdi | flac → MP3 | 68.0%
[2026-02-23 02:26:59] OK: f6209505-cd4a-56b4-8f73-c429656b3e79 | La Vida Me Engano | flac → MP3 | 62.6%
[2026-02-23 02:27:05] OK: 3f782f0b-7b94-54cb-912b-694bad23fd84 | Ya Que Siguen Hablando | flac → MP3 | 71.3%
[2026-02-23 02:27:07] OK: 012a61d5-c70b-5950-b88c-53a079c18c6c | Parece Un Cuento | flac → MP3 | 62.6%
[2026-02-23 02:27:12] OK: 59283bde-c323-5a36-8921-f1c1e92a1552 | Altar Sin Luz | flac → MP3 | 70.7%
[2026-02-23 02:27:13] OK: 6dcc958e-5786-5c16-9688-3ce23f17e6ba | Lunes | flac → MP3 | 71.5%
[2026-02-23 02:27:15] OK: 0c86e927-6f1b-576c-bdca-11a48edf8236 | No Me Importa Su Amor | flac → MP3 | 70.7%
[2026-02-23 02:27:17] OK: 770c6b26-cee0-52dd-ac71-4650d28ddca8 | Mano A Mano | flac → MP3 | 61.6%
[2026-02-23 02:27:21] OK: 20500ba5-63f5-5360-9f76-a558ad1bcafa | Sentencia | flac → MP3 | 78.4%
[2026-02-23 02:27:26] OK: c7153501-3226-5c21-9b84-29744ddc04ac | Campanita | flac → MP3 | 64.4%
[2026-02-23 02:27:26] OK: 35af4464-793b-5d99-aee0-385b935e4949 | Fumando espero | flac → MP3 | 67.6%
[2026-02-23 02:27:27] OK: ebd0deb7-3045-58b2-8038-22730638bc6a | El Tropero Del Amor | flac → MP3 | 64.7%
[2026-02-23 02:27:28] OK: 1b97f674-53e0-58f2-a04b-8062048a55ba | Que Lindo Es Enamorase | flac → MP3 | 64.5%
[2026-02-23 02:27:36] OK: e5a6a623-e642-51a5-9d8a-7e9654637c1a | Chorra | flac → MP3 | 61.7%
[2026-02-23 02:27:36] OK: 63635991-9340-5a3d-9df0-16d1c3ffd8a0 | Justicia Criolla | flac → MP3 | 61.2%
[2026-02-23 02:27:37] OK: 67bee2e6-e8ab-5fbc-b2be-3ee0b453ab1f | Mia Para Ti | flac → MP3 | 83.2%
[2026-02-23 02:27:40] OK: 7c81df4e-ca6e-590b-a937-1e5b897b2495 | Rosicler | flac → MP3 | 62.8%
[2026-02-23 02:27:40] OK: c6083791-184b-5c89-8b01-7489de88bcf9 | Selecciones De Discepolo | flac → MP3 | 62.2%
[2026-02-23 02:27:49] OK: 4c3239c1-7dab-5c69-a5b7-832824ff8ea8 | Madre | flac → MP3 | 70.0%
[2026-02-23 02:27:50] OK: 92cc7c33-d7f0-5a82-b61f-77707ff2355f | Aleli | flac → MP3 | 60.7%
[2026-02-23 02:27:51] OK: 3159aa3b-287a-5cf0-b462-4ed9fb07749e | Pregonera | flac → MP3 | 72.8%
[2026-02-23 02:27:52] OK: 1f3546d8-5448-5411-a604-ccc1019260e4 | Amigazo | flac → MP3 | 62.7%
[2026-02-23 02:27:52] OK: 4d627697-1dbe-5802-bb61-d6d5a79db52f | Pastora | flac → MP3 | 71.4%
[2026-02-23 02:27:58] OK: 0a195cb5-8953-527b-8523-025ff1108b65 | Misa de once | flac → MP3 | 69.9%
[2026-02-23 02:28:00] OK: 73dbbac6-1f7a-5c5c-b62b-7d074b4ca8f4 | Carro Viejo | flac → MP3 | 63.4%
[2026-02-23 02:29:58] WARN: c3582531-65a1-51db-9074-c4b93c9db62c - Backup failed: Command '['az', 'storage', 'blob', 'upload', '--account-name', 'nttt', '--container-name', 'v20-originals', '--name', 'c3582531-65a1-51db-9074-c4b93c9db62c.original', '--file', '/var/folders/r4/_tc4gn
[2026-02-23 02:29:59] ERROR: 6824b0cb-35b7-5b7b-ab65-b700ab4485eb - Upload failed: Command '['az', 'storage', 'blob', 'upload', '--account-name', 'nttt', '--container-name', 'v20', '--name', '6824b0cb-35b7-5b7b-ab65-b700ab4485eb.mp3', '--file', '/var/folders/r4/_tc4gnds7yd7prk90mkrv
[2026-02-23 02:30:01] WARN: 7814f6db-1079-59ad-9da6-bdc198843715 - Backup failed: Command '['az', 'storage', 'blob', 'upload', '--account-name', 'nttt', '--container-name', 'v20-originals', '--name', '7814f6db-1079-59ad-9da6-bdc198843715.original', '--file', '/var/folders/r4/_tc4gn
[2026-02-23 02:30:01] ERROR: ff618b4c-c325-587e-80b1-4f6be769848c - Upload failed: Command '['az', 'storage', 'blob', 'upload', '--account-name', 'nttt', '--container-name', 'v20', '--name', 'ff618b4c-c325-587e-80b1-4f6be769848c.mp3', '--file', '/var/folders/r4/_tc4gnds7yd7prk90mkrv
[2026-02-23 02:30:02] ERROR: fd31d96c-9fab-5694-b85d-b8e8fc07bb20 - Upload failed: Command '['az', 'storage', 'blob', 'upload', '--account-name', 'nttt', '--container-name', 'v20', '--name', 'fd31d96c-9fab-5694-b85d-b8e8fc07bb20.mp3', '--file', '/var/folders/r4/_tc4gnds7yd7prk90mkrv
[2026-02-23 02:31:05] OK: c3582531-65a1-51db-9074-c4b93c9db62c | Mi Romance | flac → MP3 | 58.7%
[2026-02-23 02:31:08] OK: 7814f6db-1079-59ad-9da6-bdc198843715 | Encuentro | flac → MP3 | 72.0%
[2026-02-23 02:31:13] OK: 74c347d6-3a94-51c0-91c2-0352daf2451f | Rendido | flac → MP3 | 57.7%
[2026-02-23 02:31:18] OK: e678e1d1-e33e-5768-ba7e-4725e31014a3 | Cuando Tu Me Quieras | flac → MP3 | 71.8%
[2026-02-23 02:31:18] OK: b409c367-2889-56b1-9b91-8fa5bf20dd8c | El tango es el tango | flac → MP3 | 67.1%
[2026-02-23 02:31:20] OK: 863aa5b3-5987-53ab-8c05-645fa43dfea2 | Ya estamos iguales | flac → MP3 | 73.2%
[2026-02-23 02:31:21] OK: 4beebe9f-5b58-5002-809b-104d779bc0dd | La uruguayita Lucia | flac → MP3 | 71.6%
[2026-02-23 02:31:27] OK: 6e892460-6b0a-55af-8c17-9cc769ed5b37 | Asi Es Ninon | flac → MP3 | 61.7%
[2026-02-23 02:31:31] OK: 53153f4d-7436-54f4-adcb-7e7dfcb5fe3c | Para Que Te Quiero Tanto | flac → MP3 | 61.0%
[2026-02-23 02:31:34] OK: 901cecef-645a-55f8-8e91-549df65ce4b2 | Ya sale el tren | flac → MP3 | 71.0%
[2026-02-23 02:31:35] OK: 84f2f4d1-535c-537e-b3d5-ffd486e297b3 | El Moro | flac → MP3 | 75.3%
[2026-02-23 02:31:35] OK: 930d8838-31eb-5c61-bf3c-dadebfa43f16 | Recuerdo Malevo | flac → MP3 | 76.7%
[2026-02-23 02:31:36] OK: d756936c-1905-59fd-936e-6dc8c5583b5a | Vieja esquina | flac → MP3 | 63.9%
[2026-02-23 02:31:45] OK: 25dcb6bc-3c73-505b-860f-851b21c6cd2a | Que vas buscando muneca | flac → MP3 | 62.3%
[2026-02-23 02:31:46] OK: 68d5a503-2e2b-58a0-83a2-9b95ec7809a9 | Malvon | flac → MP3 | 66.0%
[2026-02-23 02:31:47] OK: 4faa0cec-e73a-5f66-bd9a-6b1c9580eff1 | Prisionero | flac → MP3 | 70.5%
[2026-02-23 02:31:53] OK: ae9ec536-e5a7-5931-8a0d-45b7d20c0074 | Igual que una sombra | flac → MP3 | 66.2%
[2026-02-23 02:31:53] OK: 44377c39-f765-58ba-96fe-8aae95628a38 | Recuerdo (Vals) | flac → MP3 | 71.6%
[2026-02-23 02:31:57] OK: 1d1d0d71-6945-50dd-830f-8d9879221ba6 | La Cumparsita | flac → MP3 | 73.0%
[2026-02-23 02:31:58] OK: 66c7d58d-f841-53e1-a07c-86fa48a63e75 | Marisabel | flac → MP3 | 62.8%
[2026-02-23 02:32:00] OK: 154e2511-f40e-5c92-87eb-cbe2511c2efe | Esta Noche me Emborracho | flac → MP3 | 70.9%
[2026-02-23 02:32:07] OK: 29e37dde-9ddb-5d60-b132-bfe5665a10fe | Que Nunca me Falte | flac → MP3 | 74.1%
[2026-02-23 02:32:08] OK: d79e25f9-5330-5b3e-b6b0-f748aa570f7f | Pocas palabras | flac → MP3 | 66.4%
[2026-02-23 02:32:10] OK: 08751c1c-f945-5a3d-adcd-c59fc6d6daeb | En el salon | flac → MP3 | 74.3%
[2026-02-23 02:32:14] OK: faaa4ae4-2df9-5a04-a15f-38da7de4528f | El corazon me decia | flac → MP3 | 71.2%
[2026-02-23 02:32:17] OK: 93654837-e139-56c7-a419-372bbe7a4705 | Una Emocion | flac → MP3 | 69.2%
[2026-02-23 02:32:20] OK: c85e6491-3103-5b65-b41b-4717a154a997 | Giuseppe el zapatero | flac → MP3 | 67.1%
[2026-02-23 02:32:23] OK: a47849ae-faae-55de-9fff-50f9f706a7e7 | La abandone y no sabia | flac → MP3 | 67.4%
[2026-02-23 02:32:25] OK: 448c3f2b-e037-5ce5-9e7a-6abfd5c7f313 | Tango | flac → MP3 | 60.5%
[2026-02-23 02:32:26] OK: c4cfe686-1e15-5a75-af0c-64225a9fc945 | Esta noche al pasar | flac → MP3 | 70.9%
[2026-02-23 02:32:27] OK: 60aa0a29-c334-5f3b-b31b-2e2859320d18 | Por eso canto | flac → MP3 | 72.2%
[2026-02-23 02:32:31] OK: aabb5cd6-cd4a-5043-9ff7-c394a7a13275 | Barrio viejo | flac → MP3 | 60.3%
[2026-02-23 02:32:32] OK: cbc35f1c-b0ae-5710-bb97-e6d29a5f0404 | La vida es corta | flac → MP3 | 62.3%
[2026-02-23 02:32:38] OK: b8ba753d-2dae-5bf1-b299-167a23ff1ed2 | Una emocion | flac → MP3 | 65.0%
[2026-02-23 02:32:40] OK: d6f63d4e-bfa0-55ae-8180-87ae6687e517 | Discos de Gardel | flac → MP3 | 62.8%
[2026-02-23 02:32:43] OK: f90dc108-a9e2-5743-94e9-f1bbb33f269b | Igual que una sombra | flac → MP3 | 66.0%
[2026-02-23 02:32:44] OK: 36637c9a-7dc7-556e-90fb-a93820b9b6c2 | Esta noche al pasar | flac → MP3 | 66.3%
[2026-02-23 02:32:44] OK: 91168e21-9f34-50ae-a1d1-da0ad64f8098 | Noches del Colon | flac → MP3 | 77.2%
[2026-02-23 02:32:45] OK: 2c2dabf6-dde5-5032-97af-0272b93ed6c9 | Madame Ivonne | flac → MP3 | 77.2%
[2026-02-23 02:32:51] OK: 71fa430f-eae8-5f0b-af4e-cfcc769e902c | Desde el alma | flac → MP3 | 77.7%
[2026-02-23 02:32:56] OK: 7d4df64d-bac6-5281-a5d4-f7e8a008f08a | Un crimen | flac → MP3 | 67.2%
[2026-02-23 02:32:57] OK: 5359bf0e-2fde-5b31-8f84-4d7f80eddc68 | La ultima copa | flac → MP3 | 63.9%
[2026-02-23 02:33:01] OK: 94411d2e-c11d-55bc-9c49-79636ee77567 | Vagabundo | flac → MP3 | 64.0%
[2026-02-23 02:33:03] OK: 3be7e902-c337-582d-a897-3bdb0f183baf | Oigo tu voz | flac → MP3 | 69.4%
[2026-02-23 02:33:05] OK: 39a5ae82-8305-5ac1-be7c-2e29866ca777 | Ese sos vos | flac → MP3 | 76.2%
[2026-02-23 02:33:07] OK: d358cf51-b91f-5184-9abd-097d4a4674c6 | Si se salva el pibe | flac → MP3 | 67.2%
[2026-02-23 02:33:09] OK: ddf211af-fc29-5ffb-90ef-65dc50e93bda | Encuentro | flac → MP3 | 66.3%
[2026-02-23 02:33:09] OK: e9c84cb7-c3a3-58e0-a5c9-0ae3a4f4349a | Mi romance | flac → MP3 | 73.8%
[2026-02-23 02:35:06] WARN: b1e69207-7c08-5319-b156-6cdbbb8a3aeb - Backup failed: Command '['az', 'storage', 'blob', 'upload', '--account-name', 'nttt', '--container-name', 'v20-originals', '--name', 'b1e69207-7c08-5319-b156-6cdbbb8a3aeb.original', '--file', '/var/folders/r4/_tc4gn
[2026-02-23 02:35:08] WARN: 1a5b5247-7a45-5c71-9a06-661382e5cf7f - Backup failed: Command '['az', 'storage', 'blob', 'upload', '--account-name', 'nttt', '--container-name', 'v20-originals', '--name', '1a5b5247-7a45-5c71-9a06-661382e5cf7f.original', '--file', '/var/folders/r4/_tc4gn
[2026-02-23 02:35:10] WARN: cb2fd44a-f94f-56ac-a8a8-590b338965b7 - Backup failed: Command '['az', 'storage', 'blob', 'upload', '--account-name', 'nttt', '--container-name', 'v20-originals', '--name', 'cb2fd44a-f94f-56ac-a8a8-590b338965b7.original', '--file', '/var/folders/r4/_tc4gn
[2026-02-23 02:35:10] WARN: aee235f3-a448-50e3-903c-f0387613eb8e - Backup failed: Command '['az', 'storage', 'blob', 'upload', '--account-name', 'nttt', '--container-name', 'v20-originals', '--name', 'aee235f3-a448-50e3-903c-f0387613eb8e.original', '--file', '/var/folders/r4/_tc4gn
[2026-02-23 02:35:10] ERROR: 081473c7-bd8a-5bd4-ba29-66ac7f39d0a8 - Upload failed: Command '['az', 'storage', 'blob', 'upload', '--account-name', 'nttt', '--container-name', 'v20', '--name', '081473c7-bd8a-5bd4-ba29-66ac7f39d0a8.mp3', '--file', '/var/folders/r4/_tc4gnds7yd7prk90mkrv
[2026-02-23 02:36:07] OK: 1a5b5247-7a45-5c71-9a06-661382e5cf7f | La copa del olvido | flac → MP3 | 67.4%
[2026-02-23 02:36:09] OK: b1e69207-7c08-5319-b156-6cdbbb8a3aeb | Esta noche hay una fiesta | flac → MP3 | 66.1%
[2026-02-23 02:36:09] OK: cb2fd44a-f94f-56ac-a8a8-590b338965b7 | Mi piba | flac → MP3 | 62.8%
[2026-02-23 02:36:10] OK: aee235f3-a448-50e3-903c-f0387613eb8e | Desde lejos | flac → MP3 | 69.0%
[2026-02-23 02:36:15] OK: 40735b14-3024-505c-821e-dff959c2309a | Bolero | flac → MP3 | 66.5%
[2026-02-23 02:36:24] OK: e606f050-82d0-503d-9d47-400740183d1e | Y... siempre igual | flac → MP3 | 64.2%
[2026-02-23 02:36:26] OK: 4142aa0a-31e1-5fd0-836d-3d571570de03 | La serenata / Mi amor | flac → MP3 | 65.9%
[2026-02-23 02:36:27] OK: 1fb19fed-2f12-5cee-94d0-0fc8b912203e | Moneda de cobre | flac → MP3 | 65.3%
[2026-02-23 02:36:28] OK: c28aef4c-b82b-53d3-afd3-bcf5b0766a9d | Recuerdo | flac → MP3 | 76.1%
[2026-02-23 02:36:29] OK: 6b08ce2f-62bd-5877-a8fb-662b312c360e | De todo te olvidas / Cabeza de novia | flac → MP3 | 67.7%
[2026-02-23 02:36:33] OK: 37675a00-e993-5733-8fb0-1a7e0165e92b | Malvon | flac → MP3 | 74.9%
[2026-02-23 02:36:34] OK: 7454592d-d7a8-53b4-80f7-48a174031c6a | Yo se lo que te digo | flac → MP3 | 77.0%
[2026-02-23 02:36:39] OK: 303f92e3-e471-599b-950d-ca975697b1dd | Cancion de rango / Pa' que se callen | flac → MP3 | 65.5%
[2026-02-23 02:36:42] OK: ec5ef88c-5f9e-5c17-babb-52719724193c | Viviane de Paris | flac → MP3 | 64.1%
[2026-02-23 02:36:43] OK: 2119bae4-bb6f-5b67-9b30-0bea65762ea4 | Prisionero | flac → MP3 | 69.7%
[2026-02-23 02:36:48] OK: 163f1fbd-7442-536f-a5f5-11a4808260e7 | Asi era ella, muchachos | flac → MP3 | 66.3%
[2026-02-23 02:36:50] OK: 4fafd46e-3789-5ade-90ea-2d2ef30f80d7 | Barajando recuerdos | flac → MP3 | 66.7%
[2026-02-23 02:36:52] OK: 49f4acaf-76be-5ee2-975e-703cc3b339c8 | El tango es el tango | flac → MP3 | 67.1%
[2026-02-23 02:36:58] OK: 9f8064d6-089c-5b35-acb6-f19c5b039ef9 | Calor de hogar | flac → MP3 | 64.7%
[2026-02-23 02:36:58] OK: 1c0a1c8f-5418-5eb0-a107-2a80d35ef6d0 | Al compas de un tango | flac → MP3 | 75.1%
[2026-02-23 02:37:06] OK: 73fef499-a5f1-5fed-b81b-aa32bcc6f215 | Comparsa criolla | flac → MP3 | 65.6%
[2026-02-23 02:37:06] OK: 5c7644ff-fe5a-5f7d-9b38-72862e4845a5 | Decile que vuelva | flac → MP3 | 66.8%
[2026-02-23 02:37:06] OK: bce0959e-a718-5030-a24f-4b725fdf2ee2 | Adios pueblo | flac → MP3 | 68.2%
[2026-02-23 02:37:11] OK: 15d82bef-da31-5636-982c-54b8f360f07f | El moro | flac → MP3 | 67.2%
[2026-02-23 02:37:13] OK: 298aee02-e6d4-5c92-af18-72838bd74990 | Cuatro compases | flac → MP3 | 76.2%
[2026-02-23 02:37:13] OK: 7e75a541-a838-554b-ae97-c6cd82150bb9 | Ya sale el tren | flac → MP3 | 65.2%
[2026-02-23 02:37:18] OK: 31f48730-f59a-5137-8aa7-6f9329026cdf | Arganaraz | flac → MP3 | 73.2%
[2026-02-23 02:37:21] OK: 9bfb17e6-cd57-5383-bf12-d967515e1a44 | Raza criolla / El taita | flac → MP3 | 68.1%
[2026-02-23 02:37:22] OK: c5c7c984-973d-5194-8e42-bda7b382b979 | Recuerdo malevo | flac → MP3 | 74.9%
[2026-02-23 02:37:23] OK: 8537939e-2148-57d4-905f-d1ab92e9aad6 | Llevame carretero | flac → MP3 | 67.6%
[2026-02-23 02:37:24] OK: 191f6f0e-50f4-56ed-b7f2-a609030f5a0d | Soy muchacho de arrabal | flac → MP3 | 64.3%
[2026-02-23 02:37:32] OK: 1717bfbf-cc54-5e70-be47-b5e9219753ca | Seis dias | flac → MP3 | 65.4%
[2026-02-23 02:37:34] OK: 64a67c80-34d6-5c7d-bd32-c61ee5e51f44 | Viejo ciego | flac → MP3 | 65.3%
[2026-02-23 02:37:40] OK: 18686f2c-e15b-5e72-94f4-7f82dd171920 | Alma de bohemio | flac → MP3 | 67.3%
[2026-02-23 02:37:41] OK: f2900f78-7040-5142-a27b-cbe0b6660106 | Asi se baila el tango | flac → MP3 | 65.4%
[2026-02-23 02:37:42] OK: 27b6fcb1-ac28-5529-93b4-6e336f64de27 | Como aquella muneca | flac → MP3 | 67.4%
[2026-02-23 02:37:45] OK: ccf23d1c-92a4-55c4-a136-59704129531a | Sombras | flac → MP3 | 71.1%
[2026-02-23 02:37:46] OK: e689441f-3931-50de-9bd3-604972b1dd08 | La abandone y no sabia | flac → MP3 | 66.6%
[2026-02-23 02:37:50] OK: 9f2c0e49-4369-570e-9dc8-9854576fc5f5 | Este es tu tango | flac → MP3 | 63.9%
[2026-02-23 02:37:53] OK: 05b3899a-3680-5c1d-846d-70dd0b648309 | Tango | flac → MP3 | 67.5%
[2026-02-23 02:37:56] OK: ec4e0abb-b8fc-56ea-95fe-b1d6c2a6f862 | Asi es la milonga | flac → MP3 | 66.0%
[2026-02-23 02:37:56] OK: ce51b6cb-a884-5229-837d-70c9ebc4f5bb | El sueno del pibe | flac → MP3 | 66.1%
[2026-02-23 02:38:01] OK: d0414770-5bd3-5f60-a3de-1b298389cdb3 | Tu llamado | flac → MP3 | 66.4%
[2026-02-23 02:38:02] OK: 99bfe0b8-4a41-538a-9d7f-41d77b362d8e | Domingo a la noche | flac → MP3 | 76.1%
[2026-02-23 02:38:07] OK: b72d60d8-0ee7-54b6-a7fe-66e91703accb | Mi morocha | flac → MP3 | 76.0%
[2026-02-23 02:38:07] OK: ccffc6ac-d621-5b14-9ec0-7fccdac7ebf0 | San Jose de Flores | flac → MP3 | 64.4%
[2026-02-23 02:38:08] OK: 85dc3efe-3cb0-5d9d-a0c4-8f20b4196904 | Corazoncito | flac → MP3 | 62.6%
[2026-02-23 02:38:13] OK: c1d61bb8-641c-5399-8116-5b50ca9ab31c | Rey del tango | flac → MP3 | 77.1%
[2026-02-23 02:40:09] WARN: d54adf80-3264-53a4-b339-f2f44fbb2fb4 - Backup failed: Command '['az', 'storage', 'blob', 'upload', '--account-name', 'nttt', '--container-name', 'v20-originals', '--name', 'd54adf80-3264-53a4-b339-f2f44fbb2fb4.original', '--file', '/var/folders/r4/_tc4gn
[2026-02-23 02:40:12] ERROR: 27fd9715-126a-5b78-8fce-0ce42bb6e5d1 - Upload failed: Command '['az', 'storage', 'blob', 'upload', '--account-name', 'nttt', '--container-name', 'v20', '--name', '27fd9715-126a-5b78-8fce-0ce42bb6e5d1.mp3', '--file', '/var/folders/r4/_tc4gnds7yd7prk90mkrv
[2026-02-23 02:40:14] ERROR: e7c5e4de-fb18-5ccd-9457-38a3c9cb0321 - Upload failed: Command '['az', 'storage', 'blob', 'upload', '--account-name', 'nttt', '--container-name', 'v20', '--name', 'e7c5e4de-fb18-5ccd-9457-38a3c9cb0321.mp3', '--file', '/var/folders/r4/_tc4gnds7yd7prk90mkrv
[2026-02-23 02:40:14] WARN: 951de2e1-4480-5375-9df4-470dd76cc5fc - Backup failed: Command '['az', 'storage', 'blob', 'upload', '--account-name', 'nttt', '--container-name', 'v20-originals', '--name', '951de2e1-4480-5375-9df4-470dd76cc5fc.original', '--file', '/var/folders/r4/_tc4gn
[2026-02-23 02:40:15] ERROR: 3dd8ebe2-be0f-5eaf-a966-da29c746cc56 - Upload failed: Command '['az', 'storage', 'blob', 'upload', '--account-name', 'nttt', '--container-name', 'v20', '--name', '3dd8ebe2-be0f-5eaf-a966-da29c746cc56.mp3', '--file', '/var/folders/r4/_tc4gnds7yd7prk90mkrv
[2026-02-23 02:41:03] OK: d54adf80-3264-53a4-b339-f2f44fbb2fb4 | Jiron de suburbio | flac → MP3 | 67.6%
[2026-02-23 02:41:05] OK: 951de2e1-4480-5375-9df4-470dd76cc5fc | La vida es corta | flac → MP3 | 64.4%
[2026-02-23 02:41:17] OK: 99f64880-3a16-5a43-a1cd-8ab73ba02082 | A otra cosa, che pebeta | flac → MP3 | 64.4%
[2026-02-23 02:41:18] OK: 9e0e53f1-006c-5fc8-baee-95ac46811e00 | La huella | flac → MP3 | 63.6%
[2026-02-23 02:41:20] OK: 528ae02d-c94e-5f16-af95-2974441b0e4b | Alma en pena | flac → MP3 | 65.5%
[2026-02-23 02:41:20] OK: 9b975e9f-d8a5-5a1b-9e7e-f1f4514530a9 | Tu vieja ventana | flac → MP3 | 66.5%
[2026-02-23 02:41:24] OK: df9df0a3-10ee-5a61-880d-7ed356cff9d5 | Calla bandoneon | flac → MP3 | 67.7%
[2026-02-23 02:41:30] OK: f5d6e067-3558-5fbc-83f7-e2eb1e7ab879 | Cuatro lagrimas | flac → MP3 | 65.2%
[2026-02-23 02:41:32] OK: 5acdf4ce-8a48-555f-a39c-604a89d5def1 | Que vas buscando muneca | flac → MP3 | 65.3%
[2026-02-23 02:41:33] OK: 03dab412-2469-532d-92da-f68c5fcf2a0d | Cantor de barrio | flac → MP3 | 63.5%
[2026-02-23 02:41:33] OK: 5d8d6561-3b9a-5bd6-ac78-79f7dac39273 | Que sera de ti | flac → MP3 | 66.0%
[2026-02-23 02:41:34] OK: 0ab829a7-6317-58f7-ad65-355fbe1af2dc | Didi | flac → MP3 | 76.1%
[2026-02-23 02:41:45] OK: d0a0ac00-0141-56ff-8568-74e5234e013e | No me escribas | flac → MP3 | 64.8%
[2026-02-23 02:41:47] OK: ba440e4b-c364-532d-994f-bf539c00a509 | Me llaman "El zorro" | flac → MP3 | 64.4%
[2026-02-23 02:41:47] OK: 59e5aa47-8492-5c7e-be2d-ff95dfbd126f | Bailongo de los domingos | flac → MP3 | 65.7%
[2026-02-23 02:41:48] OK: 34b61691-5833-54df-b8e0-ec5d98d138d7 | Igual que un bandoneon | flac → MP3 | 66.6%
[2026-02-23 02:41:49] OK: 82136185-5b7b-521b-9693-98aad10e54c5 | Anselmo Laguna | flac → MP3 | 64.8%
[2026-02-23 02:41:55] OK: b2336293-e154-5b9b-a7d7-1ad33783ff36 | Mozo guapo | flac → MP3 | 63.6%
[2026-02-23 02:42:01] OK: 896b3e05-9ec7-5def-9730-6a8de597daf7 | Que me quiten lo bailao! ... | flac → MP3 | 66.4%
[2026-02-23 02:42:03] OK: ec815be9-53f4-5bb3-95e1-9dea00abda58 | Que bien te queda / Como has cambiado | flac → MP3 | 65.0%
[2026-02-23 02:42:08] OK: 6d39d04a-b1c0-58a5-9c64-06fe3d354512 | Asi se canta | flac → MP3 | 66.5%
[2026-02-23 02:42:08] OK: 69433277-d192-5d22-85a9-daf59182ff93 | Y como le iba contando | flac → MP3 | 68.2%
[2026-02-23 02:42:08] OK: a51bc182-24a8-5a11-bafa-f17666fcfb78 | Amiga | flac → MP3 | 67.8%
[2026-02-23 02:42:10] OK: 4c4db3dc-4e30-5792-8531-ab7ef4a8bae0 | Barrio viejo | flac → MP3 | 68.2%
[2026-02-23 02:42:17] OK: 2badd977-5d5c-5ff1-8477-0846077fa974 | El buey solo | flac → MP3 | 76.9%
[2026-02-23 02:42:23] OK: f7ef62c2-50a6-57fa-b5ff-c3452887bbf2 | Tiene razon, amigazo | flac → MP3 | 67.7%
[2026-02-23 02:42:26] OK: 469fb37f-aaab-506a-ac4b-06c918a065f9 | Mariposita / Anselmo Aieta | flac → MP3 | 66.8%
[2026-02-23 02:42:27] OK: 5dbac605-19df-5626-ab3f-0dc8ef00c0cb | Me da pena confesarlo | flac → MP3 | 69.1%
[2026-02-23 02:42:29] OK: a0f0513d-604e-57d6-8c8b-9a07d0e45f0e | Me beso y se fue | flac → MP3 | 66.8%
[2026-02-23 02:42:32] OK: d0687d93-d146-5bcb-a82b-8eaae2e2b6bc | Cuando llora la milonga | flac → MP3 | 70.3%
[2026-02-23 02:42:37] OK: b6f52d7a-9373-592c-9dff-dad219b52913 | Entre suenos | flac → MP3 | 66.2%
[2026-02-23 02:42:39] OK: ab288506-70f8-5a76-99a6-980ba0f16345 | Sollozo de bandoneon | flac → MP3 | 66.3%
[2026-02-23 02:42:40] OK: f4f2c151-b625-55f8-8970-3f9520b2f4e2 | La uruguayita Lucia | flac → MP3 | 67.3%
[2026-02-23 02:42:41] OK: 79217462-1acd-58d3-952e-ea981683030b | Recien | flac → MP3 | 66.0%
[2026-02-23 02:42:47] OK: f37c662a-8b9e-5126-abc2-2c52ed02a289 | Dos palabras, por favor | flac → MP3 | 72.6%
[2026-02-23 02:42:49] OK: acb4ce2a-f7f9-5d8f-a98b-379d3bb20783 | Ese sos vos | flac → MP3 | 63.9%
[2026-02-23 02:42:50] OK: 3defaa7c-c9d4-51d6-a280-9929b823ea87 | Quien canta mejor que yo | flac → MP3 | 75.1%
[2026-02-23 02:42:51] OK: 624778c2-a8f1-583b-9134-18d67829b1e5 | De 6 a 7 / De seis a siete | flac → MP3 | 67.0%
[2026-02-23 02:42:57] OK: fd8e68d6-a2dc-536e-9f9d-5ef0afcce582 | Remembranza | flac → MP3 | 64.7%
[2026-02-23 02:42:57] OK: 74e6877a-cd01-5d24-a1de-5fa852913ae6 | Bien criolla y bien portena | flac → MP3 | 62.0%
[2026-02-23 02:43:02] OK: 6787fd9c-fd66-5523-aa91-2c6b6b9d89f0 | Tierrita | flac → MP3 | 78.2%
[2026-02-23 02:43:03] OK: 15f9d2e5-b8b8-5036-a86e-54ca6242c0be | Lagrimas | flac → MP3 | 75.8%
[2026-02-23 02:43:04] OK: 82b95e7b-960c-548f-9ec6-e3687c5ea838 | Anoranzas | flac → MP3 | 67.4%
[2026-02-23 02:43:09] OK: ed426dcf-94e1-5b44-ad89-4ef7a77a26e0 | El corazon me decia | flac → MP3 | 65.9%
[2026-02-23 02:43:12] OK: 8c031ee0-3875-5ec7-97a2-505b6b01bc96 | Sombrerito | flac → MP3 | 66.6%
[2026-02-23 02:43:16] OK: d762a723-6f47-569c-b0a7-9c0592012d34 | Discos de Gardel | flac → MP3 | 66.5%
[2026-02-23 02:43:16] OK: e17a0e1f-0256-5e3b-aaee-f0acfdfe8d5f | Campeonato | flac → MP3 | 69.0%
[2026-02-23 02:45:14] ERROR: 268b41ae-a4a0-57c9-af3b-0f6c3eb600bb - Upload failed: Command '['az', 'storage', 'blob', 'upload', '--account-name', 'nttt', '--container-name', 'v20', '--name', '268b41ae-a4a0-57c9-af3b-0f6c3eb600bb.mp3', '--file', '/var/folders/r4/_tc4gnds7yd7prk90mkrv
[2026-02-23 02:45:16] ERROR: 049c6f8d-4aa8-5f5f-af85-5fb5d705afd7 - Upload failed: Command '['az', 'storage', 'blob', 'upload', '--account-name', 'nttt', '--container-name', 'v20', '--name', '049c6f8d-4aa8-5f5f-af85-5fb5d705afd7.mp3', '--file', '/var/folders/r4/_tc4gnds7yd7prk90mkrv
[2026-02-23 02:45:16] WARN: 3de73858-2f79-5ba0-9498-47aefad5cff0 - Backup failed: Command '['az', 'storage', 'blob', 'upload', '--account-name', 'nttt', '--container-name', 'v20-originals', '--name', '3de73858-2f79-5ba0-9498-47aefad5cff0.original', '--file', '/var/folders/r4/_tc4gn
[2026-02-23 02:45:17] WARN: 0dfa6940-51ac-5b67-bb68-a25af1adb0e7 - Backup failed: Command '['az', 'storage', 'blob', 'upload', '--account-name', 'nttt', '--container-name', 'v20-originals', '--name', '0dfa6940-51ac-5b67-bb68-a25af1adb0e7.original', '--file', '/var/folders/r4/_tc4gn
[2026-02-23 02:45:20] ERROR: 73be4865-3e88-575e-808e-e48a563ca33a - Upload failed: Command '['az', 'storage', 'blob', 'upload', '--account-name', 'nttt', '--container-name', 'v20', '--name', '73be4865-3e88-575e-808e-e48a563ca33a.mp3', '--file', '/var/folders/r4/_tc4gnds7yd7prk90mkrv
[2026-02-23 02:46:07] OK: 3de73858-2f79-5ba0-9498-47aefad5cff0 | Gallo ciego | flac → MP3 | 77.4%
[2026-02-23 02:46:08] OK: 0dfa6940-51ac-5b67-bb68-a25af1adb0e7 | Vieja esquina | flac → MP3 | 69.8%
[2026-02-23 02:46:18] OK: 81a51556-f42a-5271-a7b4-97236e0e3e1f | Palomita mia | flac → MP3 | 68.3%
[2026-02-23 02:46:19] OK: a6c58a8b-056b-5845-982a-e1ebe45edeeb | Como se pianta la vida | flac → MP3 | 68.6%
[2026-02-23 02:46:19] OK: c5380d89-8679-5c0e-8f42-44be4d69f5dd | La mesa de un cafe | flac → MP3 | 65.4%
[2026-02-23 02:46:22] OK: 2580df43-f710-5609-8f80-97e902a3f68e | Muneca brava | flac → MP3 | 67.4%
[2026-02-23 02:46:28] OK: cf14dd21-e67d-5705-87d2-f7c887049b34 | Aquel muchacho triste | flac → MP3 | 64.9%
[2026-02-23 02:46:29] OK: cf738132-5f61-56a0-b13b-58fb5744f39b | Por eso canto yo | flac → MP3 | 66.7%
[2026-02-23 02:46:34] OK: 2e5ed508-8f9a-51ab-bab4-8dab63e19eee | Noche de tangos | flac → MP3 | 67.3%
[2026-02-23 02:46:35] OK: dd40652d-aedc-5979-a804-3dace268f570 | Al pasar | flac → MP3 | 64.0%
[2026-02-23 02:46:35] OK: acb139ac-522c-5f6a-a8c6-4fe99f624a7d | Callejero | flac → MP3 | 65.7%
[2026-02-23 02:46:40] OK: 469ab352-3e73-5267-92d9-39108da14e07 | Pocas palabras | flac → MP3 | 65.7%
[2026-02-23 02:46:44] OK: 9a2046d6-d239-5d67-84ea-efc487322775 | Que podran decir | flac → MP3 | 64.0%
[2026-02-23 02:46:45] OK: 957cd2cc-d18a-5426-80ac-711cd52e207b | Marisabel | flac → MP3 | 66.3%
[2026-02-23 02:46:48] OK: 4f688fd3-b3b7-5ce7-aee0-8263f5ac81db | Muchachos comienza la ronda | flac → MP3 | 66.1%
[2026-02-23 02:46:50] OK: 07b14625-e076-5f02-ab01-254fd62a2dbd | Con los amigos / A mi madre | flac → MP3 | 67.8%
[2026-02-23 02:46:58] OK: 1c9fe63a-652e-5ff5-a5bb-687f4a39f623 | En la copa de la vida | flac → MP3 | 67.7%
[2026-02-23 02:46:59] OK: 579f2089-e810-5a61-a873-43d62440c341 | Espera de esquina | flac → MP3 | 65.5%
[2026-02-23 02:47:00] OK: 5b3a3358-b26c-5931-b1ae-f9d6ac905ee3 | Oigo tu voz | flac → MP3 | 74.9%
[2026-02-23 02:47:00] OK: 69c60cfb-f37d-56b2-9f05-9bedc6e5dfa1 | Cuatro recuerdos | flac → MP3 | 63.4%
[2026-02-23 02:47:06] OK: 67daf35e-d29d-5cb4-a8f0-5d41e618bde9 | Esta noche me emborracho | flac → MP3 | 68.8%
[2026-02-23 02:47:10] OK: 5fb8932e-35f8-58b9-a963-cd7dcf4f56cd | Que nunca me falte | flac → MP3 | 67.8%
[2026-02-23 02:47:11] OK: 2810808b-c13c-5980-8c3b-5ae2b36f16ea | Lomuto (restoration) | flac → MP3 | 65.9%
[2026-02-23 02:47:12] OK: 1e8711b9-9a16-515b-b8a4-43b14e84c20b | La Oreja Descarriada | flac → MP3 | 68.8%
[2026-02-23 02:47:12] OK: d303839b-b302-5c5c-b326-965f9683f9dd | Mis horas tristes | flac → MP3 | 70.4%
[2026-02-23 02:47:14] OK: c973d6e5-1125-5264-a736-560eac2f4407 | Giuseppe el zapatero | flac → MP3 | 66.1%
[2026-02-23 02:47:21] OK: 98c512ab-cda8-5dd4-85cb-c6382b355595 | Cuentos viejos | flac → MP3 | 71.5%
[2026-02-23 02:47:22] OK: de373c71-db48-50e2-9acf-ecb2776013cd | Primer auxilio | flac → MP3 | 72.0%
[2026-02-23 02:47:24] OK: 2dd05747-0b53-5440-a3ce-14159f15e3d4 | Flores Rojas | flac → MP3 | 67.8%
[2026-02-23 02:47:27] OK: 1bbdb375-7c6c-58f1-a16e-7223468fddad | Esta Noche me Emborracho | flac → MP3 | 69.7%
[2026-02-23 02:47:28] OK: 5749e214-6d23-538f-b836-b37141f931ab | Musica triste | flac → MP3 | 72.4%
[2026-02-23 02:47:32] OK: 44abc525-5e38-51f0-8333-60bda5dd4a10 | Cuando llora la milonga | flac → MP3 | 72.1%
[2026-02-23 02:47:37] OK: 4a25fa61-a944-5c12-ab8d-acd1ddc7a570 | Recuerdos | flac → MP3 | 70.9%
[2026-02-23 02:47:38] OK: 147d67b3-7356-57a1-bf9f-5cadc5d12ab6 | Mireya | flac → MP3 | 70.6%
[2026-02-23 02:47:38] OK: 27e36308-d308-5993-a593-959df6a6af52 | La cumparsita | flac → MP3 | 71.4%
[2026-02-23 02:47:42] OK: 8da3be74-b4c5-510e-ab15-2a60b7e5e319 | Te acordaras de mi | flac → MP3 | 70.9%
[2026-02-23 02:47:43] OK: ed884f28-7127-572c-8783-93c337824b13 | Como Los Nardos En Flor | flac → MP3 | 64.3%
[2026-02-23 02:47:44] OK: 251ec2c7-cd8c-5a73-aa8b-3b233d06fd66 | Guapito | flac → MP3 | 70.9%
[2026-02-23 02:47:48] OK: 54fa15bb-6059-545c-8737-e106993d4a35 | El trece (restoration) | flac → MP3 | 61.5%
[2026-02-23 02:47:50] OK: d7dd68ae-937f-5cab-a0ab-a863079ec5a8 | Guitarra Romana | flac → MP3 | 72.6%
[2026-02-23 02:47:53] OK: 7424a2f6-cb04-5459-9c1f-6f58f2494d79 | Todavia hay otarios | flac → MP3 | 72.1%
[2026-02-23 02:47:54] OK: 4284cda5-7fde-5ba8-8591-5678d3ba4886 | La rezongona | flac → MP3 | 72.8%
[2026-02-23 02:47:56] OK: b82c4c9c-0899-5c6c-86a5-466bb039de7f | Penurias | flac → MP3 | 67.2%
[2026-02-23 02:47:59] OK: 35d4b336-c7bc-56aa-a94e-3cca3001dece | La Revoltosa | flac → MP3 | 57.8%
[2026-02-23 02:47:59] OK: 9987cb49-97fd-531e-9a0e-6960ea13e632 | "Nocao" De Amor | flac → MP3 | 67.5%
[2026-02-23 02:48:01] OK: 0cb8596e-4b70-5751-aeff-db5ac78858f6 | Criolla linda | flac → MP3 | 66.2%
[2026-02-23 02:48:04] OK: da71beef-be86-56ea-b239-2b1bc0fe1235 | Evocacion | flac → MP3 | 69.7%
[2026-02-23 02:50:01] ERROR: 91284a02-a961-5d04-ae73-eaa568f772da - Upload failed: Command '['az', 'storage', 'blob', 'upload', '--account-name', 'nttt', '--container-name', 'v20', '--name', '91284a02-a961-5d04-ae73-eaa568f772da.mp3', '--file', '/var/folders/r4/_tc4gnds7yd7prk90mkrv
[2026-02-23 02:50:02] WARN: c37a33c7-5894-55f6-85f0-cb242654eaa7 - Backup failed: Command '['az', 'storage', 'blob', 'upload', '--account-name', 'nttt', '--container-name', 'v20-originals', '--name', 'c37a33c7-5894-55f6-85f0-cb242654eaa7.original', '--file', '/var/folders/r4/_tc4gn
[2026-02-23 02:50:05] WARN: d46d1ba7-0e80-5535-9fe7-e2487aa26543 - Backup failed: Command '['az', 'storage', 'blob', 'upload', '--account-name', 'nttt', '--container-name', 'v20-originals', '--name', 'd46d1ba7-0e80-5535-9fe7-e2487aa26543.original', '--file', '/var/folders/r4/_tc4gn
[2026-02-23 02:50:06] ERROR: 5cb170a4-4012-57e0-96fc-9f65cf358aae - Upload failed: Command '['az', 'storage', 'blob', 'upload', '--account-name', 'nttt', '--container-name', 'v20', '--name', '5cb170a4-4012-57e0-96fc-9f65cf358aae.mp3', '--file', '/var/folders/r4/_tc4gnds7yd7prk90mkrv
[2026-02-23 02:50:07] ERROR: 61665c74-cc2e-5caf-bd2e-769b0fb91f37 - Upload failed: Command '['az', 'storage', 'blob', 'upload', '--account-name', 'nttt', '--container-name', 'v20', '--name', '61665c74-cc2e-5caf-bd2e-769b0fb91f37.mp3', '--file', '/var/folders/r4/_tc4gnds7yd7prk90mkrv
[2026-02-23 02:51:04] OK: d46d1ba7-0e80-5535-9fe7-e2487aa26543 | Cruz De Palo | flac → MP3 | 64.8%
[2026-02-23 02:51:06] OK: c37a33c7-5894-55f6-85f0-cb242654eaa7 | Zorro Gris (restoration) | flac → MP3 | 61.6%
[2026-02-23 02:51:13] OK: d0a6d171-30f8-5aa1-9fe7-ac04aa727711 | Perdonala senor | flac → MP3 | 69.7%
[2026-02-23 02:51:13] OK: 247f8f29-1adf-533f-9ada-af2f30cb7d79 | Catamarca | flac → MP3 | 59.4%
[2026-02-23 02:51:17] OK: 02850fb8-5133-52e2-9f5b-5c5c13512793 | Mar De Fondo | flac → MP3 | 70.2%
[2026-02-23 02:51:17] OK: b5943345-c140-560d-ae17-5b5cfea2ab26 | Recuerdo | flac → MP3 | 69.8%
[2026-02-23 02:51:18] OK: 4fb9dac9-8c2e-5dbb-8ba4-7bcd3f4b5f28 | Musica Triste | flac → MP3 | 70.0%
[2026-02-23 02:51:24] OK: d1ed7032-44f8-50ae-b5f5-cc696a0dcbb6 | Medianoche | flac → MP3 | 47.5%
[2026-02-23 02:51:26] OK: 7d4768cf-707e-5f02-bade-d323abed86ed | Campanita | flac → MP3 | 73.2%
[2026-02-23 02:51:29] OK: 51c0b3c1-da66-53c7-9258-00212a165893 | Puerto Nuevo | flac → MP3 | 50.3%
[2026-02-23 02:51:30] OK: 5099a636-efaa-5706-a90f-aa3869610aca | Porque Sos Asi ? | flac → MP3 | 69.0%
[2026-02-23 02:51:30] OK: 856bd621-57a7-5b44-808b-0fb740edd239 | El trece | flac → MP3 | 72.6%
[2026-02-23 02:51:32] OK: ff160ff1-836d-5644-b1f4-5d04e2a0d5f2 | Bigotito | flac → MP3 | 63.6%
[2026-02-23 02:51:37] OK: 23cf8340-d8ad-594f-8044-6d52e41d63b3 | Sentimiento gaucho | flac → MP3 | 70.7%
[2026-02-23 02:51:39] OK: 43b87161-1fa4-5e6c-8e59-9b9c5adc90b9 | La Melodia De Nuestro Adios (damaged) | flac → MP3 | 67.1%
[2026-02-23 02:51:41] OK: f85e91e8-30d1-5922-b2ea-e68125d25f71 | Munequita | flac → MP3 | 64.7%
[2026-02-23 02:51:43] OK: 7111f0d9-c28f-5016-a700-9fe1be9132a7 | Viejo Amigo | flac → MP3 | 61.1%
[2026-02-23 02:51:45] OK: 76cce967-5d9f-5974-80c2-119ba83db4e6 | Sentimiento Gaucho | flac → MP3 | 61.5%
[2026-02-23 02:51:47] OK: d93e4333-c62a-5885-8686-244a48d2a37b | Quereme Un Poco | flac → MP3 | 71.3%
[2026-02-23 02:51:53] OK: dcfa32d6-4236-52a7-9093-84130c4b26e6 | Chingolito | flac → MP3 | 65.4%
[2026-02-23 02:51:53] OK: f2d964b1-efd7-59d1-8c77-cf73b0304ff7 | De Puro Guapo | flac → MP3 | 70.2%
[2026-02-23 02:51:53] OK: 1f433dc4-4a59-5e2f-a634-0462d4ea8a47 | Buenos Aires | flac → MP3 | 47.2%
[2026-02-23 02:51:57] OK: f84a9308-4c4d-5b13-aff6-4b647b9d5a18 | Caminito | flac → MP3 | 60.7%
[2026-02-23 02:52:00] OK: 1023d179-6541-5a3e-ae0b-608222ae42b6 | Sin clemencia | flac → MP3 | 62.3%
[2026-02-23 02:52:04] OK: 070ac757-ab6b-5d5b-a263-c4a026cd697d | Como los Nardos en Flor | flac → MP3 | 49.5%
[2026-02-23 02:52:05] OK: e7890556-0a00-5700-ae35-1d4a09275b61 | Mar de Fondo | flac → MP3 | 63.5%
[2026-02-23 02:52:06] OK: c24bddcf-b6c4-51e3-942d-cd82d3b4052b | El Caballo Del Pueblo | flac → MP3 | 70.4%
[2026-02-23 02:52:06] OK: be9cf798-3b36-5e89-aaf9-a8b6f5fb0873 | Caminito | flac → MP3 | 68.0%
[2026-02-23 02:52:15] OK: 9199a821-663d-5cbd-9c02-d03f2a934a96 | Pinataro | flac → MP3 | 67.2%
[2026-02-23 02:52:20] OK: 6658b233-43db-5357-9733-5d696e26a636 | Cuando Llora la Milonga | flac → MP3 | 62.4%
[2026-02-23 02:52:20] OK: 28d15d09-06cf-5e8d-a2d7-8d536d43d3ff | Cuentas Claras | flac → MP3 | 64.7%
[2026-02-23 02:52:21] OK: 1eaab074-7c2b-54a0-9524-6098c3e88dfd | Mi Pibe | flac → MP3 | 69.7%
[2026-02-23 02:52:25] OK: 61835db1-772d-5fe0-b697-bf6c4ea96ba4 | Pan | flac → MP3 | 64.8%
[2026-02-23 02:52:27] OK: 929c4577-b20d-575c-ba41-bc5d1f33adc4 | Criolla Linda | flac → MP3 | 53.3%
[2026-02-23 02:52:28] OK: 3294a9eb-a906-5d02-8047-1962a73ecd36 | La Cumparsita | flac → MP3 | 61.5%
[2026-02-23 02:52:34] OK: 0de468fb-3dcc-50a7-8d5e-6f1e0fef3535 | La Cumparsita | flac → MP3 | 59.2%
[2026-02-23 02:52:35] OK: 4b4bf55c-c33b-53bd-a53c-307d3dbcce7a | Alondra | flac → MP3 | 46.7%
[2026-02-23 02:52:36] OK: 1ede6f4c-ffa1-5f0e-929c-1587e9607d7c | Por La Vuelta | flac → MP3 | 63.6%
[2026-02-23 02:52:36] OK: 53e00b6d-8d7f-53fa-9bbe-5a60266bff59 | Que Facil Es Decir Dejala | flac → MP3 | 69.9%
[2026-02-23 02:52:40] OK: e4e4a5a0-ba72-5529-8778-50ec44c4aeb4 | Tango Argentino | flac → MP3 | 60.1%
[2026-02-23 02:52:44] OK: b051faa2-c298-5ba8-97ff-167955403fdd | A La Gran Muneca | flac → MP3 | 61.0%
[2026-02-23 02:52:46] OK: 0540f6da-4390-5062-b9f3-c4e1d7ed2250 | Cuando Llora La Milonga | flac → MP3 | 53.7%
[2026-02-23 02:52:48] OK: 0c3110fd-3359-5fd4-b1af-a99fe505f6b2 | Serpentina Doble | flac → MP3 | 63.2%
[2026-02-23 02:52:49] OK: 25cd6e9c-300d-51d1-a8fb-9900c870c163 | Si Dejaras De Quererme | flac → MP3 | 70.9%
[2026-02-23 02:52:50] OK: 07a3581a-981b-57e5-a160-7cd93b201656 | Cuando Despiertes | flac → MP3 | 65.6%
[2026-02-23 02:52:55] OK: 8678ec1b-d8b3-5fe5-8a1c-161b0ee002d7 | Nostalgias | flac → MP3 | 61.5%
[2026-02-23 02:54:56] ERROR: c888f05b-bfbd-583a-842d-b478fe4233d3 - Upload failed: Command '['az', 'storage', 'blob', 'upload', '--account-name', 'nttt', '--container-name', 'v20', '--name', 'c888f05b-bfbd-583a-842d-b478fe4233d3.mp3', '--file', '/var/folders/r4/_tc4gnds7yd7prk90mkrv
[2026-02-23 02:54:56] ERROR: 34991ec8-a1cf-51db-898a-c5146248940a - Upload failed: Command '['az', 'storage', 'blob', 'upload', '--account-name', 'nttt', '--container-name', 'v20', '--name', '34991ec8-a1cf-51db-898a-c5146248940a.mp3', '--file', '/var/folders/r4/_tc4gnds7yd7prk90mkrv
[2026-02-23 02:54:57] ERROR: 19157103-d453-5372-ba81-e5012ffefec0 - Upload failed: Command '['az', 'storage', 'blob', 'upload', '--account-name', 'nttt', '--container-name', 'v20', '--name', '19157103-d453-5372-ba81-e5012ffefec0.mp3', '--file', '/var/folders/r4/_tc4gnds7yd7prk90mkrv
[2026-02-23 02:54:59] ERROR: 943d4832-9c7c-5012-b878-a7bc1f459203 - Upload failed: Command '['az', 'storage', 'blob', 'upload', '--account-name', 'nttt', '--container-name', 'v20', '--name', '943d4832-9c7c-5012-b878-a7bc1f459203.mp3', '--file', '/var/folders/r4/_tc4gnds7yd7prk90mkrv
[2026-02-23 02:54:59] ERROR: ed6b545e-11f1-594b-bb4c-d2cf10bb5c5f - Upload failed: Command '['az', 'storage', 'blob', 'upload', '--account-name', 'nttt', '--container-name', 'v20', '--name', 'ed6b545e-11f1-594b-bb4c-d2cf10bb5c5f.mp3', '--file', '/var/folders/r4/_tc4gnds7yd7prk90mkrv
[2026-02-23 02:56:09] OK: 8be01cb8-7231-5a4b-a3c4-d01bc98c93bc | Idolatria | flac → MP3 | 70.8%
[2026-02-23 02:56:10] OK: c3193d99-fa74-5c18-85e4-bb708c2e1125 | Amor y Celo (V) | flac → MP3 | 52.5%
[2026-02-23 02:56:11] OK: 0e9e8388-964e-521f-8ed4-4a4fb2ed29b6 | Aqui me pongo a cantar | flac → MP3 | 58.6%
[2026-02-23 02:56:13] OK: 13f1709c-def4-5314-99c7-1a888af9b4b3 | Ay mi Nena | flac → MP3 | 70.7%
[2026-02-23 02:56:16] OK: 575c0314-36c8-5c05-946e-b85c57d573ec | Despues Arreglamos | flac → MP3 | 69.8%
[2026-02-23 02:56:17] OK: 09250845-ee08-53dd-97d3-ca95a39bd21b | Esther | flac → MP3 | 70.1%
[2026-02-23 02:56:21] OK: c843e24e-44c6-5501-bed7-95fe9128cc85 | El anzuelo | flac → MP3 | 67.4%
[2026-02-23 02:56:25] OK: ba7be6bd-5b2f-5b7b-8a92-5a2f56b5d8d2 | No hay tierra como la mia (EQed) | flac → MP3 | 68.7%
[2026-02-23 02:56:25] OK: 40f09879-4d7a-561d-af25-41b68556197d | Candombe criollo | flac → MP3 | 69.4%
[2026-02-23 02:56:26] OK: c41d4077-0807-50c5-a9b1-3cb9deab6a23 | Varon | flac → MP3 | 70.7%
[2026-02-23 02:56:27] OK: 602d681c-8d5f-54a3-90e2-02a3451ec187 | Que tiempo aquel | flac → MP3 | 69.6%
[2026-02-23 02:56:33] OK: fd424598-1870-580d-8e8b-bc283d5cdc87 | No hay tierra como la mia | flac → MP3 | 60.0%
[2026-02-23 02:56:35] OK: 473d7ab1-59d0-5c7c-860f-3254b11fde40 | Rival | flac → MP3 | 71.9%
[2026-02-23 02:56:35] OK: d8d6c378-81b3-576d-b0ef-334b6bce6c75 | Serenata | flac → MP3 | 61.3%
[2026-02-23 02:56:38] OK: f982cd98-bfe3-514f-aadc-ea9cf934a5c7 | Los granaderos de San Martin | flac → MP3 | 70.4%
[2026-02-23 02:56:39] OK: bac31b2b-e471-59f3-99aa-f1ca7055e992 | Milongon | flac → MP3 | 82.1%
[2026-02-23 02:56:41] OK: b3b65b9d-a444-5b05-bf75-0944798414ca | "El chino Pantaleon" | flac → MP3 | 68.7%
[2026-02-23 02:56:44] OK: b3083af6-8aa5-5844-a135-44e762cff5c9 | La princesa esta triste | flac → MP3 | 67.8%
[2026-02-23 02:56:48] OK: 3a710d2e-9346-5f46-9d9a-1957abc9de64 | Damisela encantadora | flac → MP3 | 73.0%
[2026-02-23 02:56:48] OK: b27690b7-fc0b-5a1b-849e-894d03bcc721 | Gota de lluvia | flac → MP3 | 70.5%
[2026-02-23 02:56:53] OK: 6f83f970-473b-596d-b3fa-e610e948a1af | Milongon | flac → MP3 | 70.6%
[2026-02-23 02:56:54] OK: 15a0678c-b343-58fe-bccf-220afdf883df | Dos Rosas Para Ti | flac → MP3 | 70.8%
[2026-02-23 02:56:54] OK: 6b26a650-ed15-5399-a775-d22d850c5157 | Ti pi tin | flac → MP3 | 70.4%
[2026-02-23 02:56:55] OK: 08e271cc-bd09-57a3-86a2-7196596438e8 | El dia que te fuiste | flac → MP3 | 67.9%
[2026-02-23 02:56:58] OK: 6a616439-8b1a-555e-a324-11e0d80438b5 | Azabache | flac → MP3 | 61.0%
[2026-02-23 02:57:03] OK: 13e8fa24-ceac-52b8-b580-c39cedd48cdb | Buenos Aires | flac → MP3 | 70.6%
[2026-02-23 02:57:07] OK: 2fb05eaa-7a96-50d5-8857-f31307b47aa0 | Eramos tres | flac → MP3 | 71.9%
[2026-02-23 02:57:08] OK: fc2a6dc0-6745-5e1f-9a79-30030cb5fdda | Sone con un amor | flac → MP3 | 70.1%
[2026-02-23 02:57:09] OK: 0cc2efab-ab68-5d69-b7be-26189cf60cad | Damisela Encantadora | flac → MP3 | 65.5%
[2026-02-23 02:57:12] OK: 4620c9c5-4fd7-5360-8400-b2fe0c1e87d1 | Mi reflexion | flac → MP3 | 72.1%
[2026-02-23 02:57:13] OK: 2554247f-d3a3-531c-bd10-913fee380a0f | No cantes ese tango | flac → MP3 | 69.5%
[2026-02-23 02:57:19] OK: 298540d8-8d70-5602-90d9-faa54256b82d | Argentina | flac → MP3 | 69.3%
[2026-02-23 02:57:19] OK: 54850ea4-579a-5f90-820a-04d71de65c21 | Intimas | flac → MP3 | 73.6%
[2026-02-23 02:57:21] OK: e3dce575-560a-563c-9646-ce81a85681b7 | Mi camino | flac → MP3 | 72.1%
[2026-02-23 02:57:21] OK: f3e05dfb-8fb8-5d78-9565-d8ad2d2822a1 | Amor que se hace Ilanto | flac → MP3 | 69.9%
[2026-02-23 02:57:27] OK: 0bca4996-2d3c-58dc-b142-531ab5c4d031 | Muchachita del campo | flac → MP3 | 69.2%
[2026-02-23 02:57:29] OK: 181f6f67-a197-58bf-8ab9-9d15d3928e2e | Son cosas del bandoneon | flac → MP3 | 68.1%
[2026-02-23 02:57:31] OK: 584e7ba4-d79b-54ef-b6b6-70ea45de7e4b | No me pidas la "Exclusiva" | flac → MP3 | 72.8%
[2026-02-23 02:57:36] OK: 464f3786-1a7f-52e7-8643-8eddb8b6ee33 | A mi que me importa | flac → MP3 | 67.8%
[2026-02-23 02:57:36] OK: 22ada21e-7976-5398-ab7b-4bb900c089d6 | Sorbos Amargos | flac → MP3 | 70.0%
[2026-02-23 02:57:36] OK: 88c60e99-2599-5ae9-bb37-db2b4f249da3 | Valse de la fisarmonica | flac → MP3 | 70.9%
[2026-02-23 02:57:38] OK: affe95fb-96d2-5f9e-b82b-32a8f5e5814c | Amargor | flac → MP3 | 66.3%
[2026-02-23 02:57:41] OK: 836ff30f-29f4-5265-8b12-b0fe9a5b1689 | Se Te Dio Vuelta La Taba | flac → MP3 | 70.5%
[2026-02-23 02:57:46] OK: d2888f22-e263-52b4-97aa-3b8b7e099785 | Monotonia (needs eq) | flac → MP3 | 73.5%
[2026-02-23 02:57:47] OK: f9bf7afe-614f-55a2-945a-65fef0830985 | Dime que si | flac → MP3 | 68.0%
[2026-02-23 02:57:51] OK: 68434cda-a345-5978-988d-58d4d06276c6 | Esclavo | flac → MP3 | 71.9%
[2026-02-23 02:59:48] ERROR: 42ceea24-661d-50fa-8cf2-1ce0d5071fda - Upload failed: Command '['az', 'storage', 'blob', 'upload', '--account-name', 'nttt', '--container-name', 'v20', '--name', '42ceea24-661d-50fa-8cf2-1ce0d5071fda.mp3', '--file', '/var/folders/r4/_tc4gnds7yd7prk90mkrv
[2026-02-23 02:59:48] WARN: f0fa3f8d-742a-5656-848f-a967c0fca780 - Backup failed: Command '['az', 'storage', 'blob', 'upload', '--account-name', 'nttt', '--container-name', 'v20-originals', '--name', 'f0fa3f8d-742a-5656-848f-a967c0fca780.original', '--file', '/var/folders/r4/_tc4gn
[2026-02-23 02:59:48] ERROR: 60ff420c-be86-5273-b3fc-19e1d65e3f9e - Upload failed: Command '['az', 'storage', 'blob', 'upload', '--account-name', 'nttt', '--container-name', 'v20', '--name', '60ff420c-be86-5273-b3fc-19e1d65e3f9e.mp3', '--file', '/var/folders/r4/_tc4gnds7yd7prk90mkrv
[2026-02-23 02:59:52] WARN: 948a6342-6a2e-50ce-91a2-89a63bb51fe1 - Backup failed: Command '['az', 'storage', 'blob', 'upload', '--account-name', 'nttt', '--container-name', 'v20-originals', '--name', '948a6342-6a2e-50ce-91a2-89a63bb51fe1.original', '--file', '/var/folders/r4/_tc4gn
[2026-02-23 02:59:52] ERROR: 70c73619-50cc-5594-ab30-3f9a29e6d1de - Upload failed: Command '['az', 'storage', 'blob', 'upload', '--account-name', 'nttt', '--container-name', 'v20', '--name', '70c73619-50cc-5594-ab30-3f9a29e6d1de.mp3', '--file', '/var/folders/r4/_tc4gnds7yd7prk90mkrv
[2026-02-23 03:01:03] OK: 948a6342-6a2e-50ce-91a2-89a63bb51fe1 | Llanto | flac → MP3 | 68.8%
[2026-02-23 03:01:05] OK: f0fa3f8d-742a-5656-848f-a967c0fca780 | Las cuarenta | flac → MP3 | 70.9%
[2026-02-23 03:01:14] OK: a247844a-6d34-5732-a8bb-fca5143e673b | Mano a mano | flac → MP3 | 70.5%
[2026-02-23 03:01:16] OK: 32402f7a-8a2a-5f66-a682-9eba0a5798fa | Por la vuelta | flac → MP3 | 71.5%
[2026-02-23 03:01:19] OK: be40a49f-3ae5-5094-9bc0-2974ba149117 | Colo | flac → MP3 | 67.9%
[2026-02-23 03:01:21] OK: 83453f31-ed3c-5e2b-a6b8-8b6529338c9b | Martirio | flac → MP3 | 69.0%
[2026-02-23 03:01:21] OK: 255d48ec-f0da-50a2-b8d9-131425d001ce | Amigos de ayer | flac → MP3 | 67.3%
[2026-02-23 03:01:23] OK: ffd3ea17-4c24-5077-8d5b-0b5d252e5935 | Copa de Ajenjo | flac → MP3 | 69.8%
[2026-02-23 03:01:26] OK: b06f3932-3f1a-5bd1-b315-d2c1c563ae17 | Arrepentido | flac → MP3 | 70.3%
[2026-02-23 03:01:29] OK: 879f6aa8-3738-52bb-8748-8ac9f3ddc99f | Otra vez | flac → MP3 | 72.6%
[2026-02-23 03:01:30] OK: 5d784f61-37ae-54b7-9eb2-87e92c1b579d | Cantando se van las penas | flac → MP3 | 69.5%
[2026-02-23 03:01:37] OK: 67ca6094-cc41-514e-8c2e-a94fb80127eb | El cantar de un tango | flac → MP3 | 69.6%
[2026-02-23 03:01:38] OK: 8db35e08-6941-5833-ae05-5b009dd31c38 | Si yo te contara | flac → MP3 | 70.0%
[2026-02-23 03:01:38] OK: cefef6d3-b26b-51d8-a309-bab9c710ca60 | El Aguacero | flac → MP3 | 71.5%
[2026-02-23 03:01:42] OK: 93278f8f-dfde-5620-9748-660e4625468c | Tiempos Nuevos | flac → MP3 | 68.9%
[2026-02-23 03:01:48] OK: 72f3a811-7aa4-5ad3-b46c-5ff875e93eab | Yo sere como tu quieras | flac → MP3 | 70.8%
[2026-02-23 03:01:48] OK: 9953a828-7ad6-5923-a7f1-aba46f04b7f4 | La goyola | flac → MP3 | 72.4%
[2026-02-23 03:01:49] OK: 635e40d1-643e-55b8-b66c-067975d6232c | Tango amigo | flac → MP3 | 73.0%
[2026-02-23 03:01:52] OK: 0444c08b-0866-58bc-8c02-9a42f3ad3f50 | Sueno De Poeta | flac → MP3 | 69.3%
[2026-02-23 03:01:54] OK: 6ecd8a97-076c-5e4e-8f61-b56eab829520 | Yo naci para querer | flac → MP3 | 71.4%
[2026-02-23 03:02:01] OK: ead06cce-992f-5ddf-bea6-c98dc0fa1a3e | Nostalgias | flac → MP3 | 73.2%
[2026-02-23 03:02:02] OK: 1b0bd674-07d9-51ec-9848-074909c8b6c3 | Mi reflexion | flac → MP3 | 71.7%
[2026-02-23 03:02:03] OK: 5556adbf-2f1b-5742-bf19-390994924a83 | Quiero verte una vez mas | flac → MP3 | 68.2%
[2026-02-23 03:02:04] OK: 12fcf28d-d6c9-59a8-a6df-401b0125d0d4 | Aquel Nocturno | flac → MP3 | 65.4%
[2026-02-23 03:02:05] OK: 74f662f4-a5c6-5737-84cd-1544793a5299 | Renuncio | flac → MP3 | 71.3%
[2026-02-23 03:02:09] OK: 2f3c39c2-e89f-5fcd-aa2d-114298749ac1 | Loco torbellino | flac → MP3 | 67.8%
[2026-02-23 03:02:14] OK: 47d7a601-fb1a-57f9-bf10-55eb313cf640 | Los ojos mas lindos | flac → MP3 | 69.2%
[2026-02-23 03:02:14] OK: 063dfa2e-6231-5543-820f-4e23f3b85497 | Besos de mujer | flac → MP3 | 68.9%
[2026-02-23 03:02:15] OK: e9cada80-6aca-5cc9-8299-d2d496f73804 | La melodia de nuestro adios | flac → MP3 | 69.6%
[2026-02-23 03:02:16] OK: 72a7d088-9bf2-5a32-9828-aa46a96a580c | El dia que yo pueda... | flac → MP3 | 71.1%
[2026-02-23 03:02:17] OK: f368c833-1934-5b09-9e0a-ed25eb51557b | El Irresistible | flac → MP3 | 69.7%
[2026-02-23 03:02:24] OK: 16590969-1453-5a15-930c-2483d0e36e1d | De Sol A Sol | flac → MP3 | 71.0%
[2026-02-23 03:02:25] OK: b67b7fe8-4814-5b32-8503-971f07d78943 | A quien le puede importar | flac → MP3 | 66.4%
[2026-02-23 03:02:29] OK: 3a913960-a369-5abf-8718-2267d57fb9c8 | Desaliento | flac → MP3 | 71.6%
[2026-02-23 03:02:29] OK: f023d892-f826-5c2e-bcc7-020b1f36c7e3 | Corazon no llores mas | flac → MP3 | 71.7%
[2026-02-23 03:02:31] OK: 8cf3d608-d4fb-5f50-a9ee-54a12813248c | Galleguita | flac → MP3 | 68.3%
[2026-02-23 03:02:31] OK: 490ea992-051c-5166-a737-36e8a3e9b964 | Mosterio | flac → MP3 | 69.9%
[2026-02-23 03:02:39] OK: d8522c91-c78f-5592-be7b-775342951912 | Mala Suerte | flac → MP3 | 71.8%
[2026-02-23 03:02:40] OK: f9d9ff64-584a-501d-95d1-005a9139dda8 | Que nadie se entere (needs eq) | flac → MP3 | 73.6%
[2026-02-23 03:02:40] OK: 89fd5b39-8516-5e9f-9dab-79c3af4fae28 | Hay que aclarar | flac → MP3 | 67.6%
[2026-02-23 03:02:41] OK: 4ac3e43f-d449-5b11-86e7-ae57a01ed996 | Viejas alegrias | flac → MP3 | 71.6%
[2026-02-23 03:02:46] OK: 696d8b28-7b7e-58df-af4f-6d509f4eb451 | Se Fue Sin Decir Adios | flac → MP3 | 70.4%
[2026-02-23 03:02:47] OK: 56ca92d1-e7f0-5f74-b3d4-60aa36fa40ed | El cornetin del tranvia | flac → MP3 | 64.1%
[2026-02-23 03:02:52] OK: 00747753-386f-5caf-84ce-288b40e08c38 | Tormenta | flac → MP3 | 68.9%
[2026-02-23 03:02:54] OK: ccae7bdb-5a83-5efc-9175-c272f9bf8213 | Vendras alguna vez? | flac → MP3 | 70.2%
[2026-02-23 03:02:56] OK: b83f8384-7c7d-5daa-b68e-3545831f916c | Negro lindo | flac → MP3 | 72.9%
[2026-02-23 03:02:57] OK: 893d1d52-8653-548d-a53d-0698704a5877 | Munequita | flac → MP3 | 71.4%
[2026-02-23 03:02:57] OK: 69b29923-d5c1-59d0-8940-9f919260c652 | Demasiado tarde | flac → MP3 | 68.9%
[2026-02-23 03:04:55] WARN: b80ea5d0-962c-59aa-9d42-1d796f3037df - Backup failed: Command '['az', 'storage', 'blob', 'upload', '--account-name', 'nttt', '--container-name', 'v20-originals', '--name', 'b80ea5d0-962c-59aa-9d42-1d796f3037df.original', '--file', '/var/folders/r4/_tc4gn
[2026-02-23 03:04:57] WARN: 7e56dbe7-d937-5d7a-a764-29ff01c41be7 - Backup failed: Command '['az', 'storage', 'blob', 'upload', '--account-name', 'nttt', '--container-name', 'v20-originals', '--name', '7e56dbe7-d937-5d7a-a764-29ff01c41be7.original', '--file', '/var/folders/r4/_tc4gn
[2026-02-23 03:04:57] ERROR: 54307ec6-aeda-5bd7-8cff-adfce954ba6a - Upload failed: Command '['az', 'storage', 'blob', 'upload', '--account-name', 'nttt', '--container-name', 'v20', '--name', '54307ec6-aeda-5bd7-8cff-adfce954ba6a.mp3', '--file', '/var/folders/r4/_tc4gnds7yd7prk90mkrv
[2026-02-23 03:04:58] WARN: d1dc6b1f-0526-5036-8f53-100cd2c5a7d9 - Backup failed: Command '['az', 'storage', 'blob', 'upload', '--account-name', 'nttt', '--container-name', 'v20-originals', '--name', 'd1dc6b1f-0526-5036-8f53-100cd2c5a7d9.original', '--file', '/var/folders/r4/_tc4gn
[2026-02-23 03:04:58] WARN: fd13d6fd-5aa4-5fd7-8175-08dfc6354232 - Backup failed: Command '['az', 'storage', 'blob', 'upload', '--account-name', 'nttt', '--container-name', 'v20-originals', '--name', 'fd13d6fd-5aa4-5fd7-8175-08dfc6354232.original', '--file', '/var/folders/r4/_tc4gn
[2026-02-23 03:06:04] OK: 7e56dbe7-d937-5d7a-a764-29ff01c41be7 | Rincon florido | flac → MP3 | 70.8%
[2026-02-23 03:06:06] OK: b80ea5d0-962c-59aa-9d42-1d796f3037df | Don Juan Malevo | flac → MP3 | 72.1%
[2026-02-23 03:06:07] OK: d1dc6b1f-0526-5036-8f53-100cd2c5a7d9 | Quiero Verte una Vez Mas | flac → MP3 | 65.3%
[2026-02-23 03:06:08] OK: fd13d6fd-5aa4-5fd7-8175-08dfc6354232 | Ya no cantas chingolo | flac → MP3 | 71.2%
[2026-02-23 03:06:17] OK: 2ed438ed-83ed-58af-bcbf-1a9ab055d023 | Golgota | flac → MP3 | 66.9%
[2026-02-23 03:06:19] OK: afb70b10-4da9-5ebe-8029-da8bf5bfaab8 | Riendo | flac → MP3 | 69.4%
[2026-02-23 03:06:23] OK: 813f2702-94bf-5590-9e2b-89f44267262e | Bigotito | flac → MP3 | 70.0%
[2026-02-23 03:06:24] OK: 03dac62f-a106-55f2-a44f-0a68675e9aa7 | Adios Muchachos | flac → MP3 | 62.1%
[2026-02-23 03:06:24] OK: d603720c-21f6-5c6c-8a70-0c7cc0022554 | El embrujo de tu violin | flac → MP3 | 70.1%
[2026-02-23 03:06:29] OK: d2c50d2c-e2b3-5db3-986a-685e15872b93 | Aunque Parezca Mentira | flac → MP3 | 66.4%
[2026-02-23 03:06:29] OK: 296d72ad-fdcb-5f36-b28b-2627c83b2c33 | Adios muchachos | flac → MP3 | 72.6%
[2026-02-23 03:06:31] OK: 61c52706-e901-53b0-a115-1a6686b81832 | Besos de mujer | flac → MP3 | 70.4%
[2026-02-23 03:06:36] OK: 8ce18ed1-8a9a-55fc-8b3e-14739c2e7bae | Nunca Mas | flac → MP3 | 73.7%
[2026-02-23 03:06:37] OK: e2dc6b69-557b-512c-a580-84b12f95c888 | Si soy Asi | flac → MP3 | 67.1%
[2026-02-23 03:06:40] OK: f2d50f78-c2af-506c-8de1-1303f730e938 | No tengo mas que un amor | flac → MP3 | 67.0%
[2026-02-23 03:06:42] OK: 5cde3a9d-97af-599a-a39a-96691ca75eca | Caricias | flac → MP3 | 71.9%
[2026-02-23 03:06:46] OK: 6d2ac9a1-9e8e-549a-b109-58fccf10666f | Dejame con mis penas | flac → MP3 | 67.5%
[2026-02-23 03:06:47] OK: 887f5397-ff87-5291-b5a4-f5c5ce1664eb | Puerta cerrada (Porque!) | flac → MP3 | 71.2%
[2026-02-23 03:06:52] OK: 316af94e-12d4-5f81-be6d-acf8d526f7e5 | Como abrazado a un rencor | flac → MP3 | 70.9%
[2026-02-23 03:06:52] OK: d3b2aa50-a4cd-5b62-8189-013cfd2f731a | El cornetin del tranvia | flac → MP3 | 73.0%
[2026-02-23 03:06:53] OK: 7b06d927-4bfb-5f4d-a7df-8a0b4ef63aa0 | Callecita de mi novia | flac → MP3 | 68.6%
[2026-02-23 03:06:58] OK: 5225c11b-2198-50f0-9ff2-5fbcfab0ed43 | Violino Tzigano (Violin gitano) | flac → MP3 | 70.5%
[2026-02-23 03:07:03] OK: e6674e22-1dbc-512d-8ba0-c734c5a27055 | Quien Hubiera Dicho | flac → MP3 | 66.5%
[2026-02-23 03:07:04] OK: c3bc872e-7f48-5881-985f-d3df3fbb0e92 | La cancion del estudiante | flac → MP3 | 67.2%
[2026-02-23 03:07:04] OK: bbbce237-88a6-5898-8508-b151a21737e7 | Llevame En Tus Alas | flac → MP3 | 67.6%
[2026-02-23 03:07:05] OK: 6f371d21-6129-5e50-90e5-27f2b516e9c0 | Yo naci para querer | flac → MP3 | 69.0%
[2026-02-23 03:07:07] OK: ea40cf54-352c-5d3c-a1fc-c6809065b06b | Passa L'amore (pasa el amor) | flac → MP3 | 70.9%
[2026-02-23 03:07:14] OK: 5bf2331a-2662-58f6-8fff-08cad7d09d25 | A toda vela | flac → MP3 | 71.9%
[2026-02-23 03:07:15] OK: fc120159-9975-56da-9319-2276861cbc5a | Puerto nuevo | flac → MP3 | 59.6%
[2026-02-23 03:07:16] OK: f615b684-aa06-5daf-87b5-244fb1b1a5ef | Cuando llora el corazon | flac → MP3 | 70.6%
[2026-02-23 03:07:20] OK: d5158053-cd91-520f-9e75-ecda9030e8da | Pa'que te acordes | flac → MP3 | 70.6%
[2026-02-23 03:07:21] OK: e2630d20-42ac-5d2d-a429-2da6c70747cd | Dale Celos | flac → MP3 | 70.1%
[2026-02-23 03:07:21] OK: 9c280329-bdd3-5ffa-8573-3764d06e7ad3 | Que linda es la vida | flac → MP3 | 71.4%
[2026-02-23 03:07:28] OK: b2983523-71ef-504d-a7bc-823b06216694 | Callejera | flac → MP3 | 67.1%
[2026-02-23 03:07:28] OK: 66c1d245-5860-5b46-a0e0-8c6778493e55 | Siempre viva | flac → MP3 | 69.8%
[2026-02-23 03:07:30] OK: 65e7d36b-2b94-55cc-85c1-fd69c4d9d204 | Malevaje | flac → MP3 | 71.6%
[2026-02-23 03:07:31] OK: 7820ac8f-262f-5124-9a4e-73cd3f32cf92 | Alma En Pena | flac → MP3 | 69.5%
[2026-02-23 03:07:36] OK: 3fe22567-93e8-5c3a-8260-e6610aeff413 | Guadana | flac → MP3 | 69.1%
[2026-02-23 03:07:37] OK: 222d2c2e-5c67-52ba-84e7-5df24df85f30 | Mi Provinciana | flac → MP3 | 67.3%
[2026-02-23 03:07:42] OK: d3cffeca-ada7-572d-8ce2-2db8559ceae6 | Moneda corriente | flac → MP3 | 70.7%
[2026-02-23 03:07:42] OK: 942c02ec-4300-5f17-b1e6-1532bfc014aa | Puro cuento | flac → MP3 | 68.8%
[2026-02-23 03:07:43] OK: 159e60f9-9bb0-5f61-806a-bba7a8bc18d3 | Puro Cuento | flac → MP3 | 66.4%
[2026-02-23 03:07:48] OK: 978935a5-7479-50b4-a7a1-f324d52dc58c | Andate Con La Otra | flac → MP3 | 73.2%
[2026-02-23 03:07:48] OK: 16f8944e-8dfa-5fc7-948f-15f6ac9b422d | Donde estas corazon | flac → MP3 | 70.6%
[2026-02-23 03:07:54] OK: 7f1e69b1-eec4-5189-b695-42e07a21aeb9 | El Baqueano | flac → MP3 | 74.0%
[2026-02-23 03:07:54] OK: e4ac8206-a60a-5019-958e-4f93a7c99b78 | Cuando bronca el temporal | flac → MP3 | 71.1%
[2026-02-23 03:07:55] OK: df9695b0-4f8d-579f-8cd2-c6fee40aa561 | Palermo | flac → MP3 | 65.5%
[2026-02-23 03:08:00] OK: f628a8ea-e54e-5020-aa24-8377a636c9bb | San Telmo | flac → MP3 | 56.5%
[2026-02-23 03:09:56] ERROR: 3f38d41e-10d8-5cfc-a4dc-ba8bd2b2961f - Upload failed: Command '['az', 'storage', 'blob', 'upload', '--account-name', 'nttt', '--container-name', 'v20', '--name', '3f38d41e-10d8-5cfc-a4dc-ba8bd2b2961f.mp3', '--file', '/var/folders/r4/_tc4gnds7yd7prk90mkrv
[2026-02-23 03:09:56] WARN: d81831db-dc59-5b15-bdac-8220ff7c51aa - Backup failed: Command '['az', 'storage', 'blob', 'upload', '--account-name', 'nttt', '--container-name', 'v20-originals', '--name', 'd81831db-dc59-5b15-bdac-8220ff7c51aa.original', '--file', '/var/folders/r4/_tc4gn
[2026-02-23 03:10:00] ERROR: 7c67fca1-23e3-5fe5-b84a-a5894f99bf8c - Upload failed: Command '['az', 'storage', 'blob', 'upload', '--account-name', 'nttt', '--container-name', 'v20', '--name', '7c67fca1-23e3-5fe5-b84a-a5894f99bf8c.mp3', '--file', '/var/folders/r4/_tc4gnds7yd7prk90mkrv
[2026-02-23 03:10:00] WARN: 3c1b2834-4089-5383-8602-543b05183905 - Backup failed: Command '['az', 'storage', 'blob', 'upload', '--account-name', 'nttt', '--container-name', 'v20-originals', '--name', '3c1b2834-4089-5383-8602-543b05183905.original', '--file', '/var/folders/r4/_tc4gn
[2026-02-23 03:10:02] ERROR: 0b96b75c-91b0-57b1-887a-a59dcb07a8b8 - Upload failed: Command '['az', 'storage', 'blob', 'upload', '--account-name', 'nttt', '--container-name', 'v20', '--name', '0b96b75c-91b0-57b1-887a-a59dcb07a8b8.mp3', '--file', '/var/folders/r4/_tc4gnds7yd7prk90mkrv
[2026-02-23 03:11:07] OK: d81831db-dc59-5b15-bdac-8220ff7c51aa | La refalada | flac → MP3 | 73.0%
[2026-02-23 03:11:10] OK: 3c1b2834-4089-5383-8602-543b05183905 | Hambre | flac → MP3 | 67.2%
[2026-02-23 03:11:12] OK: 02d594e7-d99a-5bfd-abfe-651fdbbbda8f | Minguelito | flac → MP3 | 70.1%
[2026-02-23 03:11:20] OK: 9b57e94b-a64b-538d-b4bd-bc0d616a8849 | Munequita de cristal | flac → MP3 | 70.6%
[2026-02-23 03:11:21] OK: 273c445a-7620-5269-81e2-a49b243a8287 | Noctambulo | flac → MP3 | 73.6%
[2026-02-23 03:11:21] OK: 759f8d49-8b8e-5465-bb75-875da9632a10 | Fuelle Amigo | flac → MP3 | 70.9%
[2026-02-23 03:11:23] OK: f86d3f38-5044-5001-af24-72b798dfc5ba | La mazorca | flac → MP3 | 71.6%
[2026-02-23 03:11:24] OK: c2105912-d43c-5e1e-af8d-7cda938d3f65 | El Motivo | flac → MP3 | 72.1%
[2026-02-23 03:11:28] OK: a19eab3c-ac3e-5783-a1b2-d52dd60cf8f4 | Mariposa | flac → MP3 | 64.2%
[2026-02-23 03:11:34] OK: 3703f1f6-16ad-5b9e-91fe-62476f9e7461 | Saca Chispas | flac → MP3 | 62.3%
[2026-02-23 03:11:36] OK: bcc300b9-e749-527e-8fa8-270a8f440cd3 | Sin tacha | flac → MP3 | 70.8%
[2026-02-23 03:11:37] OK: b355256f-9c97-5da3-b919-e8cadfdbfcb3 | Carbonada Criolla | flac → MP3 | 74.2%
[2026-02-23 03:11:39] OK: 07c8dec8-bf07-51a3-bd00-72bcf156d44a | Lamento reo | flac → MP3 | 73.0%
[2026-02-23 03:11:41] OK: 08de63aa-65a4-549f-9ef6-c263cae4a718 | Mi Churrasca | flac → MP3 | 74.5%
[2026-02-23 03:11:46] OK: c7cea15f-ff6c-531f-882d-ac8c72a09667 | Anibal Troilo | flac → MP3 | 74.0%
[2026-02-23 03:11:49] OK: a1fbdccc-20f9-57d1-b32e-c10fb8507b80 | Criolla Linda | flac → MP3 | 65.2%
[2026-02-23 03:11:52] OK: 2c820cbc-fba6-50cf-b5e0-e95c91b356aa | Filigrama | flac → MP3 | 75.1%
[2026-02-23 03:11:53] OK: 449f2a46-ce1c-5042-8dea-d6cc728130b2 | Buen Amigo | flac → MP3 | 74.7%
[2026-02-23 03:11:56] OK: 2df595ae-e64e-5346-b5bd-2ae97250fcf7 | Un Poema | flac → MP3 | 74.3%
[2026-02-23 03:11:57] OK: 45d09fbc-4cf4-5cca-821b-68833a09c29e | De Rompe y Raja | flac → MP3 | 74.4%
[2026-02-23 03:12:02] OK: 3dacc19c-7c36-5161-8e3e-e8fcadde6dbc | Puro Apronte | flac → MP3 | 64.0%
[2026-02-23 03:12:03] OK: 3b54f852-214e-5032-a955-0455f02c9c80 | Sueno Azul | flac → MP3 | 71.8%
[2026-02-23 03:12:04] OK: ed98e12e-f873-5002-9ea6-1a3049e64823 | Milonga Gris | flac → MP3 | 62.6%
[2026-02-23 03:12:09] OK: d5ce8577-0999-5751-b407-90b06f6a5aa5 | Boedo | flac → MP3 | 72.9%
[2026-02-23 03:12:10] OK: 82d25333-020f-5eb4-b1a6-4e75f43f6eb0 | Un Copetin | flac → MP3 | 74.7%
[2026-02-23 03:12:11] OK: 9d8313e2-aa33-5253-a1dd-3c7778b669bd | Coraje | flac → MP3 | 66.4%
[2026-02-23 03:12:17] OK: cd13d75b-2f24-59cb-bfeb-68a573f2ade9 | Alla en el Cielo | flac → MP3 | 64.9%
[2026-02-23 03:12:17] OK: ca9ceaa1-8bbd-54ba-9f0e-0bb9b1b1ffec | La Rayuela | flac → MP3 | 71.8%
[2026-02-23 03:12:21] OK: 925d138f-4947-5bd3-b678-c0d1b29d9ba2 | Ojos Negros | flac → MP3 | 68.4%
[2026-02-23 03:12:22] OK: 794e52cb-ea14-58c8-b9a3-278990947290 | Puro Apronte | flac → MP3 | 73.1%
[2026-02-23 03:12:23] OK: c85ee8af-65b2-5eb3-904a-dabd1dd5f34d | El entrerriano | flac → MP3 | 72.3%
[2026-02-23 03:12:31] OK: 8bec4c91-d3a1-50bd-9503-87b4afd6fdf8 | Copacabana | flac → MP3 | 66.8%
[2026-02-23 03:12:31] OK: f7e3d45c-dc99-5e7c-83f7-9d06c5ad3050 | Cielito lindo | flac → MP3 | 73.6%
[2026-02-23 03:12:37] OK: dc3406f1-f294-59a9-945f-b8ae94deccad | Mi Tormento | flac → MP3 | 74.6%
[2026-02-23 03:12:38] OK: dca874f6-37bd-5ec0-9452-e3ce5dde424e | El buey solo | flac → MP3 | 64.4%
[2026-02-23 03:12:39] OK: 199fdd75-cb80-520c-8464-ea7e851174ea | Racing club | flac → MP3 | 73.8%
[2026-02-23 03:12:45] OK: 20230046-3055-5808-8d42-cf127642f2f9 | Copas, amigos y besos | flac → MP3 | 70.9%
[2026-02-23 03:12:49] OK: e91e6048-b0cb-5e0f-9ee6-e15d3aa7220e | Aunque no Quieras | flac → MP3 | 74.0%
[2026-02-23 03:12:49] OK: 551d4137-c9c2-5bce-b836-175540abf79a | El estribo | flac → MP3 | 73.7%
[2026-02-23 03:12:49] OK: 7342e745-f56b-56f0-9c74-49e371183e5d | Arolas | flac → MP3 | 62.4%
[2026-02-23 03:12:50] OK: da62493a-afd6-5ed2-8203-3a8ead88a1df | El irresistible | flac → MP3 | 74.0%
[2026-02-23 03:12:57] OK: 6596325b-a86e-5580-8701-4a5be809aaee | Cuatro palabras | flac → MP3 | 57.8%
[2026-02-23 03:13:02] OK: fa969775-a8f2-5d62-b497-3ebf63e3eee1 | Indiferencia | flac → MP3 | 76.1%
[2026-02-23 03:13:02] OK: 572518e7-cbd7-5b94-a6a9-6fa2171dfe4f | La huella | flac → MP3 | 73.7%
[2026-02-23 03:13:04] OK: 2432b17b-d4b5-5aa9-9f64-f9129521171c | Refasi | flac → MP3 | 73.8%
[2026-02-23 03:13:08] OK: 8cfb9416-16f9-594c-89cd-eaec9f3ad324 | El ultimo adios | flac → MP3 | 59.1%
[2026-02-23 03:13:08] OK: 5ea19951-7229-5304-bb42-8b022c734abe | Trenzas | flac → MP3 | 72.4%
[2026-02-23 03:15:09] WARN: 42285144-b3ab-5c0c-9b5b-669140b2fe90 - Backup failed: Command '['az', 'storage', 'blob', 'upload', '--account-name', 'nttt', '--container-name', 'v20-originals', '--name', '42285144-b3ab-5c0c-9b5b-669140b2fe90.original', '--file', '/var/folders/r4/_tc4gn
[2026-02-23 03:15:09] ERROR: 46373410-c576-5707-96d2-878c88121d11 - Upload failed: Command '['az', 'storage', 'blob', 'upload', '--account-name', 'nttt', '--container-name', 'v20', '--name', '46373410-c576-5707-96d2-878c88121d11.mp3', '--file', '/var/folders/r4/_tc4gnds7yd7prk90mkrv
[2026-02-23 03:15:09] WARN: 8aedf22f-3804-50cc-bda9-fa19bc497f33 - Backup failed: Command '['az', 'storage', 'blob', 'upload', '--account-name', 'nttt', '--container-name', 'v20-originals', '--name', '8aedf22f-3804-50cc-bda9-fa19bc497f33.original', '--file', '/var/folders/r4/_tc4gn
[2026-02-23 03:15:11] ERROR: 0cd7eed8-7580-583c-800a-58643e8badc8 - Upload failed: Command '['az', 'storage', 'blob', 'upload', '--account-name', 'nttt', '--container-name', 'v20', '--name', '0cd7eed8-7580-583c-800a-58643e8badc8.mp3', '--file', '/var/folders/r4/_tc4gnds7yd7prk90mkrv
[2026-02-23 03:15:12] ERROR: b14bdf2a-7f95-5d54-b658-5b673006ff92 - Upload failed: Command '['az', 'storage', 'blob', 'upload', '--account-name', 'nttt', '--container-name', 'v20', '--name', 'b14bdf2a-7f95-5d54-b658-5b673006ff92.mp3', '--file', '/var/folders/r4/_tc4gnds7yd7prk90mkrv
[2026-02-23 03:16:07] OK: 8aedf22f-3804-50cc-bda9-fa19bc497f33 | La cumparsita | flac → MP3 | 69.2%
[2026-02-23 03:16:10] OK: 42285144-b3ab-5c0c-9b5b-669140b2fe90 | Lagrimas y sonrisas | flac → MP3 | 76.8%
[2026-02-23 03:16:16] OK: 7e56a7ac-780b-5a90-abf0-c275ffb71823 | A la gran muneca | flac → MP3 | 75.4%
[2026-02-23 03:16:21] OK: 92f7eb36-d988-544b-85d6-645d042533c7 | La viruta | flac → MP3 | 73.3%
[2026-02-23 03:16:22] OK: 92a0ba12-865b-59c8-98c0-4f607b773db8 | Marcas | flac → MP3 | 72.7%
[2026-02-23 03:16:26] OK: ec8c1d3b-5fd4-5a60-b4c3-9fbe953afa3a | Soledad la de Barracas | flac → MP3 | 75.9%
[2026-02-23 03:16:32] OK: 948c7972-17c5-51e8-a476-3f0a6c3dcaeb | No le digas que la quiero | flac → MP3 | 72.7%
[2026-02-23 03:16:33] OK: b952241b-ad0e-579b-b635-09277c914746 | Ahora no me conoces | flac → MP3 | 74.1%
[2026-02-23 03:16:34] OK: 321806bf-2a0c-54a7-835a-c6edfed3c58d | Belgica | flac → MP3 | 74.3%
[2026-02-23 03:16:39] OK: 94e5c7fd-3927-5cc5-a6da-bbb9784d5439 | El internado | flac → MP3 | 74.3%
[2026-02-23 03:16:40] OK: baf064cf-5312-5d8d-bfb4-ed6e5b095ec3 | La maleva | flac → MP3 | 74.9%
[2026-02-23 03:16:44] OK: 74773ccd-735d-5e5d-b259-5feace8f402e | El yaguaron | flac → MP3 | 72.5%
[2026-02-23 03:16:45] OK: 3023bca7-a8a4-5b66-b887-5e738aadcae3 | La marca de fuego | flac → MP3 | 74.6%
[2026-02-23 03:16:47] OK: cd322161-51e6-5c93-a0d9-b7626f2fae68 | Indiferencia | flac → MP3 | 74.3%
[2026-02-23 03:16:55] OK: 52932aa4-8579-53ea-be76-fb5b0f7a2cbc | Copas, amigos y besos | flac → MP3 | 73.2%
[2026-02-23 03:16:55] OK: 0cf6b67d-4c7d-506a-8a88-801b1c431d21 | Guapo y varon | flac → MP3 | 76.9%
[2026-02-23 03:16:57] OK: 2d7ed373-837a-5bf2-8da1-5b61ab1f69bc | No le digas que la quiero | flac → MP3 | 72.0%
[2026-02-23 03:17:02] OK: 9e5e9395-2944-5a93-a25a-3e86c5dbdaa0 | Ahora no me conoces | flac → MP3 | 75.2%
[2026-02-23 03:17:03] OK: 52f67f1c-4618-54a0-a1ee-0ad0be0f04e3 | Lagrimas y sonrisas | flac → MP3 | 74.7%
[2026-02-23 03:17:10] OK: 446f1de6-4c54-5114-b6ae-d4bfa9f7f6db | Quejas de bandoneon | flac → MP3 | 74.6%
[2026-02-23 03:17:17] OK: 79a4d86c-6cd8-5159-b7a3-ff3ba93cc6ca | El recodo | flac → MP3 | 75.6%
[2026-02-23 03:17:17] OK: 8f335291-e1d4-53e9-9519-9e9e4661a9a1 | Soledad la de Barracas | flac → MP3 | 66.7%
[2026-02-23 03:17:17] OK: 74c45880-8305-5bc3-af71-b8b03a31875f | Campo afuera | flac → MP3 | 78.5%
[2026-02-23 03:17:18] OK: b2555099-7f03-5c89-9747-ea36b96b1394 | Pura clase | flac → MP3 | 73.8%
[2026-02-23 03:17:24] OK: fab84abc-5834-5a2a-ab6c-c13dd39b172f | Mi alondra | flac → MP3 | 75.5%
[2026-02-23 03:17:30] OK: 4200441c-3f54-59e2-9981-b2851b784e72 | Quiero verte una vez mas | flac → MP3 | 77.1%
[2026-02-23 03:17:33] OK: d0eaa14f-91c7-5172-bd2d-911eba98440c | Como en un Cuento | flac → MP3 | 74.7%
[2026-02-23 03:17:34] OK: aa4ac127-fa4b-5df5-9860-35085b385440 | Yuyo verde | flac → MP3 | 74.0%
[2026-02-23 03:17:34] OK: 8a2dc869-cbbb-531d-a678-27b8446f1c7e | Re-fa-si | flac → MP3 | 73.5%
[2026-02-23 03:17:35] OK: 33dc9789-7995-5d98-94c9-8b6e102908a4 | El carrerito | flac → MP3 | 74.1%
[2026-02-23 03:17:46] OK: 7cc6c16e-2363-52b6-8f8a-b32ad582c5bd | Aqui en la tierra | flac → MP3 | 75.6%
[2026-02-23 03:17:46] OK: c8e45f25-3c20-50c5-893b-a75de40467ee | Solamente Dios y yo | flac → MP3 | 73.9%
[2026-02-23 03:17:47] OK: 2c53cee2-7a8f-5c09-8541-e7ddf3879ce0 | Mi vida en tus manos | flac → MP3 | 75.6%
[2026-02-23 03:17:48] OK: 524845cf-5af6-5e3a-a652-f11ccecfaddf | Andrajos | flac → MP3 | 73.7%
[2026-02-23 03:17:48] OK: c75c2668-6963-5721-80d5-9582972ed5a0 | Oh mama mia | flac → MP3 | 74.3%
[2026-02-23 03:17:54] OK: 490ae206-dc3b-520e-ac46-9870bcfbd83d | Venus | flac → MP3 | 73.6%
[2026-02-23 03:18:00] OK: f8499952-1627-55b0-ac1e-e0e2d57aa330 | Esperame en el cielo | flac → MP3 | 73.6%
[2026-02-23 03:18:02] OK: e9adbf12-bb73-51c5-a534-fb3aac41ef04 | Bar exposicion | flac → MP3 | 73.9%
[2026-02-23 03:18:05] OK: 9ad3e9c8-e9fc-5b00-892a-551067cbd168 | Ayudame | flac → MP3 | 74.2%
[2026-02-23 03:18:06] OK: 26685b05-cd5c-5adf-a62b-40a9474170ee | Cancion para un carino | flac → MP3 | 73.9%
[2026-02-23 03:18:07] OK: 508fb4e6-bd1e-5d2e-ac90-12e94e6523ee | La cancion | flac → MP3 | 74.5%
[2026-02-23 03:18:07] OK: 9d5a2373-c92a-5c90-b0fb-4acc847fc6a4 | Amor mio | flac → MP3 | 75.3%
[2026-02-23 03:18:16] OK: 9ac7c88c-065b-5770-a673-ac3fde658784 | Sonemos | flac → MP3 | 75.1%
[2026-02-23 03:18:16] OK: 789e94ba-8872-5d15-b255-fdfaf4c35777 | Todo es amor | flac → MP3 | 75.4%
[2026-02-23 03:18:17] OK: bfa96fe7-5037-55b1-b6bf-3bd9250f2d8f | Te burlas tristeza | flac → MP3 | 73.8%
[2026-02-23 03:18:18] OK: ba42542a-5628-5954-9a11-cbf3c0e11668 | Ramona | flac → MP3 | 74.9%
[2026-02-23 03:18:21] OK: 53c43b2b-1076-5680-8e18-a4a46986dc43 | En el lago azul | flac → MP3 | 75.4%
[2026-02-23 03:20:19] WARN: bea89e28-078f-55df-9cc2-be0f49aa2860 - Backup failed: Command '['az', 'storage', 'blob', 'upload', '--account-name', 'nttt', '--container-name', 'v20-originals', '--name', 'bea89e28-078f-55df-9cc2-be0f49aa2860.original', '--file', '/var/folders/r4/_tc4gn
[2026-02-23 03:20:22] WARN: b3e66068-bb9b-5741-9238-a7bce5a6ec21 - Backup failed: Command '['az', 'storage', 'blob', 'upload', '--account-name', 'nttt', '--container-name', 'v20-originals', '--name', 'b3e66068-bb9b-5741-9238-a7bce5a6ec21.original', '--file', '/var/folders/r4/_tc4gn
[2026-02-23 03:20:23] ERROR: 74a643ae-021f-532f-acfb-316cef62c5c5 - Upload failed: Command '['az', 'storage', 'blob', 'upload', '--account-name', 'nttt', '--container-name', 'v20', '--name', '74a643ae-021f-532f-acfb-316cef62c5c5.mp3', '--file', '/var/folders/r4/_tc4gnds7yd7prk90mkrv
[2026-02-23 03:20:23] ERROR: 33117a9b-c517-5d31-8059-9b222065763e - Upload failed: Command '['az', 'storage', 'blob', 'upload', '--account-name', 'nttt', '--container-name', 'v20', '--name', '33117a9b-c517-5d31-8059-9b222065763e.mp3', '--file', '/var/folders/r4/_tc4gnds7yd7prk90mkrv
[2026-02-23 03:20:25] ERROR: 4367af70-03d9-56da-9a51-efa471fc0808 - Upload failed: Command '['az', 'storage', 'blob', 'upload', '--account-name', 'nttt', '--container-name', 'v20', '--name', '4367af70-03d9-56da-9a51-efa471fc0808.mp3', '--file', '/var/folders/r4/_tc4gnds7yd7prk90mkrv
[2026-02-23 03:21:10] OK: b3e66068-bb9b-5741-9238-a7bce5a6ec21 | Por La Huella | flac → MP3 | 68.9%
[2026-02-23 03:21:10] OK: bea89e28-078f-55df-9cc2-be0f49aa2860 | El Ultimo Adios | flac → MP3 | 65.5%
[2026-02-23 03:21:14] OK: 5771a20f-6627-5028-8a4b-d8cb49951f38 | Dichas Que Vivi | flac → MP3 | 67.2%
[2026-02-23 03:21:16] OK: 4db0fb67-d9d3-5196-8a9a-5a9e36df25db | El entrerriano | flac → MP3 | 70.9%
[2026-02-23 03:21:19] OK: 443e9fd3-d7b3-5708-8965-008ed05419a4 | Pajaro herido | flac → MP3 | 69.2%
[2026-02-23 03:21:21] OK: df5f591b-3d28-5f96-b37a-056f11141ff3 | Sera lo mejor | flac → MP3 | 68.8%
[2026-02-23 03:21:21] OK: f4ffc0a0-c0d4-5012-b765-60c73dd34ddd | La Novena | flac → MP3 | 69.1%
[2026-02-23 03:21:25] OK: a27ffe2d-5b51-505e-b767-4d55504037c7 | Queja Indiana | flac → MP3 | 66.7%
[2026-02-23 03:21:26] OK: 3ea327e7-7060-5fc9-89f7-a01a2c2224bc | Pinta orillera | flac → MP3 | 70.7%
[2026-02-23 03:21:30] OK: 9a4123e8-5720-59d4-8e66-43148589ed96 | Callecita de mi barrio | flac → MP3 | 67.2%
[2026-02-23 03:21:31] OK: ccaf151b-f2da-5423-a7aa-c90216c6e6f8 | Catorce primaveras | flac → MP3 | 68.7%
[2026-02-23 03:21:32] OK: 9dc8bb19-bfe0-57fa-b7be-54f35c257ab3 | Racing Club | flac → MP3 | 71.0%
[2026-02-23 03:21:36] OK: eb7991df-fb50-5628-84fb-1b6d73d3cf3d | A la gran muneca | flac → MP3 | 71.5%
[2026-02-23 03:21:37] OK: 54938baa-22a4-5059-b4a5-4133fe9cb66d | Pura Clase | flac → MP3 | 71.4%
[2026-02-23 03:21:38] OK: 3913d9e6-35b2-548e-b5bc-e7ba6eacc05c | Cuando se ha querido mucho | flac → MP3 | 68.3%
[2026-02-23 03:21:41] OK: 3e3e2c69-c65e-5840-8bba-6663b7f244f3 | Cicatrices (uncorrected) | flac → MP3 | 67.5%
[2026-02-23 03:21:42] OK: 113c9b7a-6af1-5099-aa1a-3297453b0ee7 | Una Pena | flac → MP3 | 67.7%
[2026-02-23 03:21:45] OK: df8c3086-6867-568e-bfe0-dd3bb56acf27 | Zaraza | flac → MP3 | 68.4%
[2026-02-23 03:21:46] OK: 3573aa96-234b-5b6d-9df6-5bd701d77c6b | La Chacarera | flac → MP3 | 65.1%
[2026-02-23 03:21:50] OK: 2a888854-339f-5e64-adcc-f3281b2e228c | Golgota | flac → MP3 | 68.8%
[2026-02-23 03:21:51] OK: c061b63d-1740-54a3-8a0f-5be409e2e866 | Serenata Campera | flac → MP3 | 71.1%
[2026-02-23 03:21:52] OK: 04582880-c3d0-52b1-976f-ee9b1e8f0896 | Por un beso de amor | flac → MP3 | 70.0%
[2026-02-23 03:21:56] OK: b1298a3f-c1ac-5998-9d22-4aaa0bd563da | Dejame Amarte Aunque Sea Un Dia | flac → MP3 | 67.7%
[2026-02-23 03:21:56] OK: ace0cca4-876c-5c2d-be14-3db0f74fb2e2 | Quejas de bandoneon | flac → MP3 | 70.1%
[2026-02-23 03:21:58] OK: 32541aea-3213-5f00-9738-d0742d12d938 | La cumparsita | flac → MP3 | 66.6%
[2026-02-23 03:22:05] OK: 9f0a9565-28f2-5fea-b2d6-b41b14b86ea0 | Deja El Mundo Como Esta | flac → MP3 | 68.2%
[2026-02-23 03:22:05] OK: 489e5588-cdf8-56a4-a22c-e6f55f8ced78 | Belgica | flac → MP3 | 70.5%
[2026-02-23 03:22:05] OK: 66ae55a0-0fec-5e6d-a732-7d83240d6751 | El internado | flac → MP3 | 69.3%
[2026-02-23 03:22:06] OK: 5ba0fb3e-a61d-5c7b-83e8-738bd65081a9 | Cuatro palabras | flac → MP3 | 66.3%
[2026-02-23 03:22:06] OK: 9c24d9af-5bcb-5497-bdef-135bd8e5173a | Son Cosas Del Bandoneon | flac → MP3 | 65.5%
[2026-02-23 03:22:14] OK: b84e7cd9-923a-586d-920b-ce16fab97307 | La Copa Del Olvido | flac → MP3 | 69.5%
[2026-02-23 03:22:15] OK: 810583aa-2caa-5988-bddd-6ccc931c24f0 | Bailarina De Tango | flac → MP3 | 70.0%
[2026-02-23 03:22:16] OK: d2fc1921-c175-545f-93d5-166abf537ca7 | Cielo | flac → MP3 | 66.6%
[2026-02-23 03:22:20] OK: 7cb1eb2d-6b5c-595e-bfce-9a7165a7f330 | Sentimiento gaucho | flac → MP3 | 70.5%
[2026-02-23 03:22:21] OK: 36930a49-17ed-5164-816f-b0b4179fe9b0 | Cantando se van las penas | flac → MP3 | 66.1%
[2026-02-23 03:22:21] OK: 7092f544-375f-5241-bc77-22e44cbd731e | Pueblito de provincia | flac → MP3 | 68.7%
[2026-02-23 03:22:26] OK: 8be5d30c-ca99-5a43-a2d9-be95cc84a815 | Re-Fa-Si | flac → MP3 | 70.7%
[2026-02-23 03:22:29] OK: b85a9e45-7d1c-5979-8a5f-7917a6496f1f | Soledad, la de barracas | flac → MP3 | 70.6%
[2026-02-23 03:22:31] OK: dd278a2e-ec4c-5363-a2cc-14deff047686 | Tu melodia | flac → MP3 | 68.8%
[2026-02-23 03:22:33] OK: 1cc5ad4d-5662-5392-bbd3-047283f24337 | Oyendo tu voz | flac → MP3 | 67.6%
[2026-02-23 03:22:34] OK: 8a7bbe2a-30c7-52db-80cf-51201549ce9b | La cumparsita | flac → MP3 | 68.1%
[2026-02-23 03:22:38] OK: b19977f6-7c3f-57d7-a2b1-ebbfcdf30389 | Marcas | flac → MP3 | 64.8%
[2026-02-23 03:22:40] OK: 77655517-1e0e-58e0-b99f-c00863c61b0b | A Mi No Me Interesa | flac → MP3 | 65.0%
[2026-02-23 03:22:41] OK: 63f13e72-eb15-559d-9f22-566fc0cbbf1c | Copas, amigas y besos | flac → MP3 | 63.5%
[2026-02-23 03:22:44] OK: 315f01d4-4c36-522f-9a00-7f1eb1e8b1d0 | El estribo | flac → MP3 | 69.4%
[2026-02-23 03:22:45] OK: 3c56858c-c494-5b2d-bc07-04bffe6aacc9 | Griseta | flac → MP3 | 68.8%
[2026-02-23 03:22:45] OK: fb93f482-68be-5cb7-993e-523b1440a8b6 | El irresistible | flac → MP3 | 70.0%
[2026-02-23 03:24:46] WARN: 80c57399-a245-5c96-82a4-431efc8c6e32 - Backup failed: Command '['az', 'storage', 'blob', 'upload', '--account-name', 'nttt', '--container-name', 'v20-originals', '--name', '80c57399-a245-5c96-82a4-431efc8c6e32.original', '--file', '/var/folders/r4/_tc4gn
[2026-02-23 03:24:46] WARN: 61166c48-41cf-52a2-8b17-ef0f02c75990 - Backup failed: Command '['az', 'storage', 'blob', 'upload', '--account-name', 'nttt', '--container-name', 'v20-originals', '--name', '61166c48-41cf-52a2-8b17-ef0f02c75990.original', '--file', '/var/folders/r4/_tc4gn
[2026-02-23 03:24:48] ERROR: e044c301-b04d-5c58-890e-f6bbb9f474bd - Upload failed: Command '['az', 'storage', 'blob', 'upload', '--account-name', 'nttt', '--container-name', 'v20', '--name', 'e044c301-b04d-5c58-890e-f6bbb9f474bd.mp3', '--file', '/var/folders/r4/_tc4gnds7yd7prk90mkrv
[2026-02-23 03:24:48] ERROR: 58eb0105-7e70-53cd-8b54-f5832b869233 - Upload failed: Command '['az', 'storage', 'blob', 'upload', '--account-name', 'nttt', '--container-name', 'v20', '--name', '58eb0105-7e70-53cd-8b54-f5832b869233.mp3', '--file', '/var/folders/r4/_tc4gnds7yd7prk90mkrv
[2026-02-23 03:24:49] ERROR: 6d897eb2-241b-5d5a-9823-48b29ab6d254 - Upload failed: Command '['az', 'storage', 'blob', 'upload', '--account-name', 'nttt', '--container-name', 'v20', '--name', '6d897eb2-241b-5d5a-9823-48b29ab6d254.mp3', '--file', '/var/folders/r4/_tc4gnds7yd7prk90mkrv
[2026-02-23 03:26:09] OK: 61166c48-41cf-52a2-8b17-ef0f02c75990 | La huella | flac → MP3 | 71.0%
[2026-02-23 03:26:09] OK: 80c57399-a245-5c96-82a4-431efc8c6e32 | Di di | flac → MP3 | 68.7%
[2026-02-23 03:26:12] OK: 6e6dd817-508d-5592-9db2-554ee2b4ec71 | La marca del fuego | flac → MP3 | 70.6%
[2026-02-23 03:26:13] OK: 93fff3cf-69c4-5d75-8012-5ec8245cf8a6 | Alma De Bohemio | flac → MP3 | 70.2%
[2026-02-23 03:26:14] OK: 28e0c468-17b3-5781-9007-cd2626e1c104 | Union Civica | flac → MP3 | 68.0%
[2026-02-23 03:26:19] OK: 2448856a-5e3b-540f-9bc2-e48d99639c43 | Campo Afuera | flac → MP3 | 69.1%
[2026-02-23 03:26:20] OK: de9027f8-4e16-59a4-80b2-5fd403fa3c4f | Calla corazon | flac → MP3 | 67.9%
[2026-02-23 03:26:21] OK: 2d26778c-569d-56dc-b056-874202a16387 | Lo mismo que un tango | flac → MP3 | 69.3%
[2026-02-23 03:26:24] OK: 2737a07b-5af9-588d-a20d-f00efb546e69 | Me quede mirandola | flac → MP3 | 69.7%
[2026-02-23 03:26:26] OK: f34cacb5-7b9c-535c-8f9e-43fac5f85286 | Se va una tarde mas | flac → MP3 | 67.1%
[2026-02-23 03:26:31] OK: f5adfb9f-9b2e-5578-b16e-1609b5ed9ad6 | El aguacero | flac → MP3 | 66.3%
[2026-02-23 03:26:32] OK: 647488ed-af4d-5c25-baf5-6661ec1a66cd | Aroma De Amor | flac → MP3 | 70.8%
[2026-02-23 03:26:33] OK: 898cda3f-fe2b-5544-a751-dbd0b8fd775f | Los mismo que un tango | flac → MP3 | 66.5%
[2026-02-23 03:26:35] OK: 6c6f3e60-e828-5ede-a46c-47aaac9c213d | Torrente | flac → MP3 | 68.9%
[2026-02-23 03:26:40] OK: 63fca2e8-7d40-5dea-a283-d7a39219c7b8 | No encontramos al pasar | flac → MP3 | 65.7%
[2026-02-23 03:26:40] OK: c4bf296c-4a11-5cec-bf17-a29b2b290cfd | Sorbos amargos | flac → MP3 | 68.5%
[2026-02-23 03:26:42] OK: 6c08ab0f-8997-5ab4-876f-7b18b61d2119 | Oriente | flac → MP3 | 68.8%
[2026-02-23 03:26:48] OK: 13412fee-0680-564b-b29b-0d9c4d60e3d7 | Al pasar | flac → MP3 | 66.3%
[2026-02-23 03:26:48] OK: 55690910-fa34-5f27-b00e-62388cd1fee8 | Corazon no le digas a nadie | flac → MP3 | 66.9%
[2026-02-23 03:26:49] OK: 19a6d037-41be-5327-8fc5-836c3a0dee92 | Malena | flac → MP3 | 69.3%
[2026-02-23 03:26:50] OK: ec0fc24a-7b2d-54ba-830d-eaa69e51c7e9 | Estan sonando las ocho | flac → MP3 | 68.5%
[2026-02-23 03:26:53] OK: f71c8ade-ac49-5f85-b8d8-db84bebe6aa6 | Alhucema | flac → MP3 | 72.1%
[2026-02-23 03:26:58] OK: faf777c6-f3d6-52b2-b423-298b3a21d986 | Solamente ella | flac → MP3 | 70.2%
[2026-02-23 03:27:03] OK: 80af6caf-20f4-5e9f-bd7b-34ff65d310de | El aguacero | flac → MP3 | 73.7%
[2026-02-23 03:27:04] OK: 3a09e273-db56-5b2e-832e-bbc462334e2b | Igual que un bandoneon | flac → MP3 | 69.9%
[2026-02-23 03:27:04] OK: 6bce7062-cd25-5f8b-b642-ed700c79f42e | No nos veremos mas | flac → MP3 | 69.7%
[2026-02-23 03:27:04] OK: 156c9608-14b7-5a82-b086-ca38ee656d7d | Igual que un bandoneon | flac → MP3 | 65.5%
[2026-02-23 03:27:09] OK: 35a7b284-65c1-5058-984b-765122d317f5 | No te apures, Carablanca | flac → MP3 | 64.5%
[2026-02-23 03:27:14] OK: 57486221-2783-564f-894f-80a7e4aa3d16 | Pa mi es igual | flac → MP3 | 65.7%
[2026-02-23 03:27:16] OK: 938d88a4-7788-5739-9d40-cd7c73aeff6d | Estan sonando las ocho | flac → MP3 | 68.8%
[2026-02-23 03:27:22] OK: 8b16fed8-3b28-5f12-adeb-16a8a307795f | Torrente | flac → MP3 | 66.2%
[2026-02-23 03:27:22] OK: 1974048d-866a-512a-91aa-31bf6fc32c22 | Malena | flac → MP3 | 67.2%
[2026-02-23 03:27:22] OK: f5421bc0-8766-51c4-9ccd-cf565e7dfd88 | Oriente | flac → MP3 | 72.0%
[2026-02-23 03:27:27] OK: be99c017-b6bc-5937-a636-58c08e4c138c | Se fue | flac → MP3 | 73.7%
[2026-02-23 03:27:31] OK: 32aa7931-db23-5fde-98cf-47b6a3fb83b9 | Al compas de un tango | flac → MP3 | 70.2%
[2026-02-23 03:27:31] OK: 47390347-1fdf-51ee-be03-d6f31b20cac0 | Dos corazones | flac → MP3 | 69.4%
[2026-02-23 03:27:36] OK: 254c5fc4-47db-580f-9f44-3757931acd1e | Se fue | flac → MP3 | 67.2%
[2026-02-23 03:27:38] OK: 4edd10a9-7d56-5fbb-9bfa-d2996f2f8858 | No te apures cara blanca | flac → MP3 | 65.1%
[2026-02-23 03:27:38] OK: d9408328-8347-59c5-a911-a0f4b29f51b4 | Solamente ella | flac → MP3 | 71.5%
[2026-02-23 03:27:40] OK: 1f78d6cd-e006-57e9-a610-050fd72ff8bc | Al pasar | flac → MP3 | 66.6%
[2026-02-23 03:27:43] OK: 82785e57-0a33-573e-8dae-8e53ff0389db | Al pasar | flac → MP3 | 59.0%
[2026-02-23 03:27:46] OK: 2b8281d7-d5e6-5f10-b89b-c4b608b4c547 | Igual que un bandoneon | flac → MP3 | 73.3%
[2026-02-23 03:27:49] OK: c2e544c6-3639-5d46-a412-f240dfbf8f2b | Nos encontramos al pasar | flac → MP3 | 72.1%
[2026-02-23 03:27:50] OK: 0251c664-11ae-5ca5-88e4-4a92bdf69e4a | Riberena | flac → MP3 | 68.9%
[2026-02-23 03:27:56] OK: 4a0e432c-6a20-517c-95d3-7a7442bf3d7a | No te apures cara blanca | flac → MP3 | 64.9%
[2026-02-23 03:27:58] OK: 4cc4fae6-8d2a-5c4c-853d-1a2b7d0b073a | Torrente | flac → MP3 | 65.4%
[2026-02-23 03:28:00] OK: c1830a29-7b03-507a-9a6c-4e5a57ab1475 | Telon | flac → MP3 | 71.8%
[2026-02-23 03:29:58] ERROR: bdb8efdb-d4f3-5c2e-a5c9-6eec8dc4c34b - Upload failed: Command '['az', 'storage', 'blob', 'upload', '--account-name', 'nttt', '--container-name', 'v20', '--name', 'bdb8efdb-d4f3-5c2e-a5c9-6eec8dc4c34b.mp3', '--file', '/var/folders/r4/_tc4gnds7yd7prk90mkrv
[2026-02-23 03:29:59] WARN: 03e81ec3-e93a-545b-ab1c-3962efe63149 - Backup failed: Command '['az', 'storage', 'blob', 'upload', '--account-name', 'nttt', '--container-name', 'v20-originals', '--name', '03e81ec3-e93a-545b-ab1c-3962efe63149.original', '--file', '/var/folders/r4/_tc4gn
[2026-02-23 03:29:59] ERROR: fe4bdd8f-e510-58c4-8365-0962557c7a0e - Upload failed: Command '['az', 'storage', 'blob', 'upload', '--account-name', 'nttt', '--container-name', 'v20', '--name', 'fe4bdd8f-e510-58c4-8365-0962557c7a0e.mp3', '--file', '/var/folders/r4/_tc4gnds7yd7prk90mkrv
[2026-02-23 03:30:01] WARN: 725b89da-3b5f-5357-a569-f7b7ccd25579 - Backup failed: Command '['az', 'storage', 'blob', 'upload', '--account-name', 'nttt', '--container-name', 'v20-originals', '--name', '725b89da-3b5f-5357-a569-f7b7ccd25579.original', '--file', '/var/folders/r4/_tc4gn
[2026-02-23 03:30:02] ERROR: 04c726c9-f7bd-5765-bd54-c12723edf5dc - Upload failed: Command '['az', 'storage', 'blob', 'upload', '--account-name', 'nttt', '--container-name', 'v20', '--name', '04c726c9-f7bd-5765-bd54-c12723edf5dc.mp3', '--file', '/var/folders/r4/_tc4gnds7yd7prk90mkrv
[2026-02-23 03:31:10] OK: 03e81ec3-e93a-545b-ab1c-3962efe63149 | Nos encontramos al pasar | flac → MP3 | 68.1%
[2026-02-23 03:31:10] OK: 725b89da-3b5f-5357-a569-f7b7ccd25579 | Manana zarpa un barco | flac → MP3 | 63.8%
[2026-02-23 03:31:15] OK: 58b61b37-76f5-5f2c-bebb-392b1ab51cf0 | Corazon no le digas a nadie | flac → MP3 | 68.4%
[2026-02-23 03:31:17] OK: b810fedd-c23d-5598-a07d-914679758bb4 | Igual que un bandoneon | flac → MP3 | 67.5%
[2026-02-23 03:31:20] OK: 583c6060-a626-5f6d-9da8-1f018760f2eb | Al compas de un tango | flac → MP3 | 64.2%
[2026-02-23 03:31:23] OK: 5843fac6-6cab-540c-b4ea-8b31fd7bf5e5 | Solamente ella | flac → MP3 | 65.8%
[2026-02-23 03:31:23] OK: ecb22117-bfd3-5da5-a540-bef2d92cfb49 | Se fue | flac → MP3 | 69.5%
[2026-02-23 03:31:28] OK: 3090e1f0-7ccf-5266-ae62-a642ccdcfe7d | Oriente | flac → MP3 | 67.8%
[2026-02-23 03:31:29] OK: c2960033-87fb-5b63-b8c6-8aaab45b3128 | Se fue | flac → MP3 | 69.0%
[2026-02-23 03:31:30] OK: ba380cc0-21fc-52bf-9093-83b888069242 | Malena | flac → MP3 | 66.2%
[2026-02-23 03:31:34] OK: 22d92f02-4272-52ff-a109-58d12fa099fb | Alhucema | flac → MP3 | 66.1%
[2026-02-23 03:31:35] OK: 54587154-aecc-5b68-94ab-8689d7c07091 | Arrabalero | flac → MP3 | 67.5%
[2026-02-23 03:31:36] OK: de3b0216-206a-5d0f-b177-18347ecde0d1 | El aguacero | flac → MP3 | 70.2%
[2026-02-23 03:31:39] OK: 335928ab-8d81-5817-b803-6b9502711dc6 | Retintin | flac → MP3 | 72.0%
[2026-02-23 03:31:40] OK: 191b1aac-8f7d-5688-a552-e76ef2e3c437 | No nos veremos mas | flac → MP3 | 63.0%
[2026-02-23 03:31:45] OK: 7bc6fa73-e914-5557-b72b-18fa7fbbd157 | Zorro Gris | flac → MP3 | 71.8%
[2026-02-23 03:31:46] OK: fc927955-a0f0-5d06-8c9b-4a583d13aec3 | Canaro en Paris | flac → MP3 | 70.9%
[2026-02-23 03:31:48] OK: f5fdde1a-9345-5f07-9424-c7756625a300 | Dos corazones | flac → MP3 | 62.9%
[2026-02-23 03:31:50] OK: 8d8842fd-35a6-5771-8b67-87be3d7fdbae | Manana zarpa un barco | flac → MP3 | 70.7%
[2026-02-23 03:31:52] OK: d85d6142-3289-5789-9b23-28fb4776234f | Al pasar | flac → MP3 | 65.7%
[2026-02-23 03:31:55] OK: ccf91f7b-273d-50a0-b3e2-4db2e6afc017 | Senores, yo soy el centro | flac → MP3 | 67.5%
[2026-02-23 03:32:01] OK: 1e38b3a4-9b69-52cb-9097-c9dd074fbe22 | Ahi va el dulce | flac → MP3 | 70.8%
[2026-02-23 03:32:01] OK: b06e77a7-4516-5c01-926f-fb47bed85931 | Canaro | flac → MP3 | 70.9%
[2026-02-23 03:32:02] OK: fb87a396-5a7f-5827-aa38-93b4e69eda43 | Los Indios | flac → MP3 | 72.7%
[2026-02-23 03:32:02] OK: f03bc433-7b92-5d62-8e38-9ee2be2082ca | Viejita mia | flac → MP3 | 69.0%
[2026-02-23 03:32:08] OK: 95969d5a-10c8-5c92-afdc-f7f98050a324 | Paris | flac → MP3 | 64.1%
[2026-02-23 03:32:08] OK: 0c5352ff-a52d-5d2d-a429-0bdfba8df1cb | Vuelve arrepentida | flac → MP3 | 67.1%
[2026-02-23 03:32:10] WARN: 8cc2e9a0-a347-5a8e-84ba-588c5275727e - Backup failed: ERROR: Server failed to authenticate the request. Please refer to the information in the www-authenticate header.
RequestId:5c8bb497-001e-0076-679e-a46f32000000
Time:2026-02-23T08:32:05.1916017Z
Error
[2026-02-23 03:32:13] OK: 8cc2e9a0-a347-5a8e-84ba-588c5275727e | Compadron | flac → MP3 | 71.0%
[2026-02-23 03:32:14] OK: 975eb474-a7b3-5c1b-8d32-71fe131082a7 | Tanita de la proa | flac → MP3 | 68.7%
[2026-02-23 03:32:14] OK: b5e0c773-dac2-5f42-84fb-86a2c648e1f0 | Milonga criolla (Tango 1927) | flac → MP3 | 74.4%
[2026-02-23 03:32:17] OK: f585c5c5-110d-547e-990b-778122d5a18b | Maton | flac → MP3 | 64.2%
[2026-02-23 03:32:27] OK: 89eb8103-a743-5f9a-adea-5227373f2ffe | Quejas de bandoneon | flac → MP3 | 66.5%
[2026-02-23 03:32:27] OK: 03c81dc0-51ca-5ed8-b742-315449cba33e | El Pollito | flac → MP3 | 74.2%
[2026-02-23 03:32:28] OK: 7d3efca8-cf28-5c80-9557-b63d5b0232c4 | El Triunfo | flac → MP3 | 73.4%
[2026-02-23 03:32:28] OK: 4cdac46e-d90f-5d9c-9332-a80f6cd53d31 | El Chamuyo | flac → MP3 | 71.7%
[2026-02-23 03:32:33] OK: 800f25ab-1281-56ff-a934-41673e1b7259 | A media luz | flac → MP3 | 69.5%
[2026-02-23 03:32:35] OK: 891fc21e-0eb8-5996-b681-9ad6376ce369 | Lunes | flac → MP3 | 69.8%
[2026-02-23 03:32:40] OK: e7aa632c-d84d-5d14-997d-21d96737347e | Seguime Si Podes | flac → MP3 | 54.3%
[2026-02-23 03:32:42] OK: d4df8eeb-cb5e-5b32-a516-2cb637146870 | Calavera viejo | flac → MP3 | 68.2%
[2026-02-23 03:32:46] OK: 143e9cca-41bc-5cce-b62e-df9d3f423282 | La Cumparsita | flac → MP3 | 75.2%
[2026-02-23 03:32:47] OK: 99679dbc-502d-5275-a6dd-9bfeaf1d342e | Organito de la tarde | flac → MP3 | 67.7%
[2026-02-23 03:32:48] OK: 635be198-1a73-57e6-874d-cacd28b50cb5 | De mi rancho | flac → MP3 | 67.5%
[2026-02-23 03:32:48] OK: da22c874-f31a-5868-b1dd-1f74e8e5fea7 | Tierrita | flac → MP3 | 65.3%
[2026-02-23 03:32:54] OK: 09f41ac9-6c8b-5a73-94e8-8080d9b34e40 | Trago Amargo | flac → MP3 | 64.2%
[2026-02-23 03:32:54] OK: 06b93d2c-232b-5119-b90c-cd793423a911 | Besos | flac → MP3 | 66.5%
[2026-02-23 03:32:58] OK: 334f17b1-a18a-5b92-ae51-30a51fb10fba | A la luz del candil | flac → MP3 | 67.8%
[2026-02-23 03:32:59] OK: 887fb6aa-8e8d-5045-97bd-1dc2fa83694b | La ultima copa | flac → MP3 | 64.2%
[2026-02-23 03:34:59] ERROR: d8b4eb55-8138-53d3-93c6-c412eccca893 - Upload failed: Command '['az', 'storage', 'blob', 'upload', '--account-name', 'nttt', '--container-name', 'v20', '--name', 'd8b4eb55-8138-53d3-93c6-c412eccca893.mp3', '--file', '/var/folders/r4/_tc4gnds7yd7prk90mkrv
[2026-02-23 03:34:59] ERROR: e42d8778-6eb5-5ed6-91ed-96a5b62acd72 - Upload failed: Command '['az', 'storage', 'blob', 'upload', '--account-name', 'nttt', '--container-name', 'v20', '--name', 'e42d8778-6eb5-5ed6-91ed-96a5b62acd72.mp3', '--file', '/var/folders/r4/_tc4gnds7yd7prk90mkrv
[2026-02-23 03:35:00] WARN: b9649ab8-a10b-5527-9494-8e724367d604 - Backup failed: Command '['az', 'storage', 'blob', 'upload', '--account-name', 'nttt', '--container-name', 'v20-originals', '--name', 'b9649ab8-a10b-5527-9494-8e724367d604.original', '--file', '/var/folders/r4/_tc4gn
[2026-02-23 03:35:00] WARN: 62c75f2a-0950-53c3-a453-cadbfa3ae725 - Backup failed: Command '['az', 'storage', 'blob', 'upload', '--account-name', 'nttt', '--container-name', 'v20-originals', '--name', '62c75f2a-0950-53c3-a453-cadbfa3ae725.original', '--file', '/var/folders/r4/_tc4gn
[2026-02-23 03:35:02] ERROR: d58f375b-8407-50fe-8049-166c7108a002 - Upload failed: Command '['az', 'storage', 'blob', 'upload', '--account-name', 'nttt', '--container-name', 'v20', '--name', 'd58f375b-8407-50fe-8049-166c7108a002.mp3', '--file', '/var/folders/r4/_tc4gnds7yd7prk90mkrv
[2026-02-23 03:36:09] OK: b9649ab8-a10b-5527-9494-8e724367d604 | Alma de Bohemio | flac → MP3 | 72.3%
[2026-02-23 03:36:10] OK: 62c75f2a-0950-53c3-a453-cadbfa3ae725 | Nobleza de Arrabal | flac → MP3 | 72.4%
[2026-02-23 03:36:18] OK: e13ec55c-c05a-5702-b9b6-d40448aa9bcc | Rodriguez Pena | flac → MP3 | 74.4%
[2026-02-23 03:36:18] OK: 4c2183e9-acfa-5473-8b47-09a66c5df34b | Milonga con variacion | flac → MP3 | 66.1%
[2026-02-23 03:36:21] OK: 28c00871-3962-599c-aefa-9b1118cdd968 | El 16 | flac → MP3 | 73.5%
[2026-02-23 03:36:21] OK: 5b327632-b0c6-542e-8b4c-30d4b4d2734c | Felicia | flac → MP3 | 67.4%
[2026-02-23 03:36:22] OK: 46ca2a72-4e9c-5696-9364-b20d52523ec8 | Don Esteban | flac → MP3 | 74.0%
[2026-02-23 03:36:31] OK: f39854c2-8a33-5b6f-95d8-b8ed6e4e2c8f | Rezongos | flac → MP3 | 68.5%
[2026-02-23 03:36:32] OK: ab6ae895-a82d-5dc7-8b35-93d5985d952e | Chique | flac → MP3 | 67.5%
[2026-02-23 03:36:32] OK: 9d08db10-2181-5f1b-9264-7c2c18accaa5 | El Entrerriano | flac → MP3 | 73.8%
[2026-02-23 03:36:33] OK: b163f968-e7f7-59f4-ac76-32149310176a | Moscosita | flac → MP3 | 71.1%
[2026-02-23 03:36:33] OK: eb866aba-cae4-504f-b643-e82e3c5c8192 | La Tablada | flac → MP3 | 67.2%
[2026-02-23 03:36:43] OK: 1310b41a-154b-5364-a3f0-ed6d7d9d11b7 | Sentimiento gaucho | flac → MP3 | 67.5%
[2026-02-23 03:36:44] OK: e31087cd-9662-5ae2-b894-bd2444c70dd2 | Alma tanguera | flac → MP3 | 66.0%
[2026-02-23 03:36:45] OK: 3063ff2d-489f-5f12-9e55-04e86ebdf119 | Tipo loco | flac → MP3 | 66.2%
[2026-02-23 03:36:48] OK: bcd833e5-f59e-52df-a5f0-e6a2b6eeb795 | Lorenzo | flac → MP3 | 72.2%
[2026-02-23 03:36:51] OK: 553844f7-08c2-5237-9485-bf025c3cf4f2 | Alma de bohemio | flac → MP3 | 70.7%
[2026-02-23 03:36:54] OK: b8c43a44-900d-5bf7-a228-e7101aa16b78 | El Internado | flac → MP3 | 50.7%
[2026-02-23 03:36:54] OK: 8297a778-631d-5056-961f-c59eb79dccbd | 1900 | flac → MP3 | 68.7%
[2026-02-23 03:36:56] OK: 29661530-933b-5f99-9298-6e5ef3921429 | Chola | flac → MP3 | 68.5%
[2026-02-23 03:36:57] OK: db71e657-a39a-5b65-9063-8b99195bc60c | Jaguel | flac → MP3 | 73.3%
[2026-02-23 03:37:02] OK: 875c29ac-489f-5617-81bb-c7169671ca1e | Luces de milonga (Che Cipriano) | flac → MP3 | 72.3%
[2026-02-23 03:37:05] OK: 9b32cdab-fabc-518d-bad4-a23ef184e0b8 | El Arroyito | flac → MP3 | 60.8%
[2026-02-23 03:37:07] OK: 36b6b1b9-519d-5486-8d49-f717075b4360 | Ave sin rumbo | flac → MP3 | 65.6%
[2026-02-23 03:37:09] OK: 51ab3460-ce52-5c41-bde5-24d961d2b0f5 | Inspiracion | flac → MP3 | 69.0%
[2026-02-23 03:37:10] OK: 23c9097d-f39f-568d-9097-c7349807b422 | La Punalada | flac → MP3 | 60.7%
[2026-02-23 03:37:14] OK: 810225ea-7e74-5711-9df6-6f26b8995a12 | Pampa | flac → MP3 | 68.4%
[2026-02-23 03:37:17] OK: 6c6a7696-6f30-5b6e-8583-9cbdc262b582 | Lamento campero | flac → MP3 | 69.9%
[2026-02-23 03:37:21] OK: eb5a5b53-a242-5d17-8140-4283fb581555 | Chinita | flac → MP3 | 71.4%
[2026-02-23 03:37:21] OK: 71aca1d5-828b-5e42-9da8-d4ceb13e93ad | Punto bravo | flac → MP3 | 68.8%
[2026-02-23 03:37:22] OK: 9c0002ef-7b3c-5dab-873e-3bf29ccefa96 | Chola | flac → MP3 | 68.2%
[2026-02-23 03:37:27] OK: 2e25b353-8944-539b-8467-2f2ce82d44d4 | Comparsa criolla | flac → MP3 | 70.0%
[2026-02-23 03:37:29] OK: 3fb574fc-13c8-51f1-bb2e-af9fe0cdf453 | Retirao | flac → MP3 | 72.8%
[2026-02-23 03:37:30] OK: 4d439574-13eb-58f2-92d6-5f898664047c | Pinta Brava | flac → MP3 | 62.4%
[2026-02-23 03:37:33] OK: bd37a51f-77ad-5489-b11b-702f62b4ff2c | Chola | flac → MP3 | 71.0%
[2026-02-23 03:37:34] OK: 30037282-6920-5e80-86ac-a25737aad0e1 | Pinta Brava | flac → MP3 | 71.7%
[2026-02-23 03:37:39] OK: b2173e5c-4dc2-5619-927a-5599f53c6a16 | Canaro | flac → MP3 | 69.7%
[2026-02-23 03:37:44] OK: 6fd884c3-f4e3-5107-ba87-edf6d4e8ff49 | S. O. S. | flac → MP3 | 82.1%
[2026-02-23 03:37:44] OK: fbff4f63-683d-5d9f-9091-0d6e29f63815 | Adios juventud | flac → MP3 | 72.2%
[2026-02-23 03:37:45] OK: 7fbdaa9b-76f9-5896-9248-4a5fd23b18df | Ave sin rumbo | flac → MP3 | 74.0%
[2026-02-23 03:37:45] OK: 963f765b-feae-5fe1-a0b5-45972a689789 | Se Lo Llevaron | flac → MP3 | 61.3%
[2026-02-23 03:37:49] OK: f04c06a5-98aa-53c1-a435-464eb317173d | Olvidao | flac → MP3 | 72.8%
[2026-02-23 03:37:51] OK: 9cbcbe38-1170-5b3b-838b-d8b6b5585497 | Tras carton | flac → MP3 | 70.4%
[2026-02-23 03:37:56] OK: 30146e35-4918-5334-9c44-0375e47d0e4b | El Cabure | flac → MP3 | 55.0%
[2026-02-23 03:37:57] OK: 75af5a96-bbb4-5f7f-a339-cd9402fa9242 | Bandoneon de mis Amores | flac → MP3 | 67.9%
[2026-02-23 03:38:01] OK: ddcc64a1-3112-552c-bd08-2ec7c5b63c0b | Bar exposicion | flac → MP3 | 69.6%
[2026-02-23 03:38:01] OK: 85d82e8c-116a-504b-9de5-224fffcf12eb | La Melodia De Nuestro Adios | flac → MP3 | 62.3%
[2026-02-23 03:39:58] ERROR: 9f2351d3-0c22-5616-9bb1-f5e4b5b3602e - Upload failed: Command '['az', 'storage', 'blob', 'upload', '--account-name', 'nttt', '--container-name', 'v20', '--name', '9f2351d3-0c22-5616-9bb1-f5e4b5b3602e.mp3', '--file', '/var/folders/r4/_tc4gnds7yd7prk90mkrv
[2026-02-23 03:40:01] ERROR: 952b64fe-2bfc-51fc-b5e5-047c36b6d042 - Upload failed: Command '['az', 'storage', 'blob', 'upload', '--account-name', 'nttt', '--container-name', 'v20', '--name', '952b64fe-2bfc-51fc-b5e5-047c36b6d042.mp3', '--file', '/var/folders/r4/_tc4gnds7yd7prk90mkrv
[2026-02-23 03:40:02] WARN: 30fca543-3725-5ef2-a218-0bcfd56ddfcb - Backup failed: Command '['az', 'storage', 'blob', 'upload', '--account-name', 'nttt', '--container-name', 'v20-originals', '--name', '30fca543-3725-5ef2-a218-0bcfd56ddfcb.original', '--file', '/var/folders/r4/_tc4gn
[2026-02-23 03:40:02] WARN: d453c5aa-fb4d-5c6a-b9cb-8b91773de557 - Backup failed: Command '['az', 'storage', 'blob', 'upload', '--account-name', 'nttt', '--container-name', 'v20-originals', '--name', 'd453c5aa-fb4d-5c6a-b9cb-8b91773de557.original', '--file', '/var/folders/r4/_tc4gn
[2026-02-23 03:40:04] ERROR: 020412c8-602a-5bdc-b7d7-3d3351838a6a - Upload failed: Command '['az', 'storage', 'blob', 'upload', '--account-name', 'nttt', '--container-name', 'v20', '--name', '020412c8-602a-5bdc-b7d7-3d3351838a6a.mp3', '--file', '/var/folders/r4/_tc4gnds7yd7prk90mkrv
[2026-02-23 03:41:07] OK: d453c5aa-fb4d-5c6a-b9cb-8b91773de557 | El Pinche | flac → MP3 | 62.6%
[2026-02-23 03:41:11] OK: 30fca543-3725-5ef2-a218-0bcfd56ddfcb | Pura Milonga | flac → MP3 | 61.1%
[2026-02-23 03:41:17] OK: 6bbd778d-c323-5093-8bb6-065315be3621 | Recuerdo pampeano | flac → MP3 | 69.4%
[2026-02-23 03:41:18] OK: 750449b4-1d9e-5420-adb4-bd97b8b319df | Alegria | flac → MP3 | 63.6%
[2026-02-23 03:41:18] OK: f094ca6a-0e07-57d4-b74f-2ab110c8bd99 | Don alvaro | flac → MP3 | 62.8%
[2026-02-23 03:41:22] OK: 5b6f7ea7-4464-5be3-bc03-b8c0a0ba381b | Buen amigo | flac → MP3 | 69.3%
[2026-02-23 03:41:24] OK: f1b3c672-0ae5-51d5-a298-fa09cff7e00d | Hotel Victoria | flac → MP3 | 55.4%
[2026-02-23 03:41:25] OK: aacb7501-9263-55b5-9bfe-464cd0aa5f1c | El gavilan | flac → MP3 | 72.7%
[2026-02-23 03:41:30] OK: 81bf6fcc-4ebb-5125-b6c2-4d230939f75d | Navidad | flac → MP3 | 66.5%
[2026-02-23 03:41:33] OK: 537b7381-296a-569b-9c85-61498699a361 | Quejas del alma | flac → MP3 | 72.6%
[2026-02-23 03:41:36] OK: 53bed827-b827-54fe-8348-0bbd9f8a7984 | El Mareo | flac → MP3 | 65.4%
[2026-02-23 03:41:37] OK: d36a83a0-fb21-57cb-9b4d-d27219a5401d | El Buey Solo | flac → MP3 | 62.9%
[2026-02-23 03:41:39] OK: 90c9b216-47c5-5f9f-9199-4a590f90a654 | Fenomeno | flac → MP3 | 64.6%
[2026-02-23 03:41:44] OK: 1709d4e7-6ef2-5ef7-8752-37c02b44f305 | Ave sin rumbo | flac → MP3 | 83.5%
[2026-02-23 03:41:46] OK: 33962bf0-3516-548d-9d09-d597a4f213ca | Pura Milonga | flac → MP3 | 54.4%
[2026-02-23 03:41:47] OK: 6d47ac71-a8aa-5b15-b05a-2757093c37ae | Quien tuviera 18 anos | flac → MP3 | 68.6%
[2026-02-23 03:41:52] OK: 7d4af270-e0db-5e43-b63b-85413cccc389 | Se lo llevaron | flac → MP3 | 67.3%
[2026-02-23 03:41:53] OK: 2a436b6b-c7af-5abf-8ed6-ba0a4c57419a | Quereme siempre asi | flac → MP3 | 72.2%
[2026-02-23 03:41:54] OK: 4a0f7200-36d7-5016-883d-0e2afa338d34 | Hotel Victoria | flac → MP3 | 65.7%
[2026-02-23 03:41:57] OK: 4a8cb209-03e0-5142-ad5b-40e0bd745629 | Canta corazon | flac → MP3 | 69.9%
[2026-02-23 03:41:58] OK: 663a5ae6-c60a-5b47-8bfe-9350b89c21ad | Sentimiento Gaucho | flac → MP3 | 67.4%
[2026-02-23 03:42:05] OK: b9e21f41-f0a8-5e76-932f-b14a0b570756 | Sube y baja | flac → MP3 | 64.8%
[2026-02-23 03:42:06] OK: 798a220f-c126-5c4d-9e1f-36034ab8b9c7 | Lo que no se olvida | flac → MP3 | 68.1%
[2026-02-23 03:42:07] OK: fdd1901d-b55a-5430-8544-4572584bf9b0 | Decile hermano | flac → MP3 | 69.1%
[2026-02-23 03:42:07] OK: 03093c4b-0076-52c5-94cb-81051be1b0d7 | Pecado Mortal | flac → MP3 | 63.7%
[2026-02-23 03:42:09] OK: 0e43e529-0d86-5058-8adb-7507f97612d8 | Pecado mortal | flac → MP3 | 72.1%
[2026-02-23 03:42:15] OK: 96d40efb-f4fc-5302-a49c-23fd438aba14 | Columbina | flac → MP3 | 65.4%
[2026-02-23 03:42:20] OK: 5e34a039-2a61-5ff1-964d-8bfcb5157e14 | Sube y baja | flac → MP3 | 74.3%
[2026-02-23 03:42:21] OK: 95206c9c-d93a-5cda-8072-9e50c476335a | Bar Exposicion | flac → MP3 | 66.3%
[2026-02-23 03:42:21] OK: 6a14ec29-1d46-520f-90c9-b7b7237b3915 | Milongada | flac → MP3 | 71.1%
[2026-02-23 03:42:21] OK: be7c3b3a-e578-5610-8a39-859d4b465b47 | La Punalada | flac → MP3 | 60.0%
[2026-02-23 03:42:23] OK: 29a707ea-97c0-5432-8006-ef67fdc26295 | El pua | flac → MP3 | 72.3%
[2026-02-23 03:42:31] OK: b06fc832-ee1b-50b2-b895-bfa3e46aa9a0 | Pan duro | flac → MP3 | 65.8%
[2026-02-23 03:42:32] OK: 07fdfddd-8445-55cf-9136-135fffc0341b | Silencio | flac → MP3 | 65.1%
[2026-02-23 03:42:33] OK: d11392a9-fa81-5333-be5a-2d09667cf265 | Quien fuera pibe | flac → MP3 | 71.0%
[2026-02-23 03:42:34] OK: b9f3e3a7-319f-5b4f-ab16-982f8612f336 | Burrero | flac → MP3 | 70.6%
[2026-02-23 03:42:36] OK: 8b5192df-d856-5898-b787-0f6c08a697f7 | Viejo callejon | flac → MP3 | 73.5%
[2026-02-23 03:42:40] OK: cc7bd750-7e3c-5dbc-a0bb-eba773c9ddd4 | Echale sal | flac → MP3 | 65.2%
[2026-02-23 03:42:42] OK: 028d7c7c-4252-5f7b-aafa-f54a6b42a75a | Contramarca | flac → MP3 | 64.6%
[2026-02-23 03:42:44] OK: 539cfed3-9d37-546e-856a-e116cb0be5f2 | Buen Amigo | flac → MP3 | 55.1%
[2026-02-23 03:42:46] OK: 19acdf6f-0c0d-5b9e-a84a-296a0cdfd7a8 | Merza burrera | flac → MP3 | 67.8%
[2026-02-23 03:42:47] OK: 70246c6d-a151-5d36-b3e0-4a33859c6fc1 | Milonga Canyengue | flac → MP3 | 64.8%
[2026-02-23 03:42:53] OK: 61a06193-c3cf-532f-9617-17e1980ebe46 | Pura Milonga | flac → MP3 | 60.5%
[2026-02-23 03:42:54] OK: 0228f651-8f59-5498-94c7-f3b057990b41 | Bajo cuerda | flac → MP3 | 70.7%
[2026-02-23 03:42:55] OK: efb7c9ab-74b3-5c37-8897-dc6bdb1826a7 | Por tu Querer | flac → MP3 | 64.7%
[2026-02-23 03:42:58] OK: afdadb38-76d8-5a29-a778-28b64523b98e | Pimienta | flac → MP3 | 69.1%
[2026-02-23 03:42:59] OK: 03f96a3b-758b-5f5e-b7a2-9cc733d51fa2 | Pan duro | flac → MP3 | 74.5%
[2026-02-23 03:44:59] WARN: 4c3e3b0f-45ef-5cd9-9956-a5e94b51b498 - Backup failed: Command '['az', 'storage', 'blob', 'upload', '--account-name', 'nttt', '--container-name', 'v20-originals', '--name', '4c3e3b0f-45ef-5cd9-9956-a5e94b51b498.original', '--file', '/var/folders/r4/_tc4gn
[2026-02-23 03:45:00] WARN: aabf75b6-cde7-52be-a8ca-784959a0e9c0 - Backup failed: Command '['az', 'storage', 'blob', 'upload', '--account-name', 'nttt', '--container-name', 'v20-originals', '--name', 'aabf75b6-cde7-52be-a8ca-784959a0e9c0.original', '--file', '/var/folders/r4/_tc4gn
[2026-02-23 03:45:01] ERROR: ff921a3f-908f-59ec-b3ab-156da76ef290 - Upload failed: Command '['az', 'storage', 'blob', 'upload', '--account-name', 'nttt', '--container-name', 'v20', '--name', 'ff921a3f-908f-59ec-b3ab-156da76ef290.mp3', '--file', '/var/folders/r4/_tc4gnds7yd7prk90mkrv
[2026-02-23 03:45:04] ERROR: a3848da0-17ae-50bb-a5c0-38c22e619527 - Upload failed: Command '['az', 'storage', 'blob', 'upload', '--account-name', 'nttt', '--container-name', 'v20', '--name', 'a3848da0-17ae-50bb-a5c0-38c22e619527.mp3', '--file', '/var/folders/r4/_tc4gnds7yd7prk90mkrv
[2026-02-23 03:45:04] ERROR: 06845a8f-314f-545c-8d56-080585fc57ea - Upload failed: Command '['az', 'storage', 'blob', 'upload', '--account-name', 'nttt', '--container-name', 'v20', '--name', '06845a8f-314f-545c-8d56-080585fc57ea.mp3', '--file', '/var/folders/r4/_tc4gnds7yd7prk90mkrv
[2026-02-23 03:46:10] OK: 4c3e3b0f-45ef-5cd9-9956-a5e94b51b498 | Sube y Baja | flac → MP3 | 65.7%
[2026-02-23 03:46:11] OK: e11ddf34-6451-5d68-8bff-ae4ac90d8454 | La Maleva | flac → MP3 | 59.8%
[2026-02-23 03:46:11] OK: aabf75b6-cde7-52be-a8ca-784959a0e9c0 | El noveno mandamiento | flac → MP3 | 71.5%
[2026-02-23 03:46:19] OK: 676ed080-d270-5731-bbb7-1f79536e2efc | Confesion | flac → MP3 | 71.8%
[2026-02-23 03:46:20] OK: bf103b0f-8073-589c-9655-a90321776920 | A la luz del lucero | flac → MP3 | 69.6%
[2026-02-23 03:46:22] OK: 00d8c4af-fc14-5d21-9c70-2a827d5ec577 | Malvaloca | flac → MP3 | 71.9%
[2026-02-23 03:46:27] OK: e0992c63-95c7-5cf3-a71f-35d37866b72c | La milonga Retobada | flac → MP3 | 67.0%
[2026-02-23 03:46:28] OK: 7a903628-15d4-512c-838e-8b39ed24b1ee | Olvidao | flac → MP3 | 66.2%
[2026-02-23 03:46:32] OK: 651734c1-7afb-5bde-9dab-bded0691529e | Viaje largo | flac → MP3 | 72.3%
[2026-02-23 03:46:32] OK: 9e3cf96f-94bc-59b8-a407-8725223228e9 | S.O.S. | Condena | flac → MP3 | 66.1%
[2026-02-23 03:46:34] OK: d2524089-6165-5cca-9561-633375f14c69 | Vieja Amiga | flac → MP3 | 67.5%
[2026-02-23 03:46:35] OK: 8fbccb69-1851-5ae1-a63a-571fe1d4f2cb | El Tigre | flac → MP3 | 69.1%
[2026-02-23 03:46:39] OK: 22d66098-0d03-5e00-bdb4-7d40f8657606 | Pura milonga | flac → MP3 | 62.7%
[2026-02-23 03:46:43] OK: a338ba63-8bfe-54e9-af92-c20280216514 | Tiempo Perdido | flac → MP3 | 65.9%
[2026-02-23 03:46:44] OK: d01b3cd0-0164-5ab9-b703-694aa58846fd | El Acomodo | flac → MP3 | 69.1%
[2026-02-23 03:46:45] OK: f4324e55-5099-5bec-821a-f3a04d0e6323 | Pura Milonga | flac → MP3 | 68.2%
[2026-02-23 03:46:48] OK: a27b720f-65ba-5a5d-bf47-99933a404407 | Fiebre | flac → MP3 | 64.9%
[2026-02-23 03:46:49] OK: 370613f9-820c-514d-ae51-da0b44c05ca1 | He visto llorar a un hombre | flac → MP3 | 70.8%
[2026-02-23 03:46:53] OK: e8da4f26-7b82-5b41-addd-1fbad085f81d | El Chamuyo | flac → MP3 | 65.4%
[2026-02-23 03:46:57] OK: db48571e-f87f-5a7e-ac4c-2bd0a634d3d4 | Locuras | flac → MP3 | 74.7%
[2026-02-23 03:46:58] OK: 2c646f95-b052-5c21-b678-2ffa03ba4387 | Noches de Amor | flac → MP3 | 72.7%
[2026-02-23 03:46:59] OK: 05a5c894-923d-5830-b43a-58f3faf446b8 | Como Dos Extranos | flac → MP3 | 68.0%
[2026-02-23 03:47:04] OK: f9b73da5-70f3-5abc-b6b8-6dbf11d6f9fa | Se lo Llevaron | flac → MP3 | 67.8%
[2026-02-23 03:47:04] OK: 125fb885-79d3-5269-93bd-af51d5d364c8 | Fenomeno | flac → MP3 | 70.8%
[2026-02-23 03:47:10] OK: 00ef74cb-495d-5e83-86e8-b4b82155d6c0 | Canillita | flac → MP3 | 68.3%
[2026-02-23 03:47:11] OK: bb587ac0-3c8a-5703-90ea-4400440fa8c1 | Agua Bendita | flac → MP3 | 63.7%
[2026-02-23 03:47:11] OK: 88c59b4e-378f-5c7c-8a7d-e81988a7cec3 | Sin rumbo | flac → MP3 | 63.0%
[2026-02-23 03:47:12] OK: fa6ed775-e920-50dc-aa79-077e6e7b607a | A Mano Limpia | flac → MP3 | 71.1%
[2026-02-23 03:47:18] OK: def7f0df-4a87-5df6-9407-485fa6029896 | Soy muy mala | flac → MP3 | 66.8%
[2026-02-23 03:47:19] OK: 5a79165f-81e8-5a6d-b5e8-b895cad67bb1 | Canaro | flac → MP3 | 52.6%
[2026-02-23 03:47:25] OK: 09179039-c1a4-5b1e-92af-b55455a1a080 | Sube y baja | flac → MP3 | 82.8%
[2026-02-23 03:47:26] OK: 64cff699-ce0f-5de1-ba3f-372b3622e2a9 | Sortilegio | flac → MP3 | 69.4%
[2026-02-23 03:47:27] OK: ce43f7a8-2eb2-5d9b-b255-d0b757ab4fef | Charamusca | flac → MP3 | 70.8%
[2026-02-23 03:47:28] OK: 6029f464-6ace-59df-9e7b-5a751fc2be9b | El buey solo | flac → MP3 | 61.9%
[2026-02-23 03:47:32] OK: bbf2d53a-52dd-542d-9cd1-97c4f472af50 | Charamusca | flac → MP3 | 67.9%
[2026-02-23 03:47:34] OK: a75df66d-25d6-5a76-a7dd-3cc14c6980f4 | Bar exposicion | flac → MP3 | 66.3%
[2026-02-23 03:47:40] OK: cb1fefd9-e558-5523-832a-05ef35977382 | Cancion de olvido | flac → MP3 | 71.0%
[2026-02-23 03:47:41] OK: 58c34775-bb92-5b97-80ff-119eefe44b18 | Por esa mujer de... Carnaval | flac → MP3 | 65.6%
[2026-02-23 03:47:43] OK: edf9f849-a1be-5cde-a344-3476705f8009 | Ciertos Amores | flac → MP3 | 67.7%
[2026-02-23 03:47:46] OK: ea89bb17-9d74-53f2-9dd6-d1edc4686e99 | Punto bravo | flac → MP3 | 68.8%
[2026-02-23 03:47:46] OK: 540fb6a7-7ca2-577f-9714-f11bf7652373 | El esgunfio | flac → MP3 | 71.3%
[2026-02-23 03:47:48] OK: a275ba1f-5051-5bfc-bfc5-058de2d097be | Don Alvaro | flac → MP3 | 63.9%
[2026-02-23 03:47:55] OK: 734834db-1daa-5e32-b4f4-afc6e7f54d3f | Yo quiero a otra mujer | flac → MP3 | 71.5%
[2026-02-23 03:47:56] OK: 4c46af12-fa62-5f95-bb2a-6fb9de7728a2 | Mate Amargo | flac → MP3 | 63.4%
[2026-02-23 03:47:57] OK: 2b5f0f9c-a8ca-5554-9a6d-2ed232311e0b | Pan duro | flac → MP3 | 82.8%
[2026-02-23 03:48:02] OK: 1de43ba0-a19d-590a-8561-33e004ede5ca | Como Pelea De Novios | flac → MP3 | 70.9%
[2026-02-23 03:48:02] OK: c049d7c7-d742-5a90-829c-f83078392763 | Sabado ingles | flac → MP3 | 72.4%
[2026-02-23 03:50:01] ERROR: c01e1f5d-5956-5ca1-b0b1-107903517b2d - Upload failed: Command '['az', 'storage', 'blob', 'upload', '--account-name', 'nttt', '--container-name', 'v20', '--name', 'c01e1f5d-5956-5ca1-b0b1-107903517b2d.mp3', '--file', '/var/folders/r4/_tc4gnds7yd7prk90mkrv
[2026-02-23 03:50:02] WARN: e473ab07-d662-523c-95a1-32ab9bce2e2d - Backup failed: Command '['az', 'storage', 'blob', 'upload', '--account-name', 'nttt', '--container-name', 'v20-originals', '--name', 'e473ab07-d662-523c-95a1-32ab9bce2e2d.original', '--file', '/var/folders/r4/_tc4gn
[2026-02-23 03:50:03] WARN: 9a0a9ba3-ea6d-597d-acc7-b3650354f47d - Backup failed: Command '['az', 'storage', 'blob', 'upload', '--account-name', 'nttt', '--container-name', 'v20-originals', '--name', '9a0a9ba3-ea6d-597d-acc7-b3650354f47d.original', '--file', '/var/folders/r4/_tc4gn
[2026-02-23 03:50:04] ERROR: e50964ef-febc-5402-8497-1f8f4237cd30 - Upload failed: Command '['az', 'storage', 'blob', 'upload', '--account-name', 'nttt', '--container-name', 'v20', '--name', 'e50964ef-febc-5402-8497-1f8f4237cd30.mp3', '--file', '/var/folders/r4/_tc4gnds7yd7prk90mkrv
[2026-02-23 03:50:05] ERROR: 284aff2f-aef4-55df-86da-5579061c1340 - Upload failed: Command '['az', 'storage', 'blob', 'upload', '--account-name', 'nttt', '--container-name', 'v20', '--name', '284aff2f-aef4-55df-86da-5579061c1340.mp3', '--file', '/var/folders/r4/_tc4gnds7yd7prk90mkrv
[2026-02-23 03:51:10] OK: 9a0a9ba3-ea6d-597d-acc7-b3650354f47d | Agua Bendita | flac → MP3 | 63.6%
[2026-02-23 03:51:11] OK: e473ab07-d662-523c-95a1-32ab9bce2e2d | Hacete el oso | flac → MP3 | 69.0%
[2026-02-23 03:51:16] OK: 5b0108df-45a5-5e00-8076-7638b8802fab | La Milonga De Buenos Aires | flac → MP3 | 64.2%
[2026-02-23 03:51:17] OK: 47640b82-5299-544a-b599-75709bba6213 | La Requebrada | flac → MP3 | 65.4%
[2026-02-23 03:51:18] OK: 7b98db32-6ed4-5e8e-9134-5e4758387182 | Milonga Retobada | flac → MP3 | 67.7%
[2026-02-23 03:51:22] OK: d1a91a6d-dd49-5cca-acdf-0f26d737cc9c | En Voz Baja | flac → MP3 | 68.2%
[2026-02-23 03:51:24] OK: 14191e4b-4a89-531d-8dac-28a7a09dc515 | La Vida Se Va | flac → MP3 | 62.3%
[2026-02-23 03:51:27] OK: efb91d0c-ccca-5c44-a96f-776e4b99a490 | Noches de amor | flac → MP3 | 72.3%
[2026-02-23 03:51:28] OK: 265ddbce-b1c2-537d-b842-d6449d419d95 | Amor Es Amor | flac → MP3 | 72.0%
[2026-02-23 03:51:34] OK: 57765089-59d2-5fb5-a786-44a87e50b544 | Anoche sone | flac → MP3 | 73.0%
[2026-02-23 03:51:34] OK: 695a5295-4e3b-57e8-8e41-006351481d71 | Tra La La | flac → MP3 | 70.0%
[2026-02-23 03:51:35] OK: 577bad78-7f76-5640-a021-d8fb7de7bb44 | Milonga De Mis Amores | flac → MP3 | 63.8%
[2026-02-23 03:51:41] OK: 5fe44cc5-29aa-5495-bd40-cab4b5fa7263 | Tu palida oz | flac → MP3 | 69.0%
[2026-02-23 03:51:41] OK: f86bf766-2f72-5052-8363-4c74d1f953d5 | Siempre asi | flac → MP3 | 68.2%
[2026-02-23 03:51:42] OK: 8950c1a5-7f16-5714-8955-a0fad174dad1 | Alleluya | flac → MP3 | 67.4%
[2026-02-23 03:51:47] OK: 1bb44c19-8d58-563f-8170-f44996b42d42 | Milonga Del Corazon | flac → MP3 | 65.4%
[2026-02-23 03:51:48] OK: 77c0a602-26a0-5007-bfc3-7d846077e395 | Sueno de muneca | flac → MP3 | 62.7%
[2026-02-23 03:51:52] OK: 3798c4d6-4fc9-5c09-92b1-4609019e1a0f | Parque Patricios | flac → MP3 | 67.9%
[2026-02-23 03:51:54] OK: b11e928e-8505-5778-a407-8cd35439ad91 | Mi Buenos Aires | flac → MP3 | 61.4%
[2026-02-23 03:51:54] OK: 2f00b8d6-dce1-5cb7-b16a-301df8682a90 | Desde El Alma | flac → MP3 | 74.3%
[2026-02-23 03:51:56] OK: df7f0449-7259-5b78-958c-412903741719 | La Cancion De Amalia | flac → MP3 | 65.0%
[2026-02-23 03:52:01] OK: ad64fce3-0065-5232-b83e-3c8c58758694 | Ya Lo Sabes | flac → MP3 | 69.5%
[2026-02-23 03:52:04] OK: d80a0f01-bd85-5b92-9a72-3d360240eb00 | Milonga triste | flac → MP3 | 60.8%
[2026-02-23 03:52:07] OK: a1c25779-5b60-5414-affa-d55afd70bd0f | Con los amigos | flac → MP3 | 73.7%
[2026-02-23 03:52:10] OK: a088951e-f8eb-5276-b2ff-8ed5e401312f | Noches De Amor | flac → MP3 | 67.4%
[2026-02-23 03:52:11] OK: 520d4f56-447c-5041-b41f-779bd19c3528 | Etincelles | flac → MP3 | 62.8%
[2026-02-23 03:52:12] OK: 7a13566a-3d4d-5035-b412-942d412f0ef6 | Jazmin del pais (needs eq) | flac → MP3 | 56.9%
[2026-02-23 03:52:16] OK: f27582a5-f4ce-58ed-8b9a-f6d8ed841bc7 | Salud Dinero Y Amor | flac → MP3 | 64.9%
[2026-02-23 03:52:22] OK: 1475eb38-b178-598f-91fe-f59bd1c6df99 | El Vals Del Estudiante | flac → MP3 | 70.7%
[2026-02-23 03:52:22] OK: 4e7ff9cc-fe09-5d1d-9be9-d636154aa074 | Esquinas portenas | flac → MP3 | 69.4%
[2026-02-23 03:52:23] OK: 6b56f7e9-fc1e-52fa-bd46-2ac7ee7f12e7 | Milongueando | flac → MP3 | 66.2%
[2026-02-23 03:52:23] OK: 5c2bc42d-2633-55db-8d33-44701d173495 | Cuando Estaba Enamorado | flac → MP3 | 67.2%
[2026-02-23 03:52:24] OK: 6157c7ab-75a2-55e3-b949-c3d6b0254d5a | Milonga Del 900 | flac → MP3 | 69.5%
[2026-02-23 03:52:33] OK: 4c54bc09-fa30-5a91-b929-efc62ff788e0 | Historia Sentimental | flac → MP3 | 68.3%
[2026-02-23 03:52:34] OK: dd64e491-d57c-57a0-9ba9-b212ace41ce8 | Dos corazones | flac → MP3 | 68.3%
[2026-02-23 03:52:35] OK: 24239d93-cb6e-5a44-b84e-4e90d414a0fe | Negrito | flac → MP3 | 67.0%
[2026-02-23 03:52:39] OK: a5389b44-7fe4-56c5-bcec-a04c9c7ebb2e | Ausencia | flac → MP3 | 62.8%
[2026-02-23 03:52:40] OK: cb280560-7a94-5ffb-b5d8-802fe93540e6 | Ya Viene El Invierno | flac → MP3 | 72.0%
[2026-02-23 03:52:41] OK: fb4cb850-8786-5188-9d4c-0c6b5d6a219e | El Dia Que Te Fuistes | flac → MP3 | 66.3%
[2026-02-23 03:52:45] OK: 3216fea8-e722-58f3-a9c8-a4f0d7f846f8 | Valsecito Amigo | flac → MP3 | 73.1%
[2026-02-23 03:52:46] OK: 5036ed79-5755-508d-bbef-137c386f3d89 | Milonga Criolla | flac → MP3 | 63.4%
[2026-02-23 03:52:47] OK: 53beb034-6939-5175-9b5d-4ab4cf9c5436 | Con Tu Mirar | flac → MP3 | 70.9%
[2026-02-23 03:52:51] OK: caa00ac4-0d56-5055-b164-921521c67396 | Parque Patricios | flac → MP3 | 64.8%
[2026-02-23 03:52:53] OK: bf079b0d-ffff-5e47-8a5f-b8c9aa847def | Dos Corazones | flac → MP3 | 68.4%
[2026-02-23 03:52:56] OK: 07387690-ea1f-5517-8bc9-86addddda453 | La noche que me esperes | flac → MP3 | 64.1%
[2026-02-23 03:52:58] OK: b363ca24-cb83-51de-82a6-031926cd8867 | Romantica | flac → MP3 | 58.1%
[2026-02-23 03:52:58] OK: 7d2d3cf3-a5d7-526b-b657-ed881b1399a8 | En El Fondo Del Mar | flac → MP3 | 68.7%
[2026-02-23 03:54:58] WARN: 864019cc-9668-5293-a764-a970b6155e45 - Backup failed: Command '['az', 'storage', 'blob', 'upload', '--account-name', 'nttt', '--container-name', 'v20-originals', '--name', '864019cc-9668-5293-a764-a970b6155e45.original', '--file', '/var/folders/r4/_tc4gn
[2026-02-23 03:54:59] WARN: a0834325-6aa0-5672-abe0-1bf8d92d0859 - Backup failed: Command '['az', 'storage', 'blob', 'upload', '--account-name', 'nttt', '--container-name', 'v20-originals', '--name', 'a0834325-6aa0-5672-abe0-1bf8d92d0859.original', '--file', '/var/folders/r4/_tc4gn
[2026-02-23 03:54:59] ERROR: 2891c9eb-978d-5b94-9b2e-df2bf28702a4 - Upload failed: Command '['az', 'storage', 'blob', 'upload', '--account-name', 'nttt', '--container-name', 'v20', '--name', '2891c9eb-978d-5b94-9b2e-df2bf28702a4.mp3', '--file', '/var/folders/r4/_tc4gnds7yd7prk90mkrv
[2026-02-23 03:55:01] ERROR: dd9ee4bd-82ac-5e33-88d0-ce13d9a5d35d - Upload failed: Command '['az', 'storage', 'blob', 'upload', '--account-name', 'nttt', '--container-name', 'v20', '--name', 'dd9ee4bd-82ac-5e33-88d0-ce13d9a5d35d.mp3', '--file', '/var/folders/r4/_tc4gnds7yd7prk90mkrv
[2026-02-23 03:55:02] ERROR: 4e970a00-44d2-502d-a67b-d6a1d561ffbf - Upload failed: Command '['az', 'storage', 'blob', 'upload', '--account-name', 'nttt', '--container-name', 'v20', '--name', '4e970a00-44d2-502d-a67b-d6a1d561ffbf.mp3', '--file', '/var/folders/r4/_tc4gnds7yd7prk90mkrv
[2026-02-23 03:56:07] OK: 864019cc-9668-5293-a764-a970b6155e45 | Silueta Portena | flac → MP3 | 64.8%
[2026-02-23 03:56:11] OK: a0834325-6aa0-5672-abe0-1bf8d92d0859 | Corazon De Oro | flac → MP3 | 68.7%
[2026-02-23 03:56:20] OK: bc47fd1e-97ac-5664-8938-6c0525820dca | Candombe | flac → MP3 | 72.0%
[2026-02-23 03:56:22] OK: 65008f6f-be68-5c10-a463-fd9bc773d8f0 | Porque Si | flac → MP3 | 69.9%
[2026-02-23 03:56:23] OK: 3d17abad-ddcb-52af-9aa9-70fb1e1d93e3 | Recuerdos del corazon | flac → MP3 | 67.3%
[2026-02-23 03:56:24] OK: 199c363d-e40b-551d-bb22-dfc33e0e7647 | No Hay Tierra Como La Mia | flac → MP3 | 68.8%
[2026-02-23 03:56:27] OK: 1e9fc6de-f898-59c4-8c90-b23ec971e7d0 | Sueno de muneca | flac → MP3 | 72.8%
[2026-02-23 03:56:30] OK: dc253c01-29a2-59ae-94b5-9bdafc8d4a17 | Siempre Tuya Sere | flac → MP3 | 67.4%
[2026-02-23 03:56:33] OK: 5f0c0a37-8bd6-5d6a-8001-3b8201aafd1e | Muchachita Portena | flac → MP3 | 63.6%
[2026-02-23 03:56:36] OK: 4c05b27d-d2c4-53fa-8492-c4d51d5b1045 | El Morocho Y El Oriental | flac → MP3 | 69.9%
[2026-02-23 03:56:37] OK: 3f5f9040-c6ee-5bff-b29d-cd7be367d9f1 | El Triunfo De Tus Ojos | flac → MP3 | 68.6%
[2026-02-23 03:56:42] OK: dc77134b-da98-5d87-be55-685c48006cfd | Mentir en amor es pecado | flac → MP3 | 65.0%
[2026-02-23 03:56:42] OK: 22ff26b5-5633-571b-b99d-0d1142e90dbb | Secreto de amor | flac → MP3 | 72.7%
[2026-02-23 03:56:43] OK: 993b749e-e620-57b2-b563-e03369999a19 | Negrito | flac → MP3 | 69.7%
[2026-02-23 03:56:48] OK: ca48620f-f441-57f8-adaa-bc3abf5ff5c9 | Milonga Brava | flac → MP3 | 65.8%
[2026-02-23 03:56:49] OK: 4358c5ad-7585-5688-afe7-780f56c363da | La Milonga De Mis Tiempos | flac → MP3 | 57.0%
[2026-02-23 03:56:50] OK: 208fc354-05f3-522c-adcf-6c1689634e9f | El Dia Que Te Fuiste | flac → MP3 | 68.9%
[2026-02-23 03:56:56] OK: 78e549a9-e4ad-5d27-a88f-37f93d3fe796 | Apasionadamente | flac → MP3 | 72.5%
[2026-02-23 03:56:57] OK: 03d5c24c-bbbc-5ca1-8b36-3ebeda4ffd0e | Me Gusta Bailar Milonga | flac → MP3 | 72.4%
[2026-02-23 03:56:58] OK: 2b371eee-98a4-5a01-bcc0-fe7a5cd0a15d | Amor Amor Veni | flac → MP3 | 65.3%
[2026-02-23 03:56:58] OK: 8ad15e40-53a0-514f-97cd-0ff6b1e48913 | Depues De Quererla Tanto | flac → MP3 | 67.5%
[2026-02-23 03:57:05] OK: 1d433145-584a-5c91-a27f-9da8368864da | Ronda del querer | flac → MP3 | 69.2%
[2026-02-23 03:57:06] OK: 9bc6f5fe-6e79-5860-9bdf-f02f294b5717 | Lirio Blanco | flac → MP3 | 70.1%
[2026-02-23 03:57:08] OK: 149a0080-a17c-565d-9c13-d396a3644cd0 | El vals de los abuelos | flac → MP3 | 66.6%
[2026-02-23 03:57:11] OK: 81ecb60f-56a3-51b0-9015-71500dc835b4 | Teresita | flac → MP3 | 65.5%
[2026-02-23 03:57:11] OK: 0caf4f29-2940-5227-906b-72825407817c | Cuando Estaba Enamorado | flac → MP3 | 64.9%
[2026-02-23 03:57:16] OK: 2b7f5487-6b5c-50fa-b521-5ab6da283a01 | Reliquias Portenas | flac → MP3 | 64.7%
[2026-02-23 03:57:18] OK: 0288ce5a-4bec-58dc-98c0-9e314edbec22 | El Lloron | flac → MP3 | 65.5%
[2026-02-23 03:57:21] OK: 4f314de4-5d49-5f58-997f-fecf8e162a13 | Ojos Verdes | flac → MP3 | 70.6%
[2026-02-23 03:57:23] OK: 9c26c821-5710-5539-9eaa-7e8b20ffe73a | En un rincon de Hungaria | flac → MP3 | 60.9%
[2026-02-23 03:57:23] OK: c16a874b-bfd5-5d70-a8ca-ba78583387ef | Soy Un Porteno | flac → MP3 | 71.0%
[2026-02-23 03:57:24] OK: fee87044-192d-558c-b5ee-4f2b4d282974 | Noche Primaveral | flac → MP3 | 65.6%
[2026-02-23 03:57:27] OK: 36e7286a-f802-5ca0-933f-f02b588d7b41 | La rompedora | flac → MP3 | 66.1%
[2026-02-23 03:57:28] OK: f89c9e5b-fb17-5395-8aba-ce2228cf9081 | De Mis Tiempos | flac → MP3 | 64.3%
[2026-02-23 03:57:30] OK: 761413d9-b602-53e2-82e5-ef156d899da9 | Farolito | flac → MP3 | 65.8%
[2026-02-23 03:57:35] OK: e211cafb-4534-52bf-84f8-c4522bb5220f | Tormenta En El Alma | flac → MP3 | 67.7%
[2026-02-23 03:57:36] OK: d6d4de8f-3104-5cbb-bacb-d050ff67458d | Para Ti Madre | flac → MP3 | 64.9%
[2026-02-23 03:57:38] OK: 914a1e59-e589-5715-b129-2c02b1cc220d | Mi Buenos Aires | flac → MP3 | 63.4%
[2026-02-23 03:57:43] OK: c540dcb6-25dc-589d-8347-33fc32b126d1 | Acariciando Recuerdos | flac → MP3 | 66.5%
[2026-02-23 03:57:44] OK: f4467514-f1c5-59c3-9be7-512a42f628fa | Milonga De Mis Amores | flac → MP3 | 66.2%
[2026-02-23 03:57:44] OK: 653ca992-7403-5c5b-9974-3ecbef803347 | Larga Las Penas | flac → MP3 | 69.4%
[2026-02-23 03:57:45] OK: e20266ca-17fc-57ec-9f5f-d710218f3974 | Tormenta En El Alma | flac → MP3 | 65.7%
[2026-02-23 03:57:50] OK: d72a7b8a-eed0-5198-8267-510813c5869c | La noche que me esperes | flac → MP3 | 60.7%
[2026-02-23 03:57:51] OK: ae8cdf2e-e7db-5b26-9e81-053e0214dbda | Mi Vida | flac → MP3 | 67.7%
[2026-02-23 03:57:52] OK: 67214ef9-12d1-5a14-9b29-0b4eeead1977 | Serenata | flac → MP3 | 68.4%
[2026-02-23 03:58:00] OK: 17915bf5-d577-5cbf-8433-81b545d38875 | Desde El Alma | flac → MP3 | 70.8%
[2026-02-23 03:58:02] OK: 593f8b09-f5ba-5af5-8ffe-4addc11d33e3 | Desde El Alma (with horn) | flac → MP3 | 66.6%
[2026-02-23 04:00:01] ERROR: 981b8540-6133-5f2a-93f7-2be87b42841f - Upload failed: Command '['az', 'storage', 'blob', 'upload', '--account-name', 'nttt', '--container-name', 'v20', '--name', '981b8540-6133-5f2a-93f7-2be87b42841f.mp3', '--file', '/var/folders/r4/_tc4gnds7yd7prk90mkrv
[2026-02-23 04:00:01] ERROR: d30b1178-c260-5b66-9c25-0da2c45d585d - Upload failed: Command '['az', 'storage', 'blob', 'upload', '--account-name', 'nttt', '--container-name', 'v20', '--name', 'd30b1178-c260-5b66-9c25-0da2c45d585d.mp3', '--file', '/var/folders/r4/_tc4gnds7yd7prk90mkrv
[2026-02-23 04:00:01] WARN: ef30fe4d-81df-531f-a9d3-4b818ed8b15f - Backup failed: Command '['az', 'storage', 'blob', 'upload', '--account-name', 'nttt', '--container-name', 'v20-originals', '--name', 'ef30fe4d-81df-531f-a9d3-4b818ed8b15f.original', '--file', '/var/folders/r4/_tc4gn
[2026-02-23 04:00:03] WARN: eba0b53c-5300-5cbe-a9cd-968719466be6 - Backup failed: Command '['az', 'storage', 'blob', 'upload', '--account-name', 'nttt', '--container-name', 'v20-originals', '--name', 'eba0b53c-5300-5cbe-a9cd-968719466be6.original', '--file', '/var/folders/r4/_tc4gn
[2026-02-23 04:00:03] ERROR: 3f1c02b9-f3a2-540c-913b-1d464ba9868a - Upload failed: Command '['az', 'storage', 'blob', 'upload', '--account-name', 'nttt', '--container-name', 'v20', '--name', '3f1c02b9-f3a2-540c-913b-1d464ba9868a.mp3', '--file', '/var/folders/r4/_tc4gnds7yd7prk90mkrv
[2026-02-23 04:01:06] OK: ef30fe4d-81df-531f-a9d3-4b818ed8b15f | Nostalgia Gris | flac → MP3 | 70.8%
[2026-02-23 04:01:12] OK: eba0b53c-5300-5cbe-a9cd-968719466be6 | Bajo El Cielo Azul | flac → MP3 | 66.5%
[2026-02-23 04:01:17] OK: 62837aee-e31d-58c4-8c57-dbee1c1f8ec7 | Milonga del corazon | flac → MP3 | 64.9%
[2026-02-23 04:01:20] OK: 50917bb1-6b71-5e23-a845-848716a1e09b | Nelly | flac → MP3 | 62.9%
[2026-02-23 04:01:21] OK: 3d920199-72fd-5fc6-9715-cd36f6438d3a | Sonar Y Nada Mas | flac → MP3 | 70.4%
[2026-02-23 04:01:21] OK: 57198747-2bc2-51e2-8b68-d70351ea0be1 | Rosa De Otono | flac → MP3 | 66.7%
[2026-02-23 04:01:27] OK: 76b88223-27a9-5a0b-9b37-593c02cfe6b9 | Historia Sentimental | flac → MP3 | 66.7%
[2026-02-23 04:01:28] OK: e9becfeb-a162-58e6-859b-35f3e71087b4 | Tres Jolie (Muy Lindo) | flac → MP3 | 71.2%
[2026-02-23 04:01:32] OK: c295e4f8-6457-5feb-9e3c-12fd109b2bdf | Amor Amor Veni | flac → MP3 | 68.1%
[2026-02-23 04:01:33] OK: cd897d26-e0fa-5e31-aa25-ca2d05d8464a | Milonga Clasica | flac → MP3 | 68.5%
[2026-02-23 04:01:34] OK: 9183e44b-d1a8-542c-9925-8975c6e5f5df | Amor Y Primavera | flac → MP3 | 61.1%
[2026-02-23 04:01:36] OK: 9f81ce37-ed3d-5ec0-bb48-df85cbd76fab | Yo No Se Que Me Han Hecho Tus Ojos | flac → MP3 | 70.7%
[2026-02-23 04:01:39] OK: 9909cb11-9434-5e6f-a3ff-8c77be81a9cf | Silueta portena | flac → MP3 | 70.8%
[2026-02-23 04:01:40] OK: 0e3b1bbb-8819-5e77-82d8-d430a2a8669d | Noche De Estrellas | flac → MP3 | 67.8%
[2026-02-23 04:01:41] OK: b82cd369-0042-5641-81af-0ef0b9434b82 | Alma Portena | flac → MP3 | 65.1%
[2026-02-23 04:01:46] OK: fde6729c-e2bc-5941-bcf0-6df72bb3ba3c | Teresita | flac → MP3 | 64.7%
[2026-02-23 04:01:47] OK: cab0da03-538a-548f-bccc-b83dfd194fd6 | Ojos Verdes | flac → MP3 | 67.7%
[2026-02-23 04:01:47] OK: a848d80b-9ad5-5eda-becf-44162245c5da | Canaro En Paris | flac → MP3 | 70.4%
[2026-02-23 04:01:54] OK: 4bc7a874-b8b1-5fba-a483-8c80b22bb9d5 | Felicia | flac → MP3 | 73.1%
[2026-02-23 04:01:56] OK: 2a45b0f9-e201-5fae-aee7-7051412e7242 | Cuatro Palabras | flac → MP3 | 70.2%
[2026-02-23 04:01:56] OK: 5d468e37-0070-5773-9820-0f686480267e | Alma De Bohemio | flac → MP3 | 70.4%
[2026-02-23 04:01:57] OK: f4ba2261-8dcf-5584-b162-4641c25d1e42 | Hotel Victoria | flac → MP3 | 70.1%
[2026-02-23 04:02:02] OK: 19419977-e27c-58cd-8a0f-629a4faac83e | El Internado | flac → MP3 | 73.5%
[2026-02-23 04:02:03] OK: 16f702fb-e7f5-5a41-9db3-45442ed37bd9 | Milonga Sentimental | flac → MP3 | 70.9%
[2026-02-23 04:02:07] OK: ec4fcb10-131e-5eda-b8b8-2442485c2435 | Despues De Quererla Tanto | flac → MP3 | 66.4%
[2026-02-23 04:02:08] OK: 91b7fcec-a815-5598-8fb7-c0237870efc5 | El Choclo | flac → MP3 | 70.9%
[2026-02-23 04:02:09] OK: 679b3187-d836-577f-aed6-13557da2a4d8 | Arrabalera | flac → MP3 | 68.6%
[2026-02-23 04:02:13] OK: 55534d24-4b6a-54f7-81d6-e8fe1171b653 | Una Noche De Garufa | flac → MP3 | 71.7%
[2026-02-23 04:02:15] OK: 9645caad-10fc-5c39-82ab-52a63689e69f | El Esquinazo (Mil Can) | flac → MP3 | 68.1%
[2026-02-23 04:02:17] OK: 0065ff21-4423-5d89-8501-24b9348ac27d | El Torito | flac → MP3 | 70.1%
[2026-02-23 04:02:19] OK: 3a87ad63-50d7-5800-bd34-5255e79adbd4 | El firulete | flac → MP3 | 72.4%
[2026-02-23 04:02:21] OK: 2c9f9941-2356-5303-95d9-7c5f0dafd340 | Don Juan | flac → MP3 | 70.1%
[2026-02-23 04:02:22] OK: 57660be8-11d0-5082-aa61-fe7210b1b570 | Se dice de mI | flac → MP3 | 69.5%
[2026-02-23 04:02:25] OK: 4d2bc0ea-b0c1-5104-beaa-2721a44dada9 | La Moracha | flac → MP3 | 69.0%
[2026-02-23 04:02:27] OK: b0c77532-e417-5987-8985-4f8616c988c9 | Taquito militar | flac → MP3 | 70.7%
[2026-02-23 04:02:30] OK: 99689761-768f-597d-bf3f-414b9c547bdf | La trampera | flac → MP3 | 69.9%
[2026-02-23 04:02:30] OK: 7f66ef98-f5da-51a7-8b49-723b4e05ad62 | Corralera | flac → MP3 | 72.7%
[2026-02-23 04:02:32] OK: 3269b7d3-f290-514b-8605-f9dd93d33b57 | El Alacran | flac → MP3 | 70.1%
[2026-02-23 04:02:34] OK: 22ab06b4-f99b-5930-ba82-84e781d6da9d | Vibraciones Del Alma | flac → MP3 | 72.0%
[2026-02-23 04:02:36] OK: 8c336711-5f8c-5af9-8002-a2ecd77a695f | El Marne | flac → MP3 | 69.3%
[2026-02-23 04:02:41] OK: fd1768ec-dd57-5ae5-9954-6c7b595300fc | Orillera (Milonga) | flac → MP3 | 71.5%
[2026-02-23 04:02:41] OK: 86774efb-11ba-57c1-8405-614fe95183d9 | La Cumparsita | flac → MP3 | 70.1%
[2026-02-23 04:02:42] OK: 27b0b9a2-860b-5b9e-87a2-3bba5b1c15bb | El Pardo Cejas | flac → MP3 | 52.1%
[2026-02-23 04:02:43] OK: 44734139-ff5f-5a10-820f-63c935981b44 | Es mejor perdonar | flac → MP3 | 68.2%
[2026-02-23 04:02:47] OK: acc48045-e331-5d5d-958a-4fb0126160e6 | La cara de la luna | flac → MP3 | 70.5%
[2026-02-23 04:02:52] OK: a8a8080d-d6c9-51ee-ae29-4390138b1728 | Mientras tu me quieras | flac → MP3 | 72.0%
[2026-02-23 04:02:52] OK: a70aa569-c9ce-5a1c-b2c8-d53a75c3e56d | Su carta no llego | flac → MP3 | 68.4%
[2026-02-23 04:04:52] ERROR: 5cccef5d-3549-5ff8-b359-a0d2ebcb6046 - Upload failed: Command '['az', 'storage', 'blob', 'upload', '--account-name', 'nttt', '--container-name', 'v20', '--name', '5cccef5d-3549-5ff8-b359-a0d2ebcb6046.mp3', '--file', '/var/folders/r4/_tc4gnds7yd7prk90mkrv
[2026-02-23 04:04:53] WARN: c2951fd4-f9ba-5f3b-992f-7f9c2570346c - Backup failed: Command '['az', 'storage', 'blob', 'upload', '--account-name', 'nttt', '--container-name', 'v20-originals', '--name', 'c2951fd4-f9ba-5f3b-992f-7f9c2570346c.original', '--file', '/var/folders/r4/_tc4gn
[2026-02-23 04:04:53] ERROR: 54ee1bd4-5d6e-5cce-8cd8-f2285cd8f2fc - Upload failed: Command '['az', 'storage', 'blob', 'upload', '--account-name', 'nttt', '--container-name', 'v20', '--name', '54ee1bd4-5d6e-5cce-8cd8-f2285cd8f2fc.mp3', '--file', '/var/folders/r4/_tc4gnds7yd7prk90mkrv
[2026-02-23 04:04:53] WARN: f757f7cd-bf71-50db-a00c-4a7340d3e158 - Backup failed: Command '['az', 'storage', 'blob', 'upload', '--account-name', 'nttt', '--container-name', 'v20-originals', '--name', 'f757f7cd-bf71-50db-a00c-4a7340d3e158.original', '--file', '/var/folders/r4/_tc4gn
[2026-02-23 04:04:54] ERROR: f8e8ab19-fb3a-5132-b2b6-8cee976ba055 - Upload failed: Command '['az', 'storage', 'blob', 'upload', '--account-name', 'nttt', '--container-name', 'v20', '--name', 'f8e8ab19-fb3a-5132-b2b6-8cee976ba055.mp3', '--file', '/var/folders/r4/_tc4gnds7yd7prk90mkrv
[2026-02-23 04:06:07] OK: f757f7cd-bf71-50db-a00c-4a7340d3e158 | Milonga del tiempo heroico | flac → MP3 | 72.1%
[2026-02-23 04:06:10] OK: c2951fd4-f9ba-5f3b-992f-7f9c2570346c | Sencillo Y Compadre | flac → MP3 | 73.1%
[2026-02-23 04:06:18] OK: c2515a0c-a8c7-53f3-9140-1b24f0ec33b3 | Rodriguez Pena | flac → MP3 | 69.4%
[2026-02-23 04:06:19] OK: 18155a82-6a11-52ed-887c-24fe1173d4a2 | Negro carbon | flac → MP3 | 70.3%
[2026-02-23 04:06:20] OK: e90d658c-9ab5-547e-a95f-00cce02b2839 | El Enterriano | flac → MP3 | 69.3%
[2026-02-23 04:06:20] OK: ab2b7756-93d0-55c1-a0c5-458d10f8c2e8 | Corazon que me has herido | flac → MP3 | 73.1%
[2026-02-23 04:06:21] OK: c41e4ca9-0092-57ff-89a0-6b09be39ec97 | Cada vez que me recuerdes | flac → MP3 | 69.9%
[2026-02-23 04:06:27] OK: 8216d259-918a-5201-bd58-f93acd333740 | Desde El Alma | flac → MP3 | 67.3%
[2026-02-23 04:06:30] OK: c6c2c16e-32f7-562d-8b16-bd367fa5da87 | Asi se baila el tango | flac → MP3 | 70.2%
[2026-02-23 04:06:31] OK: c391c796-b1bb-5c88-b5e2-3fd5cc10be59 | La culpa ta tuve yo | flac → MP3 | 69.5%
[2026-02-23 04:06:32] OK: 2032bc67-91ac-5e20-80f2-92a9df41a64c | Garras | flac → MP3 | 70.2%
[2026-02-23 04:06:33] OK: 495b00c3-bb04-53f0-b9f1-2100d8d621aa | Destellos | flac → MP3 | 70.9%
[2026-02-23 04:06:38] OK: 130fc890-b6f9-50cb-bd17-270f569976c6 | Infamia | flac → MP3 | 67.5%
[2026-02-23 04:06:40] OK: 5b074a65-fcc5-5e48-85ed-6ce9e463a773 | Necesito olvidar | flac → MP3 | 67.2%
[2026-02-23 04:06:43] OK: 5dc6bba5-ef30-5bb9-9fd4-115842775d8c | Decile que vuelva | flac → MP3 | 72.1%
[2026-02-23 04:06:47] OK: 49c80f76-5823-5eff-ba15-baab903df3a7 | Copa De Ajenjo | flac → MP3 | 68.2%
[2026-02-23 04:06:47] OK: 08a753cc-1ad0-544e-83a8-6be54c5a2692 | Queja indiana | flac → MP3 | 73.1%
[2026-02-23 04:06:48] OK: 198d8f23-8905-56ec-9187-c8025b890a31 | Tango Brujo | flac → MP3 | 69.7%
[2026-02-23 04:06:49] OK: c35482bf-a871-5e73-b524-26eed3b469f5 | Ya Estamos Iguales | flac → MP3 | 67.0%
[2026-02-23 04:06:56] OK: e8d55e97-2a8c-5bcc-9413-2831aa433658 | La Cara De La Luna | flac → MP3 | 71.7%
[2026-02-23 04:06:56] OK: 8dfcb3ff-5765-59e0-87c4-8ef895c5f9a6 | Otra Noche | flac → MP3 | 69.5%
[2026-02-23 04:07:01] OK: 2f798ae1-5344-5716-a3eb-c7e110d62bc3 | Que Me Quiten Lo Bailao | flac → MP3 | 70.9%
[2026-02-23 04:07:02] OK: 7aff2db8-c865-5312-8f90-f2b7de545e7e | El tropero del amor | flac → MP3 | 67.1%
[2026-02-23 04:07:02] OK: 78f16963-8cdd-59ae-9711-189e4aef35fd | Muchacha | flac → MP3 | 70.0%
[2026-02-23 04:07:03] OK: e1e60e13-9a7d-51e4-a0ae-ca5d86815897 | Grisel | flac → MP3 | 69.5%
[2026-02-23 04:07:10] OK: 32d172ac-fbf7-5f64-9ae2-1b601e204d17 | Pajaro Ciego | flac → MP3 | 66.0%
[2026-02-23 04:07:11] OK: c57ed48b-2c2f-52c5-8436-c2b24901b7e5 | Guitarra | flac → MP3 | 71.4%
[2026-02-23 04:07:11] OK: be84b1ea-ed98-50c6-a785-0ab55b931eda | Mariposa nocturna | flac → MP3 | 66.1%
[2026-02-23 04:07:18] OK: 627c372c-cc98-5d99-83b8-60cab0e5dbc5 | El Cuarteador | flac → MP3 | 64.9%
[2026-02-23 04:07:18] OK: f41cc439-cb46-5af2-abbf-9d1cc108b012 | A Mi No Me Hablen De Penas | flac → MP3 | 65.3%
[2026-02-23 04:07:25] OK: c87c7f2a-85cd-5124-b018-d0ee97e933a9 | Va a cantar un ruisenor | flac → MP3 | 71.2%
[2026-02-23 04:07:25] OK: 94d69ac5-6d2d-5a67-b834-7ebf8b58aa82 | Mi Reflexion | flac → MP3 | 71.8%
[2026-02-23 04:07:26] OK: 829e8634-1d7b-584f-a5a4-68759fe7fba6 | En el viejo cafe | flac → MP3 | 65.9%
[2026-02-23 04:07:27] OK: 1dad72ab-78af-534e-85e3-4af418a7addf | Nido Gaucho | flac → MP3 | 70.3%
[2026-02-23 04:07:31] OK: 54af4e5b-23f7-53ba-8c0f-b6380d92149a | Mas Solo Que Nunca | flac → MP3 | 67.4%
[2026-02-23 04:07:33] OK: f5353556-1905-5151-b4c5-361bf4f675a3 | Mi Castigo | flac → MP3 | 69.2%
[2026-02-23 04:07:35] OK: f3b4ef76-35a7-5fa2-be5f-fdc769725bc6 | Los ojos mas lindos | flac → MP3 | 65.9%
[2026-02-23 04:07:37] OK: 59c192ba-a748-5377-9c21-a685642957f3 | Un Amor | flac → MP3 | 65.5%
[2026-02-23 04:07:39] OK: 4bfb9c94-f773-5624-ae8e-4dd8cbc4c34d | Tango De Medianoche | flac → MP3 | 63.9%
[2026-02-23 04:07:41] OK: 29372548-2dd8-5cbb-941b-171b7f2da8a6 | Lo Que El Viento Se Llevo | flac → MP3 | 66.0%
[2026-02-23 04:07:45] OK: 8074acd7-b9bc-5311-85a2-c0e387239b32 | Cuartito Azul | flac → MP3 | 66.0%
[2026-02-23 04:07:49] OK: e751e069-8365-55bc-a9ad-14c657b34c85 | Besame, mi amor | flac → MP3 | 68.4%
[2026-02-23 04:07:50] OK: 6b550309-f04c-5233-86df-0fcf19860318 | Una Carta | flac → MP3 | 73.0%
[2026-02-23 04:07:51] OK: a4c1ed7a-b4c2-5871-a0b8-130ebfd99fbc | Sonar Y Nada Mas | flac → MP3 | 70.4%
[2026-02-23 04:07:51] OK: 70a7336f-4370-5156-a406-71fe37af7e26 | Rosa De Tango | flac → MP3 | 68.6%
[2026-02-23 04:07:56] OK: 93f5d306-9df2-59bc-a423-a133cc187830 | En Esta Tarde Gris | flac → MP3 | 66.6%
[2026-02-23 04:09:58] ERROR: 8d4e62cc-e6fb-5742-98b7-fda83ce26dc0 - Upload failed: Command '['az', 'storage', 'blob', 'upload', '--account-name', 'nttt', '--container-name', 'v20', '--name', '8d4e62cc-e6fb-5742-98b7-fda83ce26dc0.mp3', '--file', '/var/folders/r4/_tc4gnds7yd7prk90mkrv
[2026-02-23 04:09:59] ERROR: 936b893f-1ef6-51c1-8770-4983bef58633 - Upload failed: Command '['az', 'storage', 'blob', 'upload', '--account-name', 'nttt', '--container-name', 'v20', '--name', '936b893f-1ef6-51c1-8770-4983bef58633.mp3', '--file', '/var/folders/r4/_tc4gnds7yd7prk90mkrv
[2026-02-23 04:10:02] ERROR: 496cc839-1ab4-57f3-88d7-a37153bf1335 - Upload failed: Command '['az', 'storage', 'blob', 'upload', '--account-name', 'nttt', '--container-name', 'v20', '--name', '496cc839-1ab4-57f3-88d7-a37153bf1335.mp3', '--file', '/var/folders/r4/_tc4gnds7yd7prk90mkrv
[2026-02-23 04:10:02] ERROR: e4bbd63a-e709-5511-bd4e-8497b81c8468 - Upload failed: Command '['az', 'storage', 'blob', 'upload', '--account-name', 'nttt', '--container-name', 'v20', '--name', 'e4bbd63a-e709-5511-bd4e-8497b81c8468.mp3', '--file', '/var/folders/r4/_tc4gnds7yd7prk90mkrv
[2026-02-23 04:10:03] ERROR: 31ed580e-a321-57f8-81aa-900202b26699 - Upload failed: Command '['az', 'storage', 'blob', 'upload', '--account-name', 'nttt', '--container-name', 'v20', '--name', '31ed580e-a321-57f8-81aa-900202b26699.mp3', '--file', '/var/folders/r4/_tc4gnds7yd7prk90mkrv
[2026-02-23 04:11:17] OK: 38703810-c6d7-5a36-a8a5-267b637e6f6a | Rencor | flac → MP3 | 74.0%
[2026-02-23 04:11:18] OK: 913eaca9-d674-52bc-be47-c78493263feb | Venganza | flac → MP3 | 82.0%
[2026-02-23 04:11:20] OK: dd6a38c0-3cab-5780-939b-bff72916b2de | Media noche | flac → MP3 | 69.4%
[2026-02-23 04:11:20] OK: 9e0946c2-47eb-5a12-babd-2038454a3cad | San Telmo | flac → MP3 | 74.3%
[2026-02-23 04:11:20] OK: 64165312-fc5f-58d2-8721-748d06dc75e0 | Por Las Calles De La Vida | flac → MP3 | 70.5%
[2026-02-23 04:11:29] OK: f33f510d-6a34-575c-a935-708fe7da7440 | Esclavas blancas | flac → MP3 | 74.2%
[2026-02-23 04:11:30] OK: b657bea4-c787-5018-bb2a-2ce41f5660e4 | Venganza | flac → MP3 | 72.8%
[2026-02-23 04:11:34] OK: f52af5de-ea25-5593-84ef-5261b8f7afbe | Ushuaia | flac → MP3 | 69.2%
[2026-02-23 04:11:35] OK: 8e6f1065-2fbb-589c-9419-0572417abe4b | Soy cantor | flac → MP3 | 67.0%
[2026-02-23 04:11:36] OK: a397f9cd-0346-53dc-82d5-5ad27c792cba | Yo te adoro bandoneon | flac → MP3 | 65.4%
[2026-02-23 04:11:36] OK: a7cd28f6-ef34-5da2-934e-4b70f3a51c6e | Rosa reseca | flac → MP3 | 68.1%
[2026-02-23 04:11:43] OK: 43f819bb-1706-597a-966f-1519233d83d0 | Ventanita florida | flac → MP3 | 70.4%
[2026-02-23 04:11:44] OK: b62b6fed-df68-5dc4-9a8d-6313ce9851d8 | Ventanita florida | flac → MP3 | 66.4%
[2026-02-23 04:11:46] OK: 2d70c566-ad3a-5d50-8ad5-a34c1cd50ab5 | Melodia Oriental | flac → MP3 | 67.7%
[2026-02-23 04:11:50] OK: 754aca88-1e5e-5636-8ebb-4fc2b4b4ec4a | Frena muchacho loco | flac → MP3 | 66.2%
[2026-02-23 04:11:51] OK: 72a9add3-1308-5880-a142-d2fcd529782b | Yo te adoro bandoneon | flac → MP3 | 66.9%
[2026-02-23 04:11:56] OK: e38502b0-b399-57a2-85a5-5482b8efe7d5 | Rencor | flac → MP3 | 71.9%
[2026-02-23 04:11:57] OK: c448f733-c7ad-5b7c-8bc7-8cf324831d21 | Frena!... Muchacho loco! | flac → MP3 | 72.4%
[2026-02-23 04:12:02] OK: 58c26c2a-5c43-5efa-afea-dfe488405f22 | Silbando | flac → MP3 | 73.1%
[2026-02-23 04:12:04] OK: 6704e5be-500d-59c2-8e0a-537e25ab4c65 | Mi Buenos Aires querido | flac → MP3 | 69.9%
[2026-02-23 04:12:08] OK: a995a2ca-0783-572e-9406-207e0d5921f3 | Tormento | flac → MP3 | 68.0%
[2026-02-23 04:12:09] OK: 1618e025-59f4-52fb-90ce-20ed8491e35a | Yira Yira | flac → MP3 | 73.2%
[2026-02-23 04:12:09] OK: 5d166add-71e0-5d90-aad4-9ead95bf7c2f | Esperanza | flac → MP3 | 65.3%
[2026-02-23 04:12:13] OK: e06b47a6-c8fe-5df6-8ec4-9a0a97c61838 | El traidor | flac → MP3 | 65.6%
[2026-02-23 04:12:15] OK: db9629b5-a9a3-5cf9-b520-dd3573c46d23 | Recuerdos del pasado | flac → MP3 | 72.8%
[2026-02-23 04:12:16] OK: a009db05-dee9-5d84-b3f0-fba7ec9975b8 | De puerta en puerta | flac → MP3 | 67.6%
[2026-02-23 04:12:22] OK: 908495e4-7f0f-53e0-a2a9-00d58740ef32 | Mi noche triste | flac → MP3 | 67.6%
[2026-02-23 04:12:23] OK: dd6b379d-8e93-526a-addc-c0b28c7a0c32 | Rincon Florido | flac → MP3 | 58.0%
[2026-02-23 04:12:27] OK: 8f06b5de-2782-5b6a-89eb-249e6ae00a84 | Quien mas, quien menos | flac → MP3 | 68.8%
[2026-02-23 04:12:28] OK: 3a2a01c2-72cd-52c3-8a1a-2b268ecb0174 | Copa de amargura | flac → MP3 | 64.9%
[2026-02-23 04:12:29] OK: 2cea783a-427b-5e4f-a6e9-c74fafbfdb00 | Rosa de amor | flac → MP3 | 73.0%
[2026-02-23 04:12:30] OK: 4f3b6c35-0f4d-5215-a25a-ae463bcce948 | Soledad (Reliquias) | flac → MP3 | 68.1%
[2026-02-23 04:12:34] OK: a8fe276d-56e4-50d6-a669-f7d8117bd908 | Condena | flac → MP3 | 60.5%
[2026-02-23 04:12:36] OK: 5a72c642-099d-53db-96e6-dee188ac6349 | Las Cuarenta | flac → MP3 | 63.2%
[2026-02-23 04:12:41] OK: 32d11dba-7f7f-5ebf-8f4b-8ae38838412f | Desaliento | flac → MP3 | 66.1%
[2026-02-23 04:12:43] OK: 94a9bb14-ec5e-5305-8b33-7f320e286d14 | Nada mas | flac → MP3 | 64.3%
[2026-02-23 04:12:44] OK: 13a0a774-0c20-51dc-b390-ad40d5f83154 | Alma del bandoneon | flac → MP3 | 68.9%
[2026-02-23 04:12:44] OK: 49e5c733-01b2-54b0-9005-60bdc8fbd67f | Rincon florido | flac → MP3 | 64.1%
[2026-02-23 04:12:45] OK: 196c3789-02ee-575f-a8e6-7e66f4ade797 | Mano a mano | flac → MP3 | 67.2%
[2026-02-23 04:12:51] OK: 80a07e88-6748-51c6-9a80-b66b20072de0 | La Cuarenta | flac → MP3 | 60.3%
[2026-02-23 04:12:52] OK: 038c6554-ddd1-5155-a2a5-539fa84c8634 | No Preguntes Nada | flac → MP3 | 67.6%
[2026-02-23 04:12:58] OK: f024dab3-2a90-5306-9f24-2ea6c31f532d | Si Dejaras De Quererme | flac → MP3 | 68.1%
[2026-02-23 04:12:58] OK: 454eb74e-ea40-5e7e-856f-98ec81e3b272 | Golondrinas | flac → MP3 | 68.2%
[2026-02-23 04:12:58] OK: 83b25654-391a-50ce-b192-8ec37a0fee50 | Si yo te contrara | flac → MP3 | 62.0%
[2026-02-23 04:12:59] OK: 6ac6aacd-a28a-582e-834c-f4ed3524ed2b | Recuerdos de Paris | flac → MP3 | 66.1%
[2026-02-23 04:13:00] OK: ba725b3b-b657-59ad-82c1-32c01c7b1e15 | Poema | flac → MP3 | 64.1%
[2026-02-23 04:15:00] WARN: 6f0fe012-595b-5e03-8ab7-011129be378a - Backup failed: Command '['az', 'storage', 'blob', 'upload', '--account-name', 'nttt', '--container-name', 'v20-originals', '--name', '6f0fe012-595b-5e03-8ab7-011129be378a.original', '--file', '/var/folders/r4/_tc4gn
[2026-02-23 04:15:01] WARN: c5c40bce-0981-5316-8de5-0fb79510b13a - Backup failed: Command '['az', 'storage', 'blob', 'upload', '--account-name', 'nttt', '--container-name', 'v20-originals', '--name', 'c5c40bce-0981-5316-8de5-0fb79510b13a.original', '--file', '/var/folders/r4/_tc4gn
[2026-02-23 04:15:04] ERROR: 76b119a6-6c36-5328-b3bf-1479e6561e4d - Upload failed: Command '['az', 'storage', 'blob', 'upload', '--account-name', 'nttt', '--container-name', 'v20', '--name', '76b119a6-6c36-5328-b3bf-1479e6561e4d.mp3', '--file', '/var/folders/r4/_tc4gnds7yd7prk90mkrv
[2026-02-23 04:15:04] ERROR: d881f143-194c-5e66-8ff0-b5e897b61991 - Upload failed: Command '['az', 'storage', 'blob', 'upload', '--account-name', 'nttt', '--container-name', 'v20', '--name', 'd881f143-194c-5e66-8ff0-b5e897b61991.mp3', '--file', '/var/folders/r4/_tc4gnds7yd7prk90mkrv
[2026-02-23 04:15:07] ERROR: c6be28b9-997c-590d-b144-4716e4e55bd2 - Upload failed: Command '['az', 'storage', 'blob', 'upload', '--account-name', 'nttt', '--container-name', 'v20', '--name', 'c6be28b9-997c-590d-b144-4716e4e55bd2.mp3', '--file', '/var/folders/r4/_tc4gnds7yd7prk90mkrv
[2026-02-23 04:16:09] OK: 6f0fe012-595b-5e03-8ab7-011129be378a | Viejos Tiempos | flac → MP3 | 63.2%
[2026-02-23 04:16:10] OK: c5c40bce-0981-5316-8de5-0fb79510b13a | Soledad | flac → MP3 | 61.4%
[2026-02-23 04:16:15] OK: 397e7b8d-0d4b-598e-a313-2c2eb972ee50 | Todo Es Cuestion De Suerte | flac → MP3 | 64.6%
[2026-02-23 04:16:17] OK: f5692d15-a17b-549b-aa07-06da904cc8a7 | Como Te Quiero | flac → MP3 | 63.8%
[2026-02-23 04:16:18] OK: 9de23d77-c2e2-5130-bec3-51fb8ac4c17a | Ojos negros que fascinan | flac → MP3 | 69.8%
[2026-02-23 04:16:19] OK: eda88d81-ab6a-5ef8-a8f2-1279ed9af490 | Ciego (Reliquias) | flac → MP3 | 68.8%
[2026-02-23 04:16:24] OK: 67fbf45c-e9b1-5768-9e9b-462286ea6665 | Donde? | flac → MP3 | 71.4%
[2026-02-23 04:16:25] OK: bd99a9b4-f5d1-5e5a-b59e-55317e672b3d | Amor | flac → MP3 | 69.5%
[2026-02-23 04:16:29] OK: a441f90b-7e02-58d9-9c49-96b0503fc7e1 | Casas viejas | flac → MP3 | 69.4%
[2026-02-23 04:16:30] OK: a9e0445b-dfdc-54f9-99ce-9e30d9d85cef | Ave de paso | flac → MP3 | 68.6%
[2026-02-23 04:16:31] OK: bd819140-8e92-530c-a3fe-a8d647103632 | Milagro | flac → MP3 | 64.7%
[2026-02-23 04:16:31] OK: 9e17a4e0-c188-59a1-970c-0b076e204c07 | Nena | flac → MP3 | 52.9%
[2026-02-23 04:16:36] OK: 74c20f97-1d5d-5f15-943d-34bf9c287b06 | Copos de nieve | flac → MP3 | 62.5%
[2026-02-23 04:16:38] OK: 9a7c5789-40fd-5f31-835e-7bbd1aba075d | Que Nadie Se Entere | flac → MP3 | 56.4%
[2026-02-23 04:16:41] OK: fb685cd3-ab04-580e-bf8a-083c28f34ceb | Noches de Buenos Aires | flac → MP3 | 62.7%
[2026-02-23 04:16:42] OK: 259afb8b-11c6-54e6-9c50-35e557956b7c | Recuerdo De Paris | flac → MP3 | 58.9%
[2026-02-23 04:16:45] OK: 8a9b3d74-fa92-58f4-8cce-123c7833e6e1 | Fracaso | flac → MP3 | 65.4%
[2026-02-23 04:16:45] OK: b5830076-0989-58a2-8644-8044a5805041 | Como las flores | flac → MP3 | 71.7%
[2026-02-23 04:16:49] OK: e8aa6261-2bad-5406-ac58-b80f169eba9e | Paciencia | flac → MP3 | 59.5%
[2026-02-23 04:16:51] OK: 59fe8bba-848f-57b0-b055-5fb769961c54 | De puro guapo | flac → MP3 | 64.5%
[2026-02-23 04:16:53] OK: d0aa157f-a99e-5978-9e6c-85f672daf063 | Milagro | flac → MP3 | 63.1%
[2026-02-23 04:16:57] OK: f33e6e56-5fbd-5576-98d2-1ab380f841dd | Noches de Buenos Aires | flac → MP3 | 69.5%
[2026-02-23 04:16:57] OK: 326f71c5-c317-59b2-87d6-3105df3ee87c | Poema | flac → MP3 | 61.5%
[2026-02-23 04:16:59] OK: d90197c5-071b-59b0-b10c-aa4bbf615b21 | Copo De Nieve | flac → MP3 | 61.4%
[2026-02-23 04:17:02] OK: 7a968b7c-bc96-5a77-abf2-7a3dd53f6257 | Yo tambien sone | flac → MP3 | 69.1%
[2026-02-23 04:17:04] OK: 3233bfa9-4934-54f5-957d-016cfc5b2edf | Que le importa al mundo | flac → MP3 | 69.5%
[2026-02-23 04:17:06] OK: ae990d8b-7cc8-5a9d-bcf9-70d4bd246825 | Despues Arreglamos | flac → MP3 | 65.5%
[2026-02-23 04:17:10] OK: f859d72a-c329-5f1c-8c42-89284911b38c | Milonguita | Esthercita | flac → MP3 | 58.4%
[2026-02-23 04:17:11] OK: 6b92fd16-d16d-5b9a-b184-23064bca75bb | Sera una noche | flac → MP3 | 69.6%
[2026-02-23 04:17:12] OK: 3268cde8-54ab-57bc-94bb-14f281e017a3 | Novia | flac → MP3 | 68.4%
[2026-02-23 04:17:17] OK: 8bc930ff-6aef-5858-b509-3e79ceb357e9 | Viejos tiempos | flac → MP3 | 62.8%
[2026-02-23 04:17:19] OK: db6f7089-f276-5f2a-993a-db7258d7731f | El adios | flac → MP3 | 59.4%
[2026-02-23 04:17:19] OK: 912c2a16-d9cd-5d04-a01a-062061febd34 | Que Nadie se entre | flac → MP3 | 61.5%
[2026-02-23 04:17:20] OK: 19297a5c-de7e-513f-969b-dc45de7b9db4 | Las Doce Menos Cinco | flac → MP3 | 61.7%
[2026-02-23 04:17:22] OK: 4b157ea7-f98d-5cc5-ad9c-155b8586baf6 | Viejos tiempos | flac → MP3 | 61.5%
[2026-02-23 04:17:26] OK: 5a4ddd4c-4f87-5346-879b-6dc0bb1cea7c | Que Le Importa Al Mundo | flac → MP3 | 65.5%
[2026-02-23 04:17:28] OK: f4a8dba1-ff37-572c-be43-fb09c460f3b1 | La copla portena | flac → MP3 | 62.1%
[2026-02-23 04:17:31] OK: e9653344-4f8e-5c4d-90b2-20bbb7c42683 | De puro guapo | flac → MP3 | 66.5%
[2026-02-23 04:17:31] OK: 4d82a4c4-f5a0-5c91-82d7-2d8b59bb0784 | Desprecio | flac → MP3 | 67.2%
[2026-02-23 04:17:35] OK: 4c3e7fde-8509-5d9a-84d5-b8eaa0d0a9b2 | Siempre unidos | flac → MP3 | 71.2%
[2026-02-23 04:17:36] OK: 6010678d-04db-59a0-8cd8-c4cd8d17cd1d | Carino Gaucho | flac → MP3 | 64.8%
[2026-02-23 04:17:41] OK: 4a236694-704a-56b2-8e8e-5cc384702f78 | Condena | flac → MP3 | 62.3%
[2026-02-23 04:17:42] OK: c602d74f-4339-55c4-90f7-829fa46b9be7 | Aunque no lo crean | flac → MP3 | 62.4%
[2026-02-23 04:17:47] OK: 90f828c6-ec37-51ce-bae7-4bed61cfb9f5 | Envidia | flac → MP3 | 71.3%
[2026-02-23 04:17:47] OK: bd9abf46-489d-59ca-a6d4-2a0c3b784cf8 | Falsedad | flac → MP3 | 69.0%
[2026-02-23 04:17:47] OK: 0ebe8fdd-ede1-5d52-85f0-b0c00e822d03 | El dia que yo pueda | flac → MP3 | 61.1%
[2026-02-23 04:17:48] OK: 5806578d-40b1-5a77-9582-17b0a230decb | Cogote | flac → MP3 | 62.4%
[2026-02-23 04:19:48] WARN: ca776fc1-902d-5a65-98a5-c2b79ffc81b3 - Backup failed: Command '['az', 'storage', 'blob', 'upload', '--account-name', 'nttt', '--container-name', 'v20-originals', '--name', 'ca776fc1-902d-5a65-98a5-c2b79ffc81b3.original', '--file', '/var/folders/r4/_tc4gn
[2026-02-23 04:19:48] ERROR: 4e38aac0-e250-5160-be21-2bfc0a3e450c - Upload failed: Command '['az', 'storage', 'blob', 'upload', '--account-name', 'nttt', '--container-name', 'v20', '--name', '4e38aac0-e250-5160-be21-2bfc0a3e450c.mp3', '--file', '/var/folders/r4/_tc4gnds7yd7prk90mkrv
[2026-02-23 04:19:49] WARN: e67e9345-b3a2-5fbc-9c5a-afa408fa4ca2 - Backup failed: Command '['az', 'storage', 'blob', 'upload', '--account-name', 'nttt', '--container-name', 'v20-originals', '--name', 'e67e9345-b3a2-5fbc-9c5a-afa408fa4ca2.original', '--file', '/var/folders/r4/_tc4gn
[2026-02-23 04:19:53] ERROR: 2fa44799-e397-5f4a-b92a-dfe192782b44 - Upload failed: Command '['az', 'storage', 'blob', 'upload', '--account-name', 'nttt', '--container-name', 'v20', '--name', '2fa44799-e397-5f4a-b92a-dfe192782b44.mp3', '--file', '/var/folders/r4/_tc4gnds7yd7prk90mkrv
[2026-02-23 04:19:55] ERROR: 5083aa0a-4d24-5317-ae7d-7a224a03515c - Upload failed: Command '['az', 'storage', 'blob', 'upload', '--account-name', 'nttt', '--container-name', 'v20', '--name', '5083aa0a-4d24-5317-ae7d-7a224a03515c.mp3', '--file', '/var/folders/r4/_tc4gnds7yd7prk90mkrv
[2026-02-23 04:21:12] OK: e67e9345-b3a2-5fbc-9c5a-afa408fa4ca2 | No me preguntes nada | flac → MP3 | 66.5%
[2026-02-23 04:21:12] OK: ca776fc1-902d-5a65-98a5-c2b79ffc81b3 | Ciego | flac → MP3 | 66.0%
[2026-02-23 04:21:14] OK: 42355956-5a3e-5b23-b9d9-f8d80df35a73 | Venidad | flac → MP3 | 67.7%
[2026-02-23 04:21:18] OK: ee751fb9-a164-59eb-b5ee-cba8af75090e | Secreto | flac → MP3 | 73.1%
[2026-02-23 04:21:20] OK: 50117e48-1063-50d9-bed6-a470a4e0f31d | Cambalache | flac → MP3 | 60.8%
[2026-02-23 04:21:21] OK: 3acd2083-f696-5cb7-8c3f-b89d58f82e8b | No hay que hacerse mala sangre | flac → MP3 | 62.4%
[2026-02-23 04:21:22] OK: 21891075-3452-51bf-a36c-0913af2aec68 | Donde Andara | flac → MP3 | 58.8%
[2026-02-23 04:21:30] OK: ff39cf9f-50b1-53c2-ad8d-93be4ea8be2c | Papel Picado | flac → MP3 | 72.5%
[2026-02-23 04:21:31] OK: f113df75-52b9-509a-9a90-5e0a2c6eb1d5 | Dos amores | flac → MP3 | 67.7%
[2026-02-23 04:21:31] OK: 395e81b8-4dcc-5082-8f0b-5f92e3bb4514 | Puerto Nuevo (restored) | flac → MP3 | 58.7%
[2026-02-23 04:21:32] OK: bddca2fc-7009-5bd3-b89c-feefcb9b8bc5 | El trapero | flac → MP3 | 72.3%
[2026-02-23 04:21:34] OK: 33fab987-5cc9-5bdc-a834-550dcfeac3a9 | No Me Pregunten Por Que | flac → MP3 | 68.2%
[2026-02-23 04:21:39] OK: 7a5c7785-1c71-5603-8750-392f4285baf7 | Relampago de gloria | flac → MP3 | 68.3%
[2026-02-23 04:21:42] OK: 811ebb04-82c7-523d-863e-dd4ab2921378 | Lucecitas de mi pueblo | flac → MP3 | 72.2%
[2026-02-23 04:21:46] OK: 7d98be8b-7bd9-5875-be31-0633d961d07d | Todo Te Nombra | flac → MP3 | 69.7%
[2026-02-23 04:21:47] OK: f81e6f69-bc7d-542e-b6f1-e7ee895d2c0b | Telaranas | flac → MP3 | 67.9%
[2026-02-23 04:21:50] OK: a09cad70-4622-51f7-a339-cd795a03be9c | Orquideas a la luz de la luna | flac → MP3 | 69.3%
[2026-02-23 04:21:55] OK: 363a04da-0b8c-57b8-9867-88941df91929 | Mi Viejo Amor | flac → MP3 | 71.2%
[2026-02-23 04:21:56] OK: 91e65da1-77bb-5dbe-ada8-bea494ae409a | La cancion de Buenos Aires | flac → MP3 | 82.9%
[2026-02-23 04:21:56] OK: c8c33505-a633-5500-bef1-cf90bbc63a56 | Martirio | flac → MP3 | 64.2%
[2026-02-23 04:22:02] OK: d286ea58-8115-5589-9c51-7d983283065f | La Novia Ausente | flac → MP3 | 69.7%
[2026-02-23 04:22:02] OK: 5328581e-cd16-58ac-8d93-df8615e0fe04 | Mas Alla | flac → MP3 | 64.0%
[2026-02-23 04:22:04] OK: da8e6dc4-79e7-5a9f-884e-34f7bed0ad8b | Pero aquel muchacho | flac → MP3 | 68.2%
[2026-02-23 04:22:12] OK: b0570db8-986d-549b-b6b5-19c0f83a1fea | Resentimiento | flac → MP3 | 61.1%
[2026-02-23 04:22:13] OK: dc03d1e2-c608-595c-a71c-d1c5ee76ad38 | Solo una novia | flac → MP3 | 70.3%
[2026-02-23 04:22:14] OK: caf3dbaf-da63-579f-b1d4-7aff2bc87168 | Puerto Nuevo (Needs EQ) | flac → MP3 | 73.4%
[2026-02-23 04:22:20] OK: 56e85030-8450-53e2-83ea-e3feea373c77 | Por Donde Andara | flac → MP3 | 64.9%
[2026-02-23 04:22:20] OK: a3c57a0c-ce99-5335-b1d2-dad38db8670d | La que murio en Paris | flac → MP3 | 83.1%
[2026-02-23 04:22:26] OK: b68f47cc-070b-5ced-98df-b0f9aa18eef8 | Campanas de bronce (long intro) | flac → MP3 | 70.2%
[2026-02-23 04:22:26] OK: 5b68e29f-b586-5dda-b47f-10e13558d992 | Sufro | flac → MP3 | 72.1%
[2026-02-23 04:22:27] OK: 59fb1f23-82fa-5073-aaeb-7204c6a5fb3c | Deja El Mundo Como Esta | flac → MP3 | 65.4%
[2026-02-23 04:22:30] OK: 8d3bbb96-aeea-5d03-8207-d604a89d9bde | Triste queja | flac → MP3 | 73.7%
[2026-02-23 04:22:31] OK: 523e987e-1829-5749-b5ae-70006f787dbe | Si Se Salva El Pibe | flac → MP3 | 69.6%
[2026-02-23 04:22:34] OK: 7c6083c1-3d0b-5187-832f-10ebda2a732e | Chirusa | flac → MP3 | 65.1%
[2026-02-23 04:22:40] OK: adc92b49-8aac-5915-b052-21effa306e00 | Abandonada | flac → MP3 | 67.9%
[2026-02-23 04:22:40] OK: ceb08e91-31f8-5c21-9ae4-8675dc235d97 | A Quien Le Puede Importar | flac → MP3 | 64.0%
[2026-02-23 04:22:40] OK: 7aaf8016-6372-5802-b326-46a53301a2ad | Llanto | flac → MP3 | 66.1%
[2026-02-23 04:22:42] OK: 420d139c-fe17-579f-8216-7295796f6a00 | Decime adios | flac → MP3 | 67.4%
[2026-02-23 04:22:45] OK: ae8f6b73-c674-57f9-9cc5-4946aacf06e5 | El pescante | flac → MP3 | 68.1%
[2026-02-23 04:22:48] OK: 11a0ffaf-8738-5e9a-a30a-5ded26a2cedb | En Falsa Escuadra | flac → MP3 | 70.1%
[2026-02-23 04:22:50] OK: e6c30594-a443-5e72-a27d-84e616d873ab | El Corazon Me Engano | flac → MP3 | 68.3%
[2026-02-23 04:22:53] OK: 6200b38e-b8cf-5816-bf33-8e1e7b60c034 | Tormenta | flac → MP3 | 67.3%
[2026-02-23 04:22:54] OK: 7bd1927e-541b-5664-bb60-9e2aeb6a083a | El Vino Triste | flac → MP3 | 69.9%
[2026-02-23 04:22:56] OK: f0593113-fdc8-56ad-a980-399ef59fad21 | Hipolito Irigoyen | flac → MP3 | 72.5%
[2026-02-23 04:22:57] OK: 70a20d40-7ecd-57c6-a50e-475bf32f5012 | Yo Naci Para Querer | flac → MP3 | 64.6%
[2026-02-23 04:22:59] OK: 25e9e180-d136-5c79-99ff-895cce623e27 | Barcarola del Riachuelo | flac → MP3 | 70.0%
[2026-02-23 04:25:00] ERROR: 8312e63f-6707-5426-ab04-a8b0aa52ad12 - Upload failed: Command '['az', 'storage', 'blob', 'upload', '--account-name', 'nttt', '--container-name', 'v20', '--name', '8312e63f-6707-5426-ab04-a8b0aa52ad12.mp3', '--file', '/var/folders/r4/_tc4gnds7yd7prk90mkrv
[2026-02-23 04:25:01] ERROR: e522c563-8f4e-533a-9b8a-cae96fde553b - Upload failed: Command '['az', 'storage', 'blob', 'upload', '--account-name', 'nttt', '--container-name', 'v20', '--name', 'e522c563-8f4e-533a-9b8a-cae96fde553b.mp3', '--file', '/var/folders/r4/_tc4gnds7yd7prk90mkrv
[2026-02-23 04:25:03] ERROR: 53b00c45-5db3-5206-b6af-09ae453a3c4a - Upload failed: Command '['az', 'storage', 'blob', 'upload', '--account-name', 'nttt', '--container-name', 'v20', '--name', '53b00c45-5db3-5206-b6af-09ae453a3c4a.mp3', '--file', '/var/folders/r4/_tc4gnds7yd7prk90mkrv
[2026-02-23 04:25:04] ERROR: bc9e492a-2a80-5aeb-94bf-b909fde250a3 - Upload failed: Command '['az', 'storage', 'blob', 'upload', '--account-name', 'nttt', '--container-name', 'v20', '--name', 'bc9e492a-2a80-5aeb-94bf-b909fde250a3.mp3', '--file', '/var/folders/r4/_tc4gnds7yd7prk90mkrv
[2026-02-23 04:25:06] ERROR: d6e5518a-4a3c-56cf-ac78-299d32afa01a - Upload failed: Command '['az', 'storage', 'blob', 'upload', '--account-name', 'nttt', '--container-name', 'v20', '--name', 'd6e5518a-4a3c-56cf-ac78-299d32afa01a.mp3', '--file', '/var/folders/r4/_tc4gnds7yd7prk90mkrv
[2026-02-23 04:26:15] OK: c7fe2082-cbcc-5adb-93dd-bfb224e1e91d | No Me Pidas La Exclusiva | flac → MP3 | 65.9%
[2026-02-23 04:26:16] OK: 1e648a28-2ee3-5ce8-9cb2-54d2e3ce7a22 | Si Soy Asi | flac → MP3 | 70.0%
[2026-02-23 04:26:18] OK: 40f60c42-b12d-5e93-838d-7286e681868c | Pamentos Del Bandoneon | flac → MP3 | 64.7%
[2026-02-23 04:26:23] OK: cadee554-5183-5637-a809-651675c28123 | Churrasca | flac → MP3 | 83.1%
[2026-02-23 04:26:23] OK: 99a6733a-752e-57fd-839f-4503aa5acb23 | Por Vos Yo Me Rompo Todo | flac → MP3 | 68.0%
[2026-02-23 04:26:24] OK: 21f09dfc-92b6-55a7-ac37-c29b26413008 | Sin rumbo | flac → MP3 | 83.5%
[2026-02-23 04:26:25] OK: 1b32a7f8-a0ce-5565-ac88-9db7ac69a6a7 | Por Quererte | flac → MP3 | 63.3%
[2026-02-23 04:26:30] OK: f3786329-a99c-51c5-9aee-6cdddfc42a88 | Papirusa | flac → MP3 | 70.2%
[2026-02-23 04:26:35] OK: 1c4f0aa7-6df1-54c9-9cf3-1512dd7c85e6 | Tango Amigo | flac → MP3 | 64.7%
[2026-02-23 04:26:36] OK: 964da34e-b0fe-5204-b316-e5771f917103 | Milonga | flac → MP3 | 69.3%
[2026-02-23 04:26:36] OK: 80bfb463-422e-513a-9b54-ed42a02a3b81 | Ya vendran tiempos mejores | flac → MP3 | 70.4%
[2026-02-23 04:26:38] OK: 214166f7-88e6-507f-abcb-85d9a77e350e | Campo | flac → MP3 | 67.2%
[2026-02-23 04:26:41] OK: ef0b450e-76cb-5cf8-b040-cb439b5e005b | Vida Perra | flac → MP3 | 70.7%
[2026-02-23 04:26:46] OK: 5667fd32-24bf-53b7-99d6-efbaa65a6c0b | Aparcero | flac → MP3 | 70.1%
[2026-02-23 04:26:47] OK: 0b528eac-2cf8-5307-9109-a78ec13645d7 | Esta Noche | flac → MP3 | 67.2%
[2026-02-23 04:26:47] OK: 2b1bcdaf-8312-51f5-a545-e86abb537698 | Falsa Ilusion | flac → MP3 | 66.6%
[2026-02-23 04:26:48] OK: c3af0602-4fb9-5b38-87d2-dc2abd6e7725 | Entre Rejas Invisibles | flac → MP3 | 66.2%
[2026-02-23 04:26:53] OK: df0de0ea-7d47-5693-95b1-34257d29a1ab | El tigre Millan | flac → MP3 | 71.3%
[2026-02-23 04:26:55] OK: 0e457f8f-e323-5e2f-9d98-78b1f6ad7647 | Te Quiero Todavia | flac → MP3 | 62.3%
[2026-02-23 04:27:00] OK: 439dac8a-4c14-5a53-be90-354e03f48595 | La cachetada | flac → MP3 | 65.5%
[2026-02-23 04:27:01] OK: f13c52e7-ef5a-565f-8652-b33ad59d6853 | Lo han visto con otra | flac → MP3 | 71.9%
[2026-02-23 04:27:02] OK: f1c95f07-9d28-5957-9178-3f442b336ae9 | Yo no se porque te quiero | flac → MP3 | 68.8%
[2026-02-23 04:27:04] OK: 5c39f147-6001-5fe6-85e5-8f825b638cde | Serenata | flac → MP3 | 70.0%
[2026-02-23 04:27:05] OK: 5ff982b4-17d9-5ebd-b515-247f5937608d | Juramento | flac → MP3 | 72.9%
[2026-02-23 04:27:10] OK: dd97393e-3b02-5ec5-adce-4431ec5bb222 | Mala Suerte | flac → MP3 | 61.2%
[2026-02-23 04:27:10] OK: 66fdeda2-1cd3-5139-9c04-dcde66314abb | Mi Gloria | flac → MP3 | 69.9%
[2026-02-23 04:27:12] OK: c96c8288-f974-5a36-ad8f-dde4ae60bd17 | Pipistrela | flac → MP3 | 70.0%
[2026-02-23 04:27:15] OK: 768b348e-58db-5483-b28e-0eaafc0d023c | Que Importa | flac → MP3 | 68.1%
[2026-02-23 04:27:20] OK: 084b3d3c-3f3b-5aae-94e9-5c5836aba3ba | Toda Mi Vida | flac → MP3 | 68.9%
[2026-02-23 04:27:20] OK: 70fb25f4-0e7d-52f9-b275-b492ba163595 | Cuando vuelva | flac → MP3 | 72.6%
[2026-02-23 04:27:23] OK: 06f101b5-38b2-52f9-8330-1e31b102b9a9 | Alla En El Bajo | flac → MP3 | 49.5%
[2026-02-23 04:27:28] OK: e150f617-60f0-516a-8561-776307bcd71b | La muchachada del centro | flac → MP3 | 72.1%
[2026-02-23 04:27:29] OK: b470484a-463c-5ec3-8d14-d0e95b3f9f20 | Julian | flac → MP3 | 63.3%
[2026-02-23 04:27:29] OK: a2d28ea2-b65a-5b56-8f8c-99810dad6720 | Mintieron Tus Labios | flac → MP3 | 69.2%
[2026-02-23 04:27:39] OK: 086dfd3b-e4fe-50bf-a2f2-33d9c9ec6502 | Buen amigo | flac → MP3 | 63.9%
[2026-02-23 04:27:39] OK: 6c10f14d-37df-57a7-81d9-d497b3bd4699 | Mocosita | flac → MP3 | 51.6%
[2026-02-23 04:27:43] OK: 08d56793-0acd-566c-ab93-6001b94c3363 | Me Estan Sobrando Las Penas | flac → MP3 | 78.1%
[2026-02-23 04:27:45] OK: c38dc218-b172-555a-8ca4-c45135eb110e | Yo Soy De San Telmo | flac → MP3 | 78.3%
[2026-02-23 04:27:48] OK: 4f78e65a-2ce6-5669-bacc-40363a73ad39 | Con El Hornero | flac → MP3 | 76.6%
[2026-02-23 04:27:54] OK: 4fec01ce-f2e0-5cb9-9801-d46093158c4c | Orgullo criollo | flac → MP3 | 66.6%
[2026-02-23 04:27:55] OK: 5744a067-1f3b-5390-9135-abb9437c757e | Firuletear de bandoneon | flac → MP3 | 63.6%
[2026-02-23 04:27:57] OK: 2f862f6e-d3e3-5c9b-9422-56782d100377 | Al verla pasar | flac → MP3 | 65.7%
[2026-02-23 04:28:01] OK: b5bc7c1f-931f-5be8-b0b4-6d4be08468ad | Milonga De Mis Amores | flac → MP3 | 76.4%
[2026-02-23 04:28:03] OK: 71af41de-d6d2-50f4-8d9e-6325e8c6452d | Alma De Bohemio | flac → MP3 | 76.7%
[2026-02-23 04:28:07] OK: 8c01d0ee-55e9-54fb-aeb8-f25472729ebd | Nunca tuvo novio | flac → MP3 | 63.1%
[2026-02-23 04:28:08] OK: 4800680a-317e-5aeb-94f6-cb8cff920c46 | Veinticuatro de Agosto | flac → MP3 | 63.7%
[2026-02-23 04:28:09] OK: ff633b58-9292-5b58-8b7e-28513b6923a5 | Amurado | flac → MP3 | 61.4%
[2026-02-23 04:29:56] WARN: 450bf491-8a2a-5d78-99f1-c55058093332 - Backup failed: Command '['az', 'storage', 'blob', 'upload', '--account-name', 'nttt', '--container-name', 'v20-originals', '--name', '450bf491-8a2a-5d78-99f1-c55058093332.original', '--file', '/var/folders/r4/_tc4gn
[2026-02-23 04:30:08] WARN: ea6824a8-3f69-5e1c-9263-85d979e2907e - Backup failed: Command '['az', 'storage', 'blob', 'upload', '--account-name', 'nttt', '--container-name', 'v20-originals', '--name', 'ea6824a8-3f69-5e1c-9263-85d979e2907e.original', '--file', '/var/folders/r4/_tc4gn
[2026-02-23 04:30:09] WARN: 7edb99bc-fec1-55f3-8105-17c970e062ff - Backup failed: Command '['az', 'storage', 'blob', 'upload', '--account-name', 'nttt', '--container-name', 'v20-originals', '--name', '7edb99bc-fec1-55f3-8105-17c970e062ff.original', '--file', '/var/folders/r4/_tc4gn
[2026-02-23 04:30:10] WARN: 3650ad41-7a0e-5f1a-a750-5a83229ace50 - Backup failed: Command '['az', 'storage', 'blob', 'upload', '--account-name', 'nttt', '--container-name', 'v20-originals', '--name', '3650ad41-7a0e-5f1a-a750-5a83229ace50.original', '--file', '/var/folders/r4/_tc4gn
[2026-02-23 04:30:12] ERROR: b48e2f06-73be-5055-a40b-cf2cf40de330 - Upload failed: Command '['az', 'storage', 'blob', 'upload', '--account-name', 'nttt', '--container-name', 'v20', '--name', 'b48e2f06-73be-5055-a40b-cf2cf40de330.mp3', '--file', '/var/folders/r4/_tc4gnds7yd7prk90mkrv
[2026-02-23 04:31:12] OK: 7edb99bc-fec1-55f3-8105-17c970e062ff | La vida es una milonga | flac → MP3 | 64.5%
[2026-02-23 04:31:12] OK: 450bf491-8a2a-5d78-99f1-c55058093332 | No me extrana | flac → MP3 | 66.6%
[2026-02-23 04:31:12] OK: ea6824a8-3f69-5e1c-9263-85d979e2907e | Nada Mas Que Un Corazon | flac → MP3 | 77.4%
[2026-02-23 04:31:13] OK: 3650ad41-7a0e-5f1a-a750-5a83229ace50 | Vieja amiga | flac → MP3 | 63.9%
[2026-02-23 04:31:35] OK: 000cb551-1ee7-593f-89c5-878f16f02d5f | Garua | flac → MP3 | 76.4%
[2026-02-23 04:31:36] OK: 98ca54c0-79b4-5dae-be42-ad7812937434 | Muchachos Mi Ultimo Tango | flac → MP3 | 76.6%
[2026-02-23 04:31:36] OK: f6c32a61-bf04-5a26-8020-68746fff3d3f | Que Nunca Me Falte | flac → MP3 | 76.7%
[2026-02-23 04:31:37] OK: f8b5fd51-a5cd-5993-9e0d-31f197180e27 | Patria Mia | flac → MP3 | 75.4%
[2026-02-23 04:31:37] OK: 68ae2e94-848d-5123-abc3-640937c45f64 | Todo | flac → MP3 | 77.2%
[2026-02-23 04:31:49] OK: 6d552c14-166b-5f6e-951e-6b068e09037d | Paisaje | flac → MP3 | 75.8%
[2026-02-23 04:31:50] OK: 86c20b20-2947-5fd1-af21-503948521531 | Mascarita | flac → MP3 | 63.1%
[2026-02-23 04:31:55] OK: c795b4a8-b94f-5e9e-b023-d11c47e951fb | Temblando | flac → MP3 | 78.8%
[2026-02-23 04:31:56] OK: adbb46b2-d510-55fe-b81c-fb7c879c16dd | El Criollito Oriental | flac → MP3 | 76.9%
[2026-02-23 04:31:56] OK: 987a7fe4-6dc3-57dc-8459-7c632ff9146d | La Madrugada | flac → MP3 | 78.6%
[2026-02-23 04:31:57] OK: f4517c8f-b959-5f82-80bd-14f57a11ef2d | Arrabal | flac → MP3 | 63.9%
[2026-02-23 04:32:07] OK: aae65625-8bab-5f03-bc37-d0162019d529 | Milonga compadre | flac → MP3 | 62.9%
[2026-02-23 04:32:08] OK: 8540ab6c-7eaf-5dae-adaf-bebc9e4b1448 | Vieja Amiga | flac → MP3 | 65.0%
[2026-02-23 04:32:10] OK: b7377c68-2de7-5128-b045-5926b5e48a34 | Yo Quiero Cantar Un Tango | flac → MP3 | 75.7%
[2026-02-23 04:32:13] OK: 88adb55b-486d-53f8-bd0e-ad1d3b96c50c | Mas Solo Que Nunca | flac → MP3 | 78.7%
[2026-02-23 04:32:13] OK: 5ef72f77-b307-51a5-8131-3ec9c5a95898 | Recien | flac → MP3 | 74.1%
[2026-02-23 04:32:16] OK: b5cbd173-ed7a-5049-99d3-cd099f697da7 | Chatero de aquel entonces | flac → MP3 | 63.4%
[2026-02-23 04:32:18] OK: ee9870f6-cde1-5e0b-b395-9078a5ee778f | Milonga de mis amores | flac → MP3 | 64.9%
[2026-02-23 04:32:18] OK: 6acdd426-bcb2-5990-9a4e-cabe526903a6 | Mendocina | flac → MP3 | 59.1%
[2026-02-23 04:32:23] OK: b11a994e-ba68-50c5-8ca8-92a1b38d2306 | Maria Remedios | flac → MP3 | 63.9%
[2026-02-23 04:32:23] OK: 27a85312-462e-5ebf-a604-36ca1b7f2817 | Desconsuelo | flac → MP3 | 64.4%
[2026-02-23 04:32:26] OK: 14d0f115-5092-5cf0-bf67-8dc9efe308ea | Orgullo criollo | flac → MP3 | 58.7%
[2026-02-23 04:32:30] OK: e8396898-8326-5ae9-90ca-3d7c8426a1d6 | Como dos extranos | flac → MP3 | 66.9%
[2026-02-23 04:32:31] OK: 3db89d86-a81b-5fc4-b842-be4568cd64e9 | De puro guapo | flac → MP3 | 63.3%
[2026-02-23 04:32:36] OK: 9e4e70f6-9d54-5580-8874-18fe4701f5aa | Maldonado | flac → MP3 | 77.7%
[2026-02-23 04:32:41] OK: 0cd3018b-c2b6-5831-822f-c652519e7b66 | Paisaje | flac → MP3 | 65.6%
[2026-02-23 04:32:41] OK: 5deb751f-9f49-5f48-bbc8-00261c517fb4 | Taconeando | flac → MP3 | 61.2%
[2026-02-23 04:32:46] OK: 6674af2b-0673-5b4e-8ab8-0d392dcdf1c5 | Orgullo Criollo | flac → MP3 | 59.3%
[2026-02-23 04:32:46] OK: c52d9a35-d244-5b0e-982e-4a98a520a2a5 | Vieja amiga | flac → MP3 | 84.8%
[2026-02-23 04:32:47] OK: a573d626-88ab-5efd-a5af-3047b5ddf4be | Milonga de mi flor | flac → MP3 | 64.1%
[2026-02-23 04:32:49] OK: 1fc9ddd8-02ea-5d8e-903f-52f161225105 | Llueve Otra Vez | flac → MP3 | 78.0%
[2026-02-23 04:32:55] OK: 66074267-a167-50c7-bbb0-48b8a0a03872 | De Puro Guapo | flac → MP3 | 66.4%
[2026-02-23 04:32:57] OK: 6d39fd0a-f806-53f6-b02b-ff5cc0b74fb8 | Mala Junta | flac → MP3 | 66.5%
[2026-02-23 04:32:59] OK: 46251b9b-0bc8-54a7-b219-3aff6953fce4 | Mascarita | flac → MP3 | 66.9%
[2026-02-23 04:33:03] OK: d7b49c82-78b7-5a6c-838f-03f9400ee589 | Mi caballo bayo | flac → MP3 | 82.9%
[2026-02-23 04:33:06] OK: e1f94208-8022-53f2-aeb7-5bcb4dbfd38c | Mendocina | flac → MP3 | 69.3%
[2026-02-23 04:33:08] OK: 76e56a5c-6e57-53c7-96c7-88ddf4cb7685 | Arrabal | flac → MP3 | 60.7%
[2026-02-23 04:33:12] OK: 91c27602-9686-5fef-8628-c5e4d66b890a | En tus ojos de cielo | flac → MP3 | 85.8%
[2026-02-23 04:33:16] OK: 5b85a83d-24a4-509a-b6f7-c7a96b3deb13 | Azabache | flac → MP3 | 88.1%
[2026-02-23 04:33:27] OK: a3b23974-a840-5f88-830c-5f2ef7cb0043 | Entre suenos (too much hiss) | flac → MP3 | 86.4%
[2026-02-23 04:33:28] OK: a9897460-2783-57c3-abba-6ac0d2326c22 | Nunca Tuvo Novio | flac → MP3 | 64.0%
[2026-02-23 04:33:36] OK: 36980464-6ff2-592d-9035-3a5b4495b4ab | Tristezas De La Calle Corrientes | flac → MP3 | 87.9%
[2026-02-23 04:33:37] OK: eb6465e0-7366-59ef-83ed-804182567bad | Jamas Retornaras | flac → MP3 | 87.9%
[2026-02-23 04:33:38] OK: ff8fb70e-dde6-52d7-b52c-2aa7d81996d6 | Que Te Importa Que Te Llore | flac → MP3 | 88.6%
[2026-02-23 04:33:38] OK: a85e06e3-b5df-5305-b49a-b829a1045aab | Al compas del corazon (raw) | flac → MP3 | 77.5%
[2026-02-23 04:35:36] WARN: f07af909-094b-5065-9665-4d506704aa71 - Backup failed: Command '['az', 'storage', 'blob', 'upload', '--account-name', 'nttt', '--container-name', 'v20-originals', '--name', 'f07af909-094b-5065-9665-4d506704aa71.original', '--file', '/var/folders/r4/_tc4gn
[2026-02-23 04:35:38] WARN: b60038e6-d63a-53ad-9b11-d2e463e03026 - Backup failed: Command '['az', 'storage', 'blob', 'upload', '--account-name', 'nttt', '--container-name', 'v20-originals', '--name', 'b60038e6-d63a-53ad-9b11-d2e463e03026.original', '--file', '/var/folders/r4/_tc4gn
[2026-02-23 04:35:39] WARN: 53a0a43d-6dff-50d2-9474-62f23fb91fd1 - Backup failed: Command '['az', 'storage', 'blob', 'upload', '--account-name', 'nttt', '--container-name', 'v20-originals', '--name', '53a0a43d-6dff-50d2-9474-62f23fb91fd1.original', '--file', '/var/folders/r4/_tc4gn
[2026-02-23 04:35:40] WARN: 30f983c5-28de-5b02-a6b1-7780dad53ab2 - Backup failed: Command '['az', 'storage', 'blob', 'upload', '--account-name', 'nttt', '--container-name', 'v20-originals', '--name', '30f983c5-28de-5b02-a6b1-7780dad53ab2.original', '--file', '/var/folders/r4/_tc4gn
[2026-02-23 04:35:45] ERROR: bdf91e3e-081c-5679-8703-19c3171231de - Upload failed: Command '['az', 'storage', 'blob', 'upload', '--account-name', 'nttt', '--container-name', 'v20', '--name', 'bdf91e3e-081c-5679-8703-19c3171231de.mp3', '--file', '/var/folders/r4/_tc4gnds7yd7prk90mkrv
[2026-02-23 04:36:08] OK: 53a0a43d-6dff-50d2-9474-62f23fb91fd1 | Milonga Que Peina Canas | flac → MP3 | 84.6%
[2026-02-23 04:36:10] OK: b60038e6-d63a-53ad-9b11-d2e463e03026 | Mulata | flac → MP3 | 85.7%
[2026-02-23 04:36:11] OK: f07af909-094b-5065-9665-4d506704aa71 | Al compas del corazon (RestoreAG) | flac → MP3 | 81.5%
[2026-02-23 04:36:14] OK: 30f983c5-28de-5b02-a6b1-7780dad53ab2 | Corazon No Le Hagas Caso | flac → MP3 | 87.7%
[2026-02-23 04:36:25] OK: 64ce8b50-20d1-5d35-876a-15e478ab2a79 | Milonga De Mi Flor 2 | flac → MP3 | 65.0%
[2026-02-23 04:36:33] OK: bf0f6f8d-a0ba-51a9-b282-bdd4b9002b5f | Lejos De Buenos Aires | flac → MP3 | 82.4%
[2026-02-23 04:36:38] OK: 47e47f83-b241-5fe4-95c5-61a6e4f2f59b | Milonga De Mis Amores | flac → MP3 | 67.2%
[2026-02-23 04:36:40] OK: 6fb13500-9076-58d4-aeca-27fd830b244c | Cuatro Compases | flac → MP3 | 86.4%
[2026-02-23 04:36:55] OK: 2148bbce-81ca-5961-acc4-decc7e306423 | Tu | flac → MP3 | 86.4%
[2026-02-23 04:36:59] OK: 78a22d8b-578b-5b25-a270-137508e0bbc7 | Trasnochando | flac → MP3 | 89.4%
[2026-02-23 04:37:07] OK: de573302-bbe0-558a-bfb6-c4a572823cdc | Pobre negra | flac → MP3 | 88.0%
[2026-02-23 04:37:08] OK: 494e7a45-553b-5069-805f-3ba7243ce489 | A Las Siete En El Cafe | flac → MP3 | 87.6%
[2026-02-23 04:37:09] OK: 47d5b5ab-9232-531b-a52d-89706da8d7ea | Mi cantar | flac → MP3 | 86.6%
[2026-02-23 04:37:17] OK: 5aa961d6-3f7e-553d-b616-9c33238df1e1 | Pa Que Seguir | flac → MP3 | 87.9%
[2026-02-23 04:37:22] OK: 5bd7e1f0-467c-5d07-b03d-76a12f840a9e | Quejas de bandoneon | flac → MP3 | 75.1%
[2026-02-23 04:37:24] OK: 5389f0d8-948e-5a87-ada1-f691a25cd9bd | Barrio de Tango | flac → MP3 | 87.3%
[2026-02-23 04:37:26] OK: 4b1e4344-dab6-555c-b8ac-c2f7257f8e07 | De barro | flac → MP3 | 84.7%
[2026-02-23 04:37:27] OK: 470abe4e-827f-512e-bd7f-451501ed6971 | De Vuelta | flac → MP3 | 76.4%
[2026-02-23 04:37:35] OK: 4501d90c-119f-54dd-a5d3-c3a5540f2762 | Marianito | flac → MP3 | 75.5%
[2026-02-23 04:37:39] OK: 30cee49b-a967-5ee4-8941-f9558f137a4e | El Jaguel | flac → MP3 | 76.5%
[2026-02-23 04:37:43] OK: bb0feb85-84e0-5f9d-9ed6-218101a490d5 | Bar Exposicion | flac → MP3 | 71.3%
[2026-02-23 04:37:43] OK: 5c4afbe5-19bd-5b23-8352-28dd41bca406 | Siempre mas! | flac → MP3 | 77.7%
[2026-02-23 04:37:47] OK: 4b4b2be9-38f5-5d1b-b863-2cea58c8b986 | Nido Gaucho | flac → MP3 | 71.5%
[2026-02-23 04:37:50] OK: 105e2d02-5e48-5466-8c6f-f0c2eda5db7b | Milonguero Viejo | flac → MP3 | 78.6%
[2026-02-23 04:37:52] OK: 4ca00d31-2716-5e37-87d5-98c163665bae | Champagne Tango | flac → MP3 | 71.4%
[2026-02-23 04:37:58] OK: 17923f40-9915-541d-8578-a84c191804b5 | La Cumparsita | flac → MP3 | 72.6%
[2026-02-23 04:37:59] OK: ca865e82-51fb-5105-8836-e43d4adcc2a2 | Viento Verde | flac → MP3 | 74.7%
[2026-02-23 04:38:06] OK: afb78f16-b728-5ae4-a59c-d3e8a21bd6b6 | Caminito | flac → MP3 | 75.2%
[2026-02-23 04:38:07] OK: f46b695f-148e-5915-88db-e04c232e2329 | Barba De Choclo | flac → MP3 | 75.0%
[2026-02-23 04:38:07] OK: cb98f61b-35b5-56b5-a831-a84a828e675e | El Incendio | flac → MP3 | 76.1%
[2026-02-23 04:38:14] OK: 1c2f3137-b114-53de-a0be-d14a0e80280e | Re Fa Si | flac → MP3 | 72.6%
[2026-02-23 04:38:19] OK: 242f5dda-c018-5d61-b95f-f3f2cfb92dce | Los 33 Orientales | flac → MP3 | 76.6%
[2026-02-23 04:38:20] OK: 90cf88ea-5df9-5f97-be93-058eae0b76a7 | El Amanecer | flac → MP3 | 72.3%
[2026-02-23 04:38:20] OK: 6cb988fc-d84c-5205-abd5-219719edc3ff | Con Alma Y Vida | flac → MP3 | 76.9%
[2026-02-23 04:38:25] OK: cb42961c-ff22-591f-b7a8-937f0df3e003 | Mi Refugio | flac → MP3 | 77.4%
[2026-02-23 04:38:27] OK: fefbfa99-1187-5e67-9675-8f1e764f4de8 | Germaine | flac → MP3 | 73.7%
[2026-02-23 04:38:30] OK: 38462cea-034b-58c2-aa46-115141cda714 | El Once | flac → MP3 | 74.5%
[2026-02-23 04:38:38] OK: 1f0ca320-9417-50fb-8ae9-8ccba9edcaca | Organito De La Tarde | flac → MP3 | 74.2%
[2026-02-23 04:38:41] OK: 6c551c76-ef41-5ab7-8557-b816eb2acd42 | Rodriguez Pena | flac → MP3 | 70.1%
[2026-02-23 04:38:41] OK: 50dbceb1-d1d5-5eed-968b-0a458ed2b7b0 | Por El Camino | flac → MP3 | 74.4%
[2026-02-23 04:38:45] OK: a73b2801-a601-596c-9b63-e6cecdd704c6 | Quien Te Iguala | flac → MP3 | 78.0%
[2026-02-23 04:38:45] OK: 74375788-c371-5fc4-b41f-ff31002df0a8 | Cara Sucia | flac → MP3 | 76.9%
[2026-02-23 04:38:53] OK: 3c6f85d0-755e-586f-b529-165e1cc350ce | El Ingeniero | flac → MP3 | 73.7%
[2026-02-23 04:38:57] OK: 7721feb6-1eaa-5e7b-959a-8ee732f9988b | Don Juan | flac → MP3 | 77.6%
[2026-02-23 04:38:59] OK: a0b29986-6ad6-5dbf-a188-361b37607bbf | A La Gran Muneca | flac → MP3 | 76.7%
[2026-02-23 04:39:02] OK: 2e622071-7b38-569a-aae1-5ac86346b3ed | La Morocha | flac → MP3 | 77.6%
[2026-02-23 04:39:02] OK: df44bf9c-13a3-5c26-8f53-b0e42925ede8 | El Pollo Ricardo | flac → MP3 | 70.6%
[2026-02-23 04:40:39] ERROR: b0064e57-70d5-513d-a938-397949a266ea - Upload failed: ERROR: Server failed to authenticate the request. Please refer to the information in the www-authenticate header.
RequestId:35335798-701e-0021-6ea8-a4c101000000
Time:2026-02-23T09:40:39.0664726Z
Error
[2026-02-23 04:40:40] ERROR: 81040302-1a73-5819-ba25-ac198996054f - Upload failed: ERROR: Server failed to authenticate the request. Please refer to the information in the www-authenticate header.
RequestId:f73d13f7-e01e-0103-05a8-a4fa13000000
Time:2026-02-23T09:40:39.1014555Z
Error
[2026-02-23 04:40:41] ERROR: eeb393c3-972a-52cc-b290-5e110ad65550 - Upload failed: ERROR: Server failed to authenticate the request. Please refer to the information in the www-authenticate header.
RequestId:bfee99b3-a01e-00f9-4fa8-a4e658000000
Time:2026-02-23T09:40:40.1310226Z
Error
[2026-02-23 04:40:42] ERROR: 3b2edc44-7543-5f53-b1a1-fddf1c26f48d - Upload failed: ERROR: Server failed to authenticate the request. Please refer to the information in the www-authenticate header.
RequestId:f356ff60-601e-0094-7ba8-a45213000000
Time:2026-02-23T09:40:39.4398892Z
Error
[2026-02-23 04:40:42] ERROR: 64146862-1fd6-57ac-864d-26b3382a98ea - Upload failed: ERROR: Server failed to authenticate the request. Please refer to the information in the www-authenticate header.
RequestId:bc56d9cf-c01e-0034-7ba8-a4d6b2000000
Time:2026-02-23T09:40:40.4678802Z
Error
[2026-02-23 04:41:21] OK: cb1dd014-3651-5305-83de-c0c76d0995ea | Como Los Nardos En Flor | flac → MP3 | 73.7%
[2026-02-23 04:41:22] OK: b2139cf3-0004-51a6-aec8-1a356dbf5084 | El Cabure | flac → MP3 | 77.3%
[2026-02-23 04:41:23] OK: 8b7ae816-455e-52d8-8cbc-dedcd35199c3 | Don Jose Maria | flac → MP3 | 75.0%
[2026-02-23 04:41:28] OK: efd8958e-ffc8-5990-9989-90fc3b558234 | Dinero... Dinero | flac → MP3 | 75.6%
[2026-02-23 04:41:31] OK: 5465f109-8ded-529f-b4ff-06dd29af1f5a | Un Lamento | flac → MP3 | 74.9%
[2026-02-23 04:41:38] OK: 8c08b925-b6c8-5206-ab95-7bcca8f8b010 | La Cachila (slower) | flac → MP3 | 74.1%
[2026-02-23 04:41:39] OK: 4c2c3593-19f9-5cd0-b722-fee11c92a10f | Didi | flac → MP3 | 74.8%
[2026-02-23 04:41:44] OK: 83d9a649-a7bf-5229-b396-70476e83a317 | Clavel Del Aire | flac → MP3 | 72.5%
[2026-02-23 04:41:44] OK: 850bb049-aa74-5bef-9837-91e896fea4ff | Tierra Negra | flac → MP3 | 74.3%
[2026-02-23 04:41:48] OK: c5af3c90-6bab-5214-be80-f05c0cbf96f8 | El Pollito | flac → MP3 | 79.4%
[2026-02-23 04:41:49] OK: 5d842290-d3c5-580d-aaab-116cd0a98adc | Siete Palabras | flac → MP3 | 74.2%
[2026-02-23 04:41:57] OK: b35ac383-64b3-5a00-94fb-ca947db6eadf | La Viruta | flac → MP3 | 71.4%
[2026-02-23 04:42:03] OK: 6ee2c3dc-1878-59ca-a195-481c7c45f5c2 | El Opio | flac → MP3 | 76.5%
[2026-02-23 04:42:03] OK: bd4467b4-41ab-5c6a-8d13-c5e2f3b40b92 | No me supiste amar | flac → MP3 | 77.6%
[2026-02-23 04:42:04] OK: 4fa2585b-bc8c-59cf-80b6-d464c0cbaaeb | Comme il faut | flac → MP3 | 77.4%
[2026-02-23 04:42:08] OK: 2d7a588f-ce9d-5f43-b2ce-b39b3ceaa499 | El Ciruja (uncorrected) | flac → MP3 | 78.1%
[2026-02-23 04:42:15] OK: c872ce9d-192f-5e37-9038-ec296d775b66 | No la maldigas por Dios | flac → MP3 | 77.2%
[2026-02-23 04:42:17] OK: c92f47a7-b621-55f3-b8dd-0d77d41b6b2d | Nueve Puntos | flac → MP3 | 77.4%
[2026-02-23 04:42:21] OK: a0527bfc-bf2a-533b-be32-ceb01699a114 | Bahia Blanca | flac → MP3 | 76.2%
[2026-02-23 04:42:24] OK: b7399d27-cd26-5179-b5b1-0ccaa8b0dc7c | Hasta siempre amor | flac → MP3 | 77.8%
[2026-02-23 04:42:27] OK: bb3f6ace-3f65-5dbf-8005-f95fe0ca376f | Duerme mi amor | flac → MP3 | 77.8%
[2026-02-23 04:42:29] OK: cb1593b3-06c0-5c60-8062-e5db9786867c | Champagne tango | flac → MP3 | 75.8%
[2026-02-23 04:42:36] OK: ff1a609a-8a97-5a7e-9a0b-f83f05444e7a | Donde estas | flac → MP3 | 85.3%
[2026-02-23 04:42:45] OK: 28c13ca2-5c19-5427-a7c9-8bbcb94d689c | Cuando muere una esperanza | flac → MP3 | 85.0%
[2026-02-23 04:42:46] OK: d211c3b8-8709-53f7-a4d6-97fe794e0829 | El abrojo | flac → MP3 | 76.1%
[2026-02-23 04:42:49] OK: bafc57b7-b5fb-5089-83c3-df124b0d9047 | No me pregunten por que | flac → MP3 | 85.1%
[2026-02-23 04:42:50] OK: 4e885985-f800-551a-9b1b-ce7279d7f412 | Indio manso | flac → MP3 | 77.3%
[2026-02-23 04:42:55] OK: 169746e5-fc9d-501e-980b-8afd42e71d1a | A la luz del candil | flac → MP3 | 85.0%
[2026-02-23 04:43:04] OK: d6eb39ae-f691-5d19-8756-f645d0ef1be0 | Una fija | flac → MP3 | 75.4%
[2026-02-23 04:43:05] OK: a75a87c5-a0b6-59f3-9dd2-3bc25bfc482b | Whisky | flac → MP3 | 85.0%
[2026-02-23 04:43:07] OK: 0c7acaf5-5b78-5c6e-87f9-3a5c6de44b95 | Llamame amor mio | flac → MP3 | 77.3%
[2026-02-23 04:43:12] OK: e7bc5bd2-4a43-5d6f-a6e3-09a135b9edf3 | Nubes de humo (Fume compadre) | flac → MP3 | 78.0%
[2026-02-23 04:43:15] OK: 3592d9d0-bc1e-5982-9e21-a312607a779b | Muriendome de amor | flac → MP3 | 85.1%
[2026-02-23 04:43:21] OK: 1b48d173-9457-5ee6-ba53-325f2b646c22 | Por quererla asi | flac → MP3 | 76.7%
[2026-02-23 04:43:26] OK: 93297d86-bce3-54fa-980c-ed10c3361af9 | Serenata mia | flac → MP3 | 85.1%
[2026-02-23 04:43:27] OK: 323ceeb7-17d7-5d93-9644-8002ec35f616 | Si no queremos todavia | flac → MP3 | 76.9%
[2026-02-23 04:43:27] OK: 43c1703a-4a07-593e-acf0-f0ec35197636 | Donde estas (2nd version) | flac → MP3 | 76.4%
[2026-02-23 04:43:32] OK: 2f63e2b5-c484-5bfa-94f3-ca952e9d2083 | Sonatina | flac → MP3 | 85.2%
[2026-02-23 04:43:38] OK: fca35e7a-a6b1-55e8-b940-794bcad06047 | Derecho Viejo (EQed) | flac → MP3 | 63.6%
[2026-02-23 04:43:39] OK: c77183cf-6a60-54f6-9493-09fefdcc6774 | Sin rumbo fijo | flac → MP3 | 67.4%
[2026-02-23 04:43:40] OK: 84494e33-ffc2-586f-82af-ce413384e376 | Color Cielo (EQed) | flac → MP3 | 68.4%
[2026-02-23 04:43:42] OK: 02d9a4d6-4fe1-5e68-91d7-efc77e67faad | De que podemos hablar | flac → MP3 | 85.1%
[2026-02-23 04:43:47] OK: b9bf913f-ab73-53a6-b914-4e4a6f0c86be | Vuelve otra vez | flac → MP3 | 70.2%
[2026-02-23 04:43:50] OK: 1fb2f72a-d09f-5cfe-8168-810f63abf1c9 | Venus (EQed) | flac → MP3 | 60.2%
[2026-02-23 04:43:52] OK: e6905974-4d17-5518-bd1d-5e550f29be7d | Cacareando | flac → MP3 | 67.8%
[2026-02-23 04:43:56] OK: 503c478c-867c-559a-893e-693b885ee6f3 | Sobre las olas (over the waves) | flac → MP3 | 82.4%
[2026-02-23 04:43:56] OK: 386345d1-c5e6-5eb6-94dd-8cc34ead4d18 | Quien sino tu | flac → MP3 | 85.3%
[2026-02-23 04:44:02] OK: 904507f1-3962-505a-be7e-3196c8afbc67 | Nene Caprichoso | flac → MP3 | 62.1%
[2026-02-23 04:45:39] ERROR: d90a36fd-b609-5dcf-a60d-a2e321110337 - Upload failed: ERROR: Server failed to authenticate the request. Please refer to the information in the www-authenticate header.
RequestId:aded46ee-001e-0059-17a9-a462f9000000
Time:2026-02-23T09:45:39.3879236Z
Error
[2026-02-23 04:45:40] ERROR: 0d24f858-86ac-5e6d-886e-ddfad2fb2b2e - Upload failed: ERROR: Server failed to authenticate the request. Please refer to the information in the www-authenticate header.
RequestId:fd6a00d9-a01e-0022-53a9-a42065000000
Time:2026-02-23T09:45:39.4508790Z
Error
[2026-02-23 04:45:42] ERROR: 8f5bd357-914a-5d42-b6a5-e0d42e4b33e8 - Upload failed: ERROR: Server failed to authenticate the request. Please refer to the information in the www-authenticate header.
RequestId:da2f6db5-801e-00fe-1aa9-a48a3b000000
Time:2026-02-23T09:45:40.2615334Z
Error
[2026-02-23 04:45:42] ERROR: 79b3e350-f3bd-5410-af79-bd17df43d987 - Upload failed: ERROR: Server failed to authenticate the request. Please refer to the information in the www-authenticate header.
RequestId:54f51e90-301e-0089-0da9-a45faf000000
Time:2026-02-23T09:45:40.2812722Z
Error
[2026-02-23 04:45:43] WARN: dcdb619c-ee88-59e0-9027-a6c920ddf800 - Backup failed: ERROR: Server failed to authenticate the request. Please refer to the information in the www-authenticate header.
RequestId:a87efd17-901e-00dd-78a9-a410f8000000
Time:2026-02-23T09:45:40.0562038Z
Error
[2026-02-23 04:46:13] OK: dcdb619c-ee88-59e0-9027-a6c920ddf800 | Tranquilo, viejo tranquilo | flac → MP3 | 62.4%
[2026-02-23 04:46:17] OK: c594635d-423d-508b-a0d4-b4d73c22937f | Tu vida es mi vida | flac → MP3 | 68.0%
[2026-02-23 04:46:18] OK: a99be7de-e386-5502-bb78-396aa37cb285 | La Galarcita (EQed) | flac → MP3 | 66.5%
[2026-02-23 04:46:19] OK: ab669523-5330-596a-9b63-f60404835a8e | Clavel del aire | flac → MP3 | 68.6%
[2026-02-23 04:46:19] OK: 2dde5096-add9-58ab-a6df-b1b49a82e55e | Libertad | flac → MP3 | 67.0%
[2026-02-23 04:46:20] OK: 6d38bcf5-b141-5404-a918-47a673199f4d | Como tigre cebao! | flac → MP3 | 66.3%
[2026-02-23 04:46:27] OK: 1836457c-6a29-53f5-ad34-53496f467c67 | Quinta edicion | flac → MP3 | 66.7%
[2026-02-23 04:46:29] OK: 8d21be64-babc-5a5f-8e59-c1976ff57d59 | Uno que ha sido marino! | flac → MP3 | 62.2%
[2026-02-23 04:46:31] OK: 90be9127-a5f8-506e-8cd0-9a54341799f5 | El amanecer | flac → MP3 | 69.7%
[2026-02-23 04:46:32] OK: 3cd0dc84-ed2e-5ccc-9296-5f1e6dc15e36 | Mi taza de cafe | flac → MP3 | 64.9%
[2026-02-23 04:46:34] OK: 3ff69bb3-fd6f-59b7-8cd6-932c6352cf55 | Y... no la puedo olvidar | flac → MP3 | 62.9%
[2026-02-23 04:46:38] OK: 872af998-07fc-54e0-829c-4b379c30d85e | Ferdinando el toro | flac → MP3 | 59.0%
[2026-02-23 04:46:40] OK: 4e2a1a81-049e-5f89-999f-5bca371fbf35 | Noche de estrellas | flac → MP3 | 69.0%
[2026-02-23 04:46:42] OK: 70388fad-f5bd-5343-92cf-4a16fbf233e8 | Loca | flac → MP3 | 63.8%
[2026-02-23 04:46:43] OK: 9864613e-828b-5d06-a3b1-3ad2d5fb95ad | Farolito | flac → MP3 | 69.2%
[2026-02-23 04:46:43] OK: 172cdef8-720c-5d7f-9c4a-8bbe19dc7ec8 | Se lo llevaron | flac → MP3 | 68.3%
[2026-02-23 04:46:46] OK: 6d7b5ccc-8aeb-534b-b2ce-74df24f8b31b | Mirame a mi | flac → MP3 | 65.5%
[2026-02-23 04:46:52] OK: 9bac1a86-a0db-5ddb-9b5f-8ce54c811443 | Romantica | flac → MP3 | 65.7%
[2026-02-23 04:46:53] OK: caaf49f6-a178-5e11-88aa-e66a47eccd6d | Jueves | flac → MP3 | 66.6%
[2026-02-23 04:46:54] OK: 298a6b77-fbe4-5c3a-b135-cd277c12de14 | El pibe | flac → MP3 | 68.7%
[2026-02-23 04:46:56] OK: 011284f9-ee31-5349-8952-572cf96da261 | Una vez | flac → MP3 | 66.2%
[2026-02-23 04:46:57] OK: acb67983-47a9-50d2-bfd0-8a97ec835610 | El Marne | flac → MP3 | 69.0%
[2026-02-23 04:47:05] OK: 4d77e56d-f5fe-52af-bd24-e86e08e700d5 | Bajo el cono azul | flac → MP3 | 65.0%
[2026-02-23 04:47:05] OK: ed022f80-2753-50d1-b2b4-5f1be8ad9ed5 | Te amo | flac → MP3 | 62.7%
[2026-02-23 04:47:06] OK: e921539b-aaef-5c6c-84e9-99b0b0815f8f | Amor y celos | flac → MP3 | 54.8%
[2026-02-23 04:47:06] OK: bd3d100d-7ad5-52de-85fa-5d10e3b9dd4d | Senda de abrojos | flac → MP3 | 66.3%
[2026-02-23 04:47:07] OK: 0e48d854-9e62-5a45-8b1f-4194a4d5e02e | Novia mia!... | flac → MP3 | 69.7%
[2026-02-23 04:47:16] OK: 9b1f0824-c448-5544-93cc-81fc282ab933 | Lo vi en tus ojos | flac → MP3 | 69.8%
[2026-02-23 04:47:16] OK: f90aa314-f6a6-59a2-a2ef-d6dca0af1935 | Intima | flac → MP3 | 72.1%
[2026-02-23 04:47:22] OK: 0b93afc3-9619-53b4-83d0-46e7b9854416 | El Chamuyo | flac → MP3 | 71.3%
[2026-02-23 04:47:22] OK: 98dfc6f0-dc4a-52a0-835f-e769dbc66a64 | Siempre tuya sere | flac → MP3 | 62.8%
[2026-02-23 04:47:23] OK: 15f7661d-b6fd-5a3c-b770-9769a770aff7 | El vazquito | flac → MP3 | 69.5%
[2026-02-23 04:47:23] OK: 823ed496-a6da-57e9-b8df-fc0fca9cd423 | Lamentos de mujer | flac → MP3 | 68.1%
[2026-02-23 04:47:30] OK: 7acaad96-d5c8-504d-ba5f-8f1010528248 | Amor cobarde | flac → MP3 | 65.8%
[2026-02-23 04:47:31] OK: 4498b456-3f2f-5631-b1be-fd19e1dc140c | Anoche a las 4 | flac → MP3 | 64.2%
[2026-02-23 04:47:32] OK: 61c7853e-5e9a-509b-bef9-384e5b9c42dc | Oid el vals (Tu diagnostico) | flac → MP3 | 68.4%
[2026-02-23 04:47:36] OK: d2dc05bc-4998-5d24-9ce3-1eba92a4cfbe | El rey del compas | flac → MP3 | 70.6%
[2026-02-23 04:47:37] OK: fb6aa345-17ed-51fe-b53e-0402ed75ec02 | Agua bendita | flac → MP3 | 63.9%
[2026-02-23 04:47:41] OK: e22130f0-609c-52a3-9b81-7886ac7c86f4 | De punta y hacha | flac → MP3 | 64.1%
[2026-02-23 04:47:42] OK: b18cc7d8-3f5d-5da6-b2da-387dde9fff48 | Pimienta | flac → MP3 | 71.5%
[2026-02-23 04:47:43] OK: a1f7efc8-65c6-598c-94e8-b7da81471c42 | Tehuana | flac → MP3 | 66.8%
[2026-02-23 04:47:43] OK: be316d0f-498e-5573-ac4c-382cc9661f53 | Santiago del Estero | flac → MP3 | 65.7%
[2026-02-23 04:47:52] OK: aeef5f22-7683-5481-bcc5-153bc2f8d443 | Temo | flac → MP3 | 69.7%
[2026-02-23 04:47:53] OK: 7d06ad25-eaa9-5c14-82bd-d1d6ee1b3a6b | Noches de invierno | flac → MP3 | 69.9%
[2026-02-23 04:47:58] OK: 04c1cce2-84b7-53bf-86c7-1852b375e390 | Sacate el antifaz | flac → MP3 | 85.3%
[2026-02-23 04:47:59] OK: f013243c-3dcf-5a7e-b2a5-d5525fabdac5 | Bronca rea | flac → MP3 | 60.7%
[2026-02-23 04:48:02] OK: 0607869d-e290-5269-9cf0-5a97d65ab108 | Valzer del mattino (Valser del mattina) | flac → MP3 | 63.9%
[2026-02-23 04:48:03] OK: 4e72e95a-7a1d-586a-9d0b-2fb138390b0d | Hoyitos | flac → MP3 | 85.3%
[2026-02-23 04:48:07] OK: 6a3081a4-2530-5563-afb5-88c1a8b2391b | Estampa rea | flac → MP3 | 59.7%
[2026-02-23 04:50:04] WARN: 9449665d-7588-5471-9cb1-4d7f2d55a3be - Backup failed: Command '['az', 'storage', 'blob', 'upload', '--account-name', 'nttt', '--container-name', 'v20-originals', '--name', '9449665d-7588-5471-9cb1-4d7f2d55a3be.original', '--file', '/var/folders/r4/_tc4gn
[2026-02-23 04:50:08] ERROR: e0b39400-addd-5fd3-8d57-99402c1f6948 - Upload failed: Command '['az', 'storage', 'blob', 'upload', '--account-name', 'nttt', '--container-name', 'v20', '--name', 'e0b39400-addd-5fd3-8d57-99402c1f6948.mp3', '--file', '/var/folders/r4/_tc4gnds7yd7prk90mkrv
[2026-02-23 04:50:08] ERROR: a10eb79f-eb15-5012-b4e7-afc92e36873e - Upload failed: Command '['az', 'storage', 'blob', 'upload', '--account-name', 'nttt', '--container-name', 'v20', '--name', 'a10eb79f-eb15-5012-b4e7-afc92e36873e.mp3', '--file', '/var/folders/r4/_tc4gnds7yd7prk90mkrv
[2026-02-23 04:50:08] WARN: b96c5bca-f60a-534d-988c-122314c6deed - Backup failed: Command '['az', 'storage', 'blob', 'upload', '--account-name', 'nttt', '--container-name', 'v20-originals', '--name', 'b96c5bca-f60a-534d-988c-122314c6deed.original', '--file', '/var/folders/r4/_tc4gn
[2026-02-23 04:50:09] ERROR: 36edae5f-21c7-542d-b795-d80544c9b362 - Upload failed: Command '['az', 'storage', 'blob', 'upload', '--account-name', 'nttt', '--container-name', 'v20', '--name', '36edae5f-21c7-542d-b795-d80544c9b362.mp3', '--file', '/var/folders/r4/_tc4gnds7yd7prk90mkrv
[2026-02-23 04:51:13] OK: 9449665d-7588-5471-9cb1-4d7f2d55a3be | Donde vas | flac → MP3 | 63.0%
[2026-02-23 04:51:14] OK: b96c5bca-f60a-534d-988c-122314c6deed | La payanca | flac → MP3 | 55.6%
[2026-02-23 04:51:19] OK: b1d19792-616f-5767-ab76-2961012a6769 | Charlemos | flac → MP3 | 71.6%
[2026-02-23 04:51:21] OK: 5d3cc83f-b722-560b-aac8-4566a9248cde | Marejada | flac → MP3 | 66.6%
[2026-02-23 04:51:25] OK: a8897571-007f-5511-aaf9-74b7c24fffc6 | Coralito | flac → MP3 | 63.4%
[2026-02-23 04:51:27] OK: ad82e398-00e7-5709-9181-26df089219d4 | Amor ciego | flac → MP3 | 60.3%
[2026-02-23 04:51:27] OK: 616d123a-2981-5eee-9022-df6264536b8d | Alas caidas | flac → MP3 | 60.8%
[2026-02-23 04:51:32] OK: 9382d9b5-b848-54c2-a8a5-11a28da9ac8c | Adios muchachos | flac → MP3 | 65.1%
[2026-02-23 04:51:33] OK: 8ca9fee5-0916-50f7-bc99-2e7d3c393a70 | Missouri | flac → MP3 | 59.6%
[2026-02-23 04:51:34] OK: 0b70ba2f-e7d3-5d9a-8195-d564221cdef1 | El portenito | flac → MP3 | 60.9%
[2026-02-23 04:51:41] OK: 8d3c3b99-a2fc-56c3-822f-a6ffa7b75b9d | Solterona | flac → MP3 | 62.2%
[2026-02-23 04:51:42] OK: 1d4deadb-a801-5817-8855-395ec762ea1d | Trago amargo | flac → MP3 | 53.4%
[2026-02-23 04:51:44] OK: 911f2e45-3328-58ff-8261-afb6cb773c26 | Cuento criollo | flac → MP3 | 59.8%
[2026-02-23 04:51:48] OK: c12bf1e9-b67c-5b9a-91fb-6a2cad1a2ad1 | Olvidame | flac → MP3 | 59.6%
[2026-02-23 04:51:49] OK: 06559a73-d371-561f-9576-2711146eba92 | Hagan juego | flac → MP3 | 57.9%
[2026-02-23 04:51:56] OK: 6c7a9d7d-0860-5204-9577-f7d24f962a9a | Che papusa oi! | flac → MP3 | 63.2%
[2026-02-23 04:51:56] OK: dabf1356-e31a-5056-868e-ee4fd484e938 | Te acordas aquella noche? | flac → MP3 | 55.0%
[2026-02-23 04:51:58] OK: b19e3bf3-a6d5-5775-8577-0e963bf93931 | Mocosita | flac → MP3 | 62.1%
[2026-02-23 04:52:02] OK: 2a625f19-a4e8-52ce-810b-fa10b22bea89 | Cuando tu me quieras | flac → MP3 | 64.9%
[2026-02-23 04:52:04] OK: 8a489e85-e5ad-5595-ad69-593e3718e91a | Viento norte | flac → MP3 | 62.4%
[2026-02-23 04:52:10] OK: 014e82fc-0535-564b-9db9-0fe9d86dc118 | Muneca de percal | flac → MP3 | 61.0%
[2026-02-23 04:52:11] OK: eb2636f3-f1a6-547e-ad66-7b2912ae16e2 | Que ranada | flac → MP3 | 61.8%
[2026-02-23 04:52:11] OK: ab2b5cd5-1390-50b7-aa0d-0239b39a0c6b | Sos vos, que cambiada estas | flac → MP3 | 87.3%
[2026-02-23 04:52:17] OK: d3df16c6-79c8-5467-b089-5c4522494de7 | Juanita (Jeannine) | flac → MP3 | 62.0%
[2026-02-23 04:52:18] OK: 536ce45c-34da-5c23-8532-ddcbafc2b577 | El alma del tango | flac → MP3 | 63.8%
[2026-02-23 04:52:23] OK: 1858123d-aea7-5b21-91df-6bd69548315a | Ronita | flac → MP3 | 64.5%
[2026-02-23 04:52:27] OK: f1a49aaa-9b83-58e3-aaab-b098c69d9600 | Patoteros | flac → MP3 | 62.8%
[2026-02-23 04:52:29] OK: 9f8c60c6-87a2-5a57-9d65-e2ad6c4e114a | Malquerida | flac → MP3 | 64.9%
[2026-02-23 04:52:29] OK: 2ba5ad67-f33b-5ec0-b64b-8a569e33e28c | Por que me dejaste | flac → MP3 | 62.4%
[2026-02-23 04:52:30] OK: c57ff2f1-f575-5353-97d1-1376b9a469a8 | En un rincon de floresta | flac → MP3 | 63.0%
[2026-02-23 04:52:37] OK: 1c398eba-4ec2-5180-b8b1-aaf86945e21c | Te acompano el sentimiento | flac → MP3 | 63.7%
[2026-02-23 04:52:39] OK: 46cf750d-259b-50a8-91fc-bf5a408ba7ec | Tardecita gris | flac → MP3 | 84.0%
[2026-02-23 04:52:41] OK: d0eac454-eb9a-5127-8910-bd5dd3328777 | Haceme caso a mi | flac → MP3 | 60.0%
[2026-02-23 04:52:45] OK: 25ea53a9-b882-58c9-b278-673849b32d4e | La muchacha del circo | flac → MP3 | 59.3%
[2026-02-23 04:52:48] OK: 3e0e2b18-464a-5f55-8542-96921b411ffd | Maldito tango | flac → MP3 | 63.4%
[2026-02-23 04:52:51] OK: d85fe73c-a74b-514c-bc61-ae09867104f0 | Flor de fango | flac → MP3 | 63.9%
[2026-02-23 04:52:52] OK: b7c4e785-35ed-527d-a2a3-f155acfee846 | El 999 | flac → MP3 | 63.9%
[2026-02-23 04:52:54] OK: 2a7ecc47-01b4-5ca6-9dcd-d34c020ce15f | Carta brava | flac → MP3 | 62.8%
[2026-02-23 04:52:58] OK: 1fbca7e9-95de-5f0f-9772-42946046ccbc | Pobre hombre | flac → MP3 | 65.6%
[2026-02-23 04:52:59] OK: fa2c686f-d855-54ae-b734-05c00b21634b | Alma de bohemio | flac → MP3 | 57.9%
[2026-02-23 04:53:01] OK: dd0b2bef-9adb-5206-b171-0e7eea27e6c0 | Despojos | flac → MP3 | 59.2%
[2026-02-23 04:53:04] OK: a32b56f6-7577-5d1e-b912-395aca96585e | Chorra | flac → MP3 | 60.4%
[2026-02-23 04:53:04] OK: 62a1dcd1-a9ad-56da-b2c8-b9a503222f3a | Gloria | flac → MP3 | 51.9%
[2026-02-23 04:53:11] OK: 82172023-5a08-591b-a364-45c8750555e5 | Fanfarron | flac → MP3 | 61.7%
[2026-02-23 04:53:12] OK: 866c9539-ced1-50bd-a101-0adac20b2c93 | Debes reir | flac → MP3 | 57.8%
[2026-02-23 04:53:14] OK: 44052e95-7958-524a-9cec-017ca67448c7 | Historia maleva | flac → MP3 | 60.4%
[2026-02-23 04:53:15] OK: af748fe4-33a8-5198-9e32-841bdd04a999 | Acordate | flac → MP3 | 63.7%
[2026-02-23 04:55:14] ERROR: 1cca2f74-8d64-5a81-a672-02ffb5b4c7bd - Upload failed: Command '['az', 'storage', 'blob', 'upload', '--account-name', 'nttt', '--container-name', 'v20', '--name', '1cca2f74-8d64-5a81-a672-02ffb5b4c7bd.mp3', '--file', '/var/folders/r4/_tc4gnds7yd7prk90mkrv
[2026-02-23 04:55:15] WARN: c41cc606-8d8c-5b31-9cf6-822363903cda - Backup failed: Command '['az', 'storage', 'blob', 'upload', '--account-name', 'nttt', '--container-name', 'v20-originals', '--name', 'c41cc606-8d8c-5b31-9cf6-822363903cda.original', '--file', '/var/folders/r4/_tc4gn
[2026-02-23 04:55:16] WARN: a2226929-3352-5945-8dee-c66aa0568034 - Backup failed: Command '['az', 'storage', 'blob', 'upload', '--account-name', 'nttt', '--container-name', 'v20-originals', '--name', 'a2226929-3352-5945-8dee-c66aa0568034.original', '--file', '/var/folders/r4/_tc4gn
[2026-02-23 04:55:19] ERROR: 1770ce94-bc4c-562c-908f-c427743bf7e1 - Upload failed: Command '['az', 'storage', 'blob', 'upload', '--account-name', 'nttt', '--container-name', 'v20', '--name', '1770ce94-bc4c-562c-908f-c427743bf7e1.mp3', '--file', '/var/folders/r4/_tc4gnds7yd7prk90mkrv
[2026-02-23 04:55:20] ERROR: 47dbe0e6-0117-51f8-a69e-46073868a975 - Upload failed: Command '['az', 'storage', 'blob', 'upload', '--account-name', 'nttt', '--container-name', 'v20', '--name', '47dbe0e6-0117-51f8-a69e-46073868a975.mp3', '--file', '/var/folders/r4/_tc4gnds7yd7prk90mkrv
[2026-02-23 04:56:11] OK: a2226929-3352-5945-8dee-c66aa0568034 | Falucho | flac → MP3 | 64.5%
[2026-02-23 04:56:16] OK: c41cc606-8d8c-5b31-9cf6-822363903cda | Dominio | flac → MP3 | 60.8%
[2026-02-23 04:56:24] OK: 49d6c4ce-b44e-5085-bc23-1578cb04945e | Ensueno | flac → MP3 | 58.7%
[2026-02-23 04:56:25] OK: 9381b289-f260-5a7f-8a48-575819183be9 | Barra universitaria | flac → MP3 | 63.1%
[2026-02-23 04:56:25] OK: e29c6787-6cd2-5ea9-864c-d9b92d5a846c | Tigre viejo | flac → MP3 | 55.7%
[2026-02-23 04:56:25] OK: 48edd6a3-27a1-5400-b3a2-b3d2ef0dd948 | Portero suba y diga | flac → MP3 | 61.0%
[2026-02-23 04:56:27] OK: b6c76539-d64d-5e8a-be38-fada4a1ed923 | Las chircas | flac → MP3 | 62.4%
[2026-02-23 04:56:35] OK: 52c8c55f-cb3d-5dbf-bbab-742495670444 | La sonambula | flac → MP3 | 63.8%
[2026-02-23 04:56:38] OK: 1ea868e2-ba16-58a3-bbb5-dfe07b151197 | Por una carta | flac → MP3 | 62.1%
[2026-02-23 04:56:40] OK: 15e5030e-87b3-5475-a144-ec1348abe0de | Chuzazos | flac → MP3 | 54.3%
[2026-02-23 04:56:42] OK: 2b894c1a-b3ec-5b96-9c33-49753e7f37bf | Olvidaste | flac → MP3 | 59.8%
[2026-02-23 04:56:42] OK: 44862cf0-8c1a-5b26-b899-9296b841380b | Puente Alsina | flac → MP3 | 51.7%
[2026-02-23 04:56:49] OK: bb035236-7668-54d7-90e5-bcd7434c82d0 | Piba | flac → MP3 | 61.4%
[2026-02-23 04:56:50] OK: 907f7e7c-b7ae-58ab-96ec-91177000f341 | Paja brava | flac → MP3 | 61.9%
[2026-02-23 04:56:51] OK: 7400d139-9fc4-5288-960e-5d8c90265a94 | Gigolo de lujo | flac → MP3 | 58.5%
[2026-02-23 04:56:55] OK: a100629d-6c7a-55d7-acf2-f246a81cc11e | Rezongona | flac → MP3 | 58.3%
[2026-02-23 04:56:56] OK: c59f84f3-2739-5bb1-83ec-c23dcd664ed7 | Garabato | flac → MP3 | 62.3%
[2026-02-23 04:57:01] OK: 299c9fa4-8ac8-5408-8115-d86cc56f47f4 | Vecinita gentil | flac → MP3 | 60.9%
[2026-02-23 04:57:05] OK: 260c366d-8715-5650-843f-232fd821c35a | En la carcel | flac → MP3 | 62.5%
[2026-02-23 04:57:05] OK: f71ad177-0966-56b6-9b9c-aa83685fa074 | Te vas... te vas de mi lado | flac → MP3 | 61.0%
[2026-02-23 04:57:06] OK: 8e571d3d-889b-51cb-b98e-9d2c47c70796 | Musiquita | flac → MP3 | 64.9%
[2026-02-23 04:57:07] OK: b9360a8c-ea7c-5810-b0cf-e6f7df707507 | Hilos de plata | flac → MP3 | 62.8%
[2026-02-23 04:57:14] OK: 2831e1ea-279e-549d-9e9a-75b4978fcdd2 | Triste payaso | flac → MP3 | 55.7%
[2026-02-23 04:57:21] OK: c76b8eb9-9b7e-569a-812c-8b60b39d6225 | Ausencia | flac → MP3 | 53.2%
[2026-02-23 04:57:21] OK: d4f7b1ae-2460-5225-af47-48567f3cfd72 | Te fuiste | flac → MP3 | 64.1%
[2026-02-23 04:57:24] OK: d11729ed-451c-5627-a564-a54cc72cedbf | Canas de plata | flac → MP3 | 60.1%
[2026-02-23 04:57:24] OK: 86897401-1fb5-5419-8d5b-d73d94bad6dc | La pena de un metejon | flac → MP3 | 84.6%
[2026-02-23 04:57:25] OK: 9ad2b313-87fd-51c3-b71c-a4e4243832ef | No es por hablar mal | flac → MP3 | 61.5%
[2026-02-23 04:57:34] OK: 0267ac12-770d-50d3-b916-5386ef70996e | Tus besos fueron mios | flac → MP3 | 53.6%
[2026-02-23 04:57:34] OK: 18c20ae2-81df-5d78-b94d-badad1ce0617 | No miento | flac → MP3 | 60.6%
[2026-02-23 04:57:36] OK: bf2ea7b1-381c-5579-a688-999488217f4e | Trapo viejo | flac → MP3 | 64.4%
[2026-02-23 04:57:38] OK: 453d7d63-1c70-5357-9548-eff205af930c | Pancho talero | flac → MP3 | 63.1%
[2026-02-23 04:57:39] OK: cfc2f594-0a5f-5c4f-be0a-73f3898d7bbb | Mi papito | flac → MP3 | 59.1%
[2026-02-23 04:57:45] OK: da74e925-da85-546c-bd1d-a0782a915b20 | Rosa marchita | flac → MP3 | 59.9%
[2026-02-23 04:57:51] OK: 3bd3a4bd-4ec0-50d7-bed1-7aefadafb22a | Puesta de sol | flac → MP3 | 62.1%
[2026-02-23 04:57:52] OK: 9bafc205-0b83-5a25-bbb5-6c5ef866104e | Pato | flac → MP3 | 61.2%
[2026-02-23 04:57:52] OK: 80c15357-355a-5bb3-8f07-41d3824fecc3 | Pobre zonzo | flac → MP3 | 62.6%
[2026-02-23 04:57:53] OK: b8827972-eda2-5dab-a5c8-302ef53a52ba | Viejo taura | flac → MP3 | 51.9%
[2026-02-23 04:57:57] OK: f69afa82-fefd-5162-a02e-9a437a7af6c1 | Esta noche me emborracho | flac → MP3 | 60.6%
[2026-02-23 04:58:07] OK: 23d6d878-4105-5e24-92fc-043c61d77712 | My Angelina | flac → MP3 | 59.8%
[2026-02-23 04:58:08] OK: 42666da3-825c-5619-bd94-a45d8dbe3519 | Tradicion | flac → MP3 | 63.2%
[2026-02-23 04:58:09] OK: 9f098fce-75e2-5a41-aa90-bd6aa3c1747d | Horas fugaces | flac → MP3 | 62.9%
[2026-02-23 04:58:09] OK: af996743-778e-5afb-a234-23dc1a90d146 | Mabel | flac → MP3 | 50.3%
[2026-02-23 04:58:13] OK: d0cfa173-27e5-5909-8e1c-dc481057bd4a | Musica de calesita | flac → MP3 | 85.0%
[2026-02-23 04:58:16] OK: f56b2918-2cea-5964-b729-99dbb4e80156 | Rayito | flac → MP3 | 61.5%
[2026-02-23 04:58:20] OK: 07bf6f76-514b-5af0-864d-540bb5c67d36 | Pavote | flac → MP3 | 61.9%
[2026-02-23 05:00:22] ERROR: 32eb277f-3c21-5d43-be5f-6f4317140ce0 - Upload failed: Command '['az', 'storage', 'blob', 'upload', '--account-name', 'nttt', '--container-name', 'v20', '--name', '32eb277f-3c21-5d43-be5f-6f4317140ce0.mp3', '--file', '/var/folders/r4/_tc4gnds7yd7prk90mkrv
[2026-02-23 05:00:23] ERROR: 8ff203bc-ee3c-507a-8c37-b99d3e693381 - Upload failed: Command '['az', 'storage', 'blob', 'upload', '--account-name', 'nttt', '--container-name', 'v20', '--name', '8ff203bc-ee3c-507a-8c37-b99d3e693381.mp3', '--file', '/var/folders/r4/_tc4gnds7yd7prk90mkrv
[2026-02-23 05:00:27] ERROR: 66e07f18-8680-5fff-b460-3b2e4c07bcb5 - Upload failed: Command '['az', 'storage', 'blob', 'upload', '--account-name', 'nttt', '--container-name', 'v20', '--name', '66e07f18-8680-5fff-b460-3b2e4c07bcb5.mp3', '--file', '/var/folders/r4/_tc4gnds7yd7prk90mkrv
[2026-02-23 05:00:30] ERROR: eae34d47-b131-5425-9500-96b3e7504018 - Upload failed: Command '['az', 'storage', 'blob', 'upload', '--account-name', 'nttt', '--container-name', 'v20', '--name', 'eae34d47-b131-5425-9500-96b3e7504018.mp3', '--file', '/var/folders/r4/_tc4gnds7yd7prk90mkrv
[2026-02-23 05:00:31] ERROR: 04a34cc5-8a51-5406-82d8-62e0ee06e050 - Upload failed: Command '['az', 'storage', 'blob', 'upload', '--account-name', 'nttt', '--container-name', 'v20', '--name', '04a34cc5-8a51-5406-82d8-62e0ee06e050.mp3', '--file', '/var/folders/r4/_tc4gnds7yd7prk90mkrv
[2026-02-23 05:01:19] OK: a19cdc28-68d2-582e-a4a6-7ca909548766 | Hembra | flac → MP3 | 62.1%
[2026-02-23 05:01:22] OK: b2d5a33d-05b8-5e54-a76c-d0f8316bcbef | Botija linda | flac → MP3 | 53.8%
[2026-02-23 05:01:24] OK: 4be3ffdf-fb07-573d-b30f-af9e8770497f | Chlo-e | flac → MP3 | 61.7%
[2026-02-23 05:01:27] OK: a13cf06b-9a7d-5e54-9e9b-6e80dca172a7 | Pancho's bar | flac → MP3 | 61.0%
[2026-02-23 05:01:32] OK: 3fc8c9cd-5f9a-540a-b002-55534e32a3e7 | Una tirada | flac → MP3 | 60.8%
[2026-02-23 05:01:33] OK: b9a459e6-698b-5883-a67a-286951a20677 | Te armaras | flac → MP3 | 62.6%
[2026-02-23 05:01:33] OK: 6ce689e3-fffa-53b5-abaf-a6432c977668 | Milonga por que lloras | flac → MP3 | 87.3%
[2026-02-23 05:01:40] OK: 5ca6817c-1ada-5777-98ee-d331c545865d | Te felicito | flac → MP3 | 59.1%
[2026-02-23 05:01:40] OK: 1c309cd5-12a3-5c97-9846-7479872ffd3d | Dios Momo | flac → MP3 | 60.5%
[2026-02-23 05:01:41] OK: 1190923c-a264-5f03-8147-0dd632841756 | Don Trancredo | flac → MP3 | 57.8%
[2026-02-23 05:01:47] OK: 8ec15847-8ae3-5a4d-99a7-8ef66108df68 | Linda | flac → MP3 | 62.3%
[2026-02-23 05:01:49] OK: c5b5d479-d06a-5835-a68d-f84695b127cb | Cocoliche | flac → MP3 | 84.9%
[2026-02-23 05:01:51] OK: 627f9eb6-a174-513b-8853-a478a9c4da0b | Rubiecita | flac → MP3 | 60.0%
[2026-02-23 05:01:52] OK: 1f5cd1c3-4ca4-5218-af8e-ea75494184c5 | La rosarina | flac → MP3 | 64.8%
[2026-02-23 05:01:55] OK: 07f5951e-4ba1-5512-8aa5-192ade21ad56 | Soy de linea | flac → MP3 | 62.9%
[2026-02-23 05:01:59] OK: 180613cf-9abc-54d0-b37d-e412c15eaed6 | Nino bien | flac → MP3 | 60.1%
[2026-02-23 05:02:01] OK: 48b79b78-28a2-5b83-8d51-bcd8af887c78 | Sueno | flac → MP3 | 58.9%
[2026-02-23 05:02:04] OK: a5f60085-22dc-5042-aef4-661a567766dd | El choclo | flac → MP3 | 61.9%
[2026-02-23 05:02:05] OK: b3a5dec9-1534-58d3-a4c1-c721c2476fac | El matrero | flac → MP3 | 63.1%
[2026-02-23 05:02:07] OK: f2138ac6-9da1-54d4-afe7-1bdc8e8e470a | Mala yerba | flac → MP3 | 63.9%
[2026-02-23 05:02:11] OK: 25f33a21-e03e-539e-9caa-38d08f77ba96 | Maria Cristina | flac → MP3 | 56.4%
[2026-02-23 05:02:13] OK: 19ca60c9-d356-5200-aadb-ee1feb21d000 | De punta y hacha | flac → MP3 | 64.2%
[2026-02-23 05:02:16] OK: cbb854dc-2aaf-5d6c-ba9c-f95abcdf9b89 | El tabano | flac → MP3 | 70.6%
[2026-02-23 05:02:22] OK: ec7d5ba6-624d-5075-9540-671b41839d27 | Viejo rincon (take 2) | flac → MP3 | 63.0%
[2026-02-23 05:02:24] OK: 392c2d91-3068-5e5c-9384-379d12c46d24 | Cualquier cosa | flac → MP3 | 73.8%
[2026-02-23 05:02:27] OK: ae7e2535-061b-5c9a-a928-618f5a79e95b | Ojos maulas | flac → MP3 | 71.1%
[2026-02-23 05:02:28] OK: 9ec4f17a-991f-5565-955a-35febe1827ed | Fayuca | flac → MP3 | 85.5%
[2026-02-23 05:02:32] OK: b8571ed2-c54d-50ed-a108-b74240bbaac3 | Me voy cantando bajito | flac → MP3 | 75.1%
[2026-02-23 05:02:33] OK: 27a3f02a-b32e-559c-8133-2e69a6b5e522 | Adios Bardi | flac → MP3 | 69.2%
[2026-02-23 05:02:38] OK: 25b35b85-2ff9-5335-8525-7459de84f62d | No me escribas | flac → MP3 | 72.0%
[2026-02-23 05:02:42] OK: e35edaea-3e00-5b09-9e01-71c6894fb702 | Tierra querida | flac → MP3 | 70.2%
[2026-02-23 05:02:44] OK: 2b8f8b97-e459-5b79-822d-da4566e6ea90 | El tango es una historia | flac → MP3 | 69.6%
[2026-02-23 05:02:45] OK: 53a6ff58-7168-5822-a2f2-1277e84634c6 | El Rodeo | flac → MP3 | 70.1%
[2026-02-23 05:02:45] OK: 3a3e5655-f37e-52f9-b86a-f1cff16f8930 | Dos ojos tristes | flac → MP3 | 71.3%
[2026-02-23 05:02:48] OK: 2dde0b57-00a5-59b0-a41b-26710f6c9d96 | Tu casa ya no esta | flac → MP3 | 69.8%
[2026-02-23 05:02:52] OK: 05079a44-bbef-568b-97d5-76228ce4a803 | Hoy al recordarla | flac → MP3 | 71.6%
[2026-02-23 05:02:55] OK: 38cfc02a-c70c-576e-95eb-01c60b9d6964 | El arranque | flac → MP3 | 68.8%
[2026-02-23 05:02:59] OK: 0397aac9-4768-5134-b854-3220c55234fe | Amurado | flac → MP3 | 68.8%
[2026-02-23 05:03:03] OK: 63ee9c53-e52a-56d1-b041-eddfe3d9cf13 | La yumba | flac → MP3 | 70.8%
[2026-02-23 05:03:03] OK: 98b3bf74-0e4d-5f55-8231-da504483d7c2 | Principe | flac → MP3 | 70.6%
[2026-02-23 05:03:03] OK: 36bde537-9e10-5361-bd9a-4cfd1fe495fc | La mascota del barrio | flac → MP3 | 71.0%
[2026-02-23 05:03:09] OK: 26d07b96-61f2-523b-95a9-38e60a4aa196 | Farol | flac → MP3 | 72.4%
[2026-02-23 05:03:15] OK: 95c3cbc4-484e-56b8-86ba-60b73d8d8e1c | Sin palabras | flac → MP3 | 71.1%
[2026-02-23 05:03:15] OK: 157e837d-77d4-502f-a1f7-4f8d955daa44 | Silbar de boyero | flac → MP3 | 68.9%
[2026-02-23 05:03:16] OK: 0f1c8c70-f89c-5ded-a14a-5f8134ef6381 | Consejo de oro | flac → MP3 | 71.8%
[2026-02-23 05:03:16] OK: ceda7379-3cb0-5091-aecd-1312fb48e698 | Sin lagrimas | flac → MP3 | 71.8%
[2026-02-23 05:03:18] OK: 3adb7377-7342-5c42-9ce6-61bc4a65c3ed | El remate | flac → MP3 | 70.4%
[2026-02-23 05:05:16] WARN: 1111c1d7-52c8-584d-8f3b-a8a9abc9cf0a - Backup failed: Command '['az', 'storage', 'blob', 'upload', '--account-name', 'nttt', '--container-name', 'v20-originals', '--name', '1111c1d7-52c8-584d-8f3b-a8a9abc9cf0a.original', '--file', '/var/folders/r4/_tc4gn
[2026-02-23 05:05:16] WARN: 69784598-6ca6-5e10-9bd7-4792d834aac5 - Backup failed: Command '['az', 'storage', 'blob', 'upload', '--account-name', 'nttt', '--container-name', 'v20-originals', '--name', '69784598-6ca6-5e10-9bd7-4792d834aac5.original', '--file', '/var/folders/r4/_tc4gn
[2026-02-23 05:05:17] WARN: d617f78a-ebdf-5671-910e-d73b1d06c4d3 - Backup failed: Command '['az', 'storage', 'blob', 'upload', '--account-name', 'nttt', '--container-name', 'v20-originals', '--name', 'd617f78a-ebdf-5671-910e-d73b1d06c4d3.original', '--file', '/var/folders/r4/_tc4gn
[2026-02-23 05:05:19] WARN: cef1abeb-2389-5ddf-9977-97d7dfd56ce1 - Backup failed: Command '['az', 'storage', 'blob', 'upload', '--account-name', 'nttt', '--container-name', 'v20-originals', '--name', 'cef1abeb-2389-5ddf-9977-97d7dfd56ce1.original', '--file', '/var/folders/r4/_tc4gn
[2026-02-23 05:05:21] ERROR: 1983206f-ed03-5e84-bba2-2b744667a352 - Upload failed: Command '['az', 'storage', 'blob', 'upload', '--account-name', 'nttt', '--container-name', 'v20', '--name', '1983206f-ed03-5e84-bba2-2b744667a352.mp3', '--file', '/var/folders/r4/_tc4gnds7yd7prk90mkrv
[2026-02-23 05:06:10] OK: cef1abeb-2389-5ddf-9977-97d7dfd56ce1 | Nada mas que un corazon | flac → MP3 | 69.1%
[2026-02-23 05:06:13] OK: 69784598-6ca6-5e10-9bd7-4792d834aac5 | El dia de tu ausencia | flac → MP3 | 70.3%
[2026-02-23 05:06:14] OK: d617f78a-ebdf-5671-910e-d73b1d06c4d3 | Muchachos comienza la ronda | flac → MP3 | 69.1%
[2026-02-23 05:06:15] OK: 1111c1d7-52c8-584d-8f3b-a8a9abc9cf0a | Fuimos | flac → MP3 | 71.1%
[2026-02-23 05:06:26] OK: 8f63365d-1555-53f4-a34d-72db68a676b8 | Mal de amores | flac → MP3 | 71.5%
[2026-02-23 05:06:28] OK: e53cd650-9579-5338-9108-b52cc0be82c0 | Tiempo | flac → MP3 | 72.1%
[2026-02-23 05:06:29] OK: 2a0f66a2-dee6-586a-b0e3-4ae26cb62501 | Una vez | flac → MP3 | 69.7%
[2026-02-23 05:06:31] OK: c5a15a58-a124-5628-8326-ab000ec3975c | Mala estampa (Mala Pinta) | flac → MP3 | 70.9%
[2026-02-23 05:06:33] OK: 4a92ded8-ca15-506b-a5d6-4eb0f70e2d55 | Vayan saliendo | flac → MP3 | 71.0%
[2026-02-23 05:06:36] OK: 3174a026-f9e9-576f-ae8c-d50870b3f9d4 | Tiny | flac → MP3 | 71.5%
[2026-02-23 05:06:37] OK: 36fffa50-000c-5555-ac63-17a9b79b302c | Mirando la lluvia | flac → MP3 | 70.7%
[2026-02-23 05:06:38] OK: f90ebd02-f823-566a-8899-3cc56bd7155c | Pelele | flac → MP3 | 69.8%
[2026-02-23 05:06:47] OK: cfafb22a-5099-545e-89aa-7106d0481f3e | Mala junta | flac → MP3 | 70.1%
[2026-02-23 05:06:48] OK: 7a25bcd8-8679-5706-b93f-aeaa5eb1e006 | Corrientes y Esmeralda | flac → MP3 | 68.9%
[2026-02-23 05:06:49] OK: 6ab55354-c72a-52ad-aa34-def57c62c244 | La abandone y no sabia | flac → MP3 | 70.7%
[2026-02-23 05:06:49] OK: 1047c9d7-4c7d-5ab9-899f-9b6a9780d916 | Corrientes y Esmeralda | flac → MP3 | 70.5%
[2026-02-23 05:06:49] OK: 62ad10f9-3f10-570e-9473-ac535137a56a | Las marionetas | flac → MP3 | 73.7%
[2026-02-23 05:06:59] OK: 35a42b3a-39f5-5b67-b07c-aac81c16e13a | Mala junta | flac → MP3 | 71.4%
[2026-02-23 05:07:01] OK: ac614e0a-73a4-5f98-b7d1-0c46af860b57 | El rodeo | flac → MP3 | 71.2%
[2026-02-23 05:07:04] OK: 28ccdb46-0ae6-59de-9487-5928c7d0854f | Demasiado tarde | flac → MP3 | 72.2%
[2026-02-23 05:07:05] OK: 889b15aa-10b0-5368-bfc2-b91d17b36361 | Raza criolla (El Taita) | flac → MP3 | 73.1%
[2026-02-23 05:07:07] OK: 80827c1a-8f6c-54cb-a79d-b6758a67a665 | El paladin | flac → MP3 | 70.4%
[2026-02-23 05:07:09] OK: baeca09a-5529-5101-9d5e-0f241aeb56b8 | El abrojito | flac → MP3 | 73.7%
[2026-02-23 05:07:14] OK: 176303fd-4141-5a9e-9568-1d0a35e4a4d8 | Silbar De Boyero | flac → MP3 | 70.9%
[2026-02-23 05:07:14] OK: f3077d54-8397-5b34-a4a4-18b997d8c7bf | El monito | flac → MP3 | 69.8%
[2026-02-23 05:07:16] OK: 04593582-01a7-52d8-b8f1-65374319d3a0 | Hoy al recordarla | flac → MP3 | 73.8%
[2026-02-23 05:07:17] OK: a68e2250-dbbe-5cd5-b4e2-cefe097a87c9 | Amurado | flac → MP3 | 70.8%
[2026-02-23 05:07:18] OK: 6d499d38-4cb1-5ea5-9836-c271fe8ca902 | Puentecito de mi rio | flac → MP3 | 70.9%
[2026-02-23 05:07:23] OK: 6eee60c6-69c8-58ad-8e60-fa5a0aa6623a | Dandy | flac → MP3 | 73.5%
[2026-02-23 05:07:28] OK: 248cbf74-8078-5888-83e1-e2056b8d3e44 | Derecho viejo | flac → MP3 | 72.9%
[2026-02-23 05:07:28] OK: 079103b6-cb8c-5dbf-bb0a-93dce1490789 | Por que no has venido | flac → MP3 | 72.7%
[2026-02-23 05:07:29] OK: 5d0343d4-5b23-5641-a8a3-b655062cb721 | Tortazos | flac → MP3 | 71.2%
[2026-02-23 05:07:33] OK: 92e58a76-51d6-5db6-9531-52f52e48c04c | Mentira | flac → MP3 | 73.4%
[2026-02-23 05:07:34] OK: 967de000-ba05-54e8-b395-9281185d4a61 | Tu casa ya no esta | flac → MP3 | 72.6%
[2026-02-23 05:07:38] OK: 8aafd04b-4261-5f06-9024-f3f8b0853eff | Maleza | flac → MP3 | 73.3%
[2026-02-23 05:07:43] OK: a04d2c3e-ee61-5510-8a85-1d985dc211c8 | El remate | flac → MP3 | 69.1%
[2026-02-23 05:07:43] OK: 70a0dbfe-3005-50db-b668-2551d8653ac5 | Recuerdo | flac → MP3 | 67.7%
[2026-02-23 05:07:44] OK: b128ec6c-e966-5531-82f6-872552f965e0 | Que bien te queda (Como has cambiado) | flac → MP3 | 74.1%
[2026-02-23 05:07:44] OK: dfc8ccec-96c3-572d-a961-de701d7d54cb | El arranque | flac → MP3 | 72.8%
[2026-02-23 05:07:49] OK: a7550ccd-00c8-5b15-a73c-a09eb3a2c69d | Descorazonado | flac → MP3 | 71.4%
[2026-02-23 05:07:55] OK: c6aa9cb7-45a5-51f6-a578-f07bb5cc3ec8 | Por que...? | flac → MP3 | 74.3%
[2026-02-23 05:07:56] OK: 471bcdef-7fef-5889-9eee-07b30c938e57 | Flor de tango | flac → MP3 | 72.9%
[2026-02-23 05:07:56] OK: 8320e417-a5bf-544e-a13c-640a4ebbf152 | Tiny | flac → MP3 | 75.3%
[2026-02-23 05:07:57] OK: 83bd669b-a8ad-5899-9966-92e2c9ea0d43 | Mala junta | flac → MP3 | 70.9%
[2026-02-23 05:08:02] OK: 31eead54-2218-58b4-a31a-b6e698d3972e | Adios Bardi | flac → MP3 | 69.7%
[2026-02-23 05:08:03] OK: 194335cb-f789-5324-a7f8-29b15d77e977 | Pinta brava | flac → MP3 | 68.4%
[2026-02-23 05:08:08] OK: fa3a20f8-a5c1-5f26-869b-c6b52ac09d02 | El Monito | flac → MP3 | 60.3%
[2026-02-23 05:08:08] OK: cd4ac439-8bab-50d9-8b80-1cc28d1fec81 | El sueno del pibe | flac → MP3 | 60.4%
[2026-02-23 05:10:06] ERROR: 77ec4ea5-9db3-56c0-bea7-1dfefe1b6add - Upload failed: Command '['az', 'storage', 'blob', 'upload', '--account-name', 'nttt', '--container-name', 'v20', '--name', '77ec4ea5-9db3-56c0-bea7-1dfefe1b6add.mp3', '--file', '/var/folders/r4/_tc4gnds7yd7prk90mkrv
[2026-02-23 05:10:09] WARN: f8700b15-f4d3-5116-b13d-c8f2b45b6595 - Backup failed: Command '['az', 'storage', 'blob', 'upload', '--account-name', 'nttt', '--container-name', 'v20-originals', '--name', 'f8700b15-f4d3-5116-b13d-c8f2b45b6595.original', '--file', '/var/folders/r4/_tc4gn
[2026-02-23 05:10:09] ERROR: d98a4857-072e-5e17-93ba-ac02f53208db - Upload failed: Command '['az', 'storage', 'blob', 'upload', '--account-name', 'nttt', '--container-name', 'v20', '--name', 'd98a4857-072e-5e17-93ba-ac02f53208db.mp3', '--file', '/var/folders/r4/_tc4gnds7yd7prk90mkrv
[2026-02-23 05:10:09] WARN: 53291320-fe41-57aa-bc99-9b2b6810cf34 - Backup failed: Command '['az', 'storage', 'blob', 'upload', '--account-name', 'nttt', '--container-name', 'v20-originals', '--name', '53291320-fe41-57aa-bc99-9b2b6810cf34.original', '--file', '/var/folders/r4/_tc4gn
[2026-02-23 05:10:10] ERROR: 382dadba-6f8b-5e20-a76c-cd6dcd8f8013 - Upload failed: Command '['az', 'storage', 'blob', 'upload', '--account-name', 'nttt', '--container-name', 'v20', '--name', '382dadba-6f8b-5e20-a76c-cd6dcd8f8013.mp3', '--file', '/var/folders/r4/_tc4gnds7yd7prk90mkrv
[2026-02-23 05:11:12] OK: f8700b15-f4d3-5116-b13d-c8f2b45b6595 | Mal de Amores | flac → MP3 | 64.3%
[2026-02-23 05:11:14] OK: 53291320-fe41-57aa-bc99-9b2b6810cf34 | Flor de tango | flac → MP3 | 66.5%
[2026-02-23 05:11:21] OK: ae20ff61-442e-5db4-820e-77904db9d689 | Galleguita | flac → MP3 | 73.3%
[2026-02-23 05:11:22] OK: f0ad76b7-8c62-551e-a8b7-9e68e6cec93b | Yuyo verde | flac → MP3 | 68.1%
[2026-02-23 05:11:23] OK: 3a6e8293-2cea-5635-b0d2-48ab6f3026b6 | El dia de tu ausencia | flac → MP3 | 69.0%
[2026-02-23 05:11:23] OK: 99ad17ab-6065-5be9-8cd9-cdcdf0e94cab | Amurado | flac → MP3 | 66.0%
[2026-02-23 05:11:25] OK: 4cb63423-acbf-5774-9d3b-53781abf8109 | Tiempo | flac → MP3 | 71.8%
[2026-02-23 05:11:32] OK: ddc2b7c7-fc6c-5e7a-9a88-10b01cdf79df | Una vez | flac → MP3 | 59.4%
[2026-02-23 05:11:32] OK: dd25bd66-ffa2-5471-863a-8da87b13af2d | Recuerdo | flac → MP3 | 61.9%
[2026-02-23 05:11:34] OK: 90ad429e-8c8f-56b1-9351-8c14bcc83a30 | Patetico | flac → MP3 | 63.4%
[2026-02-23 05:11:35] OK: b3bdc0ea-40e2-5d62-8010-516034672cc0 | Farol | flac → MP3 | 71.2%
[2026-02-23 05:11:41] OK: 8e9e90ee-f0c2-5432-8a07-649c7046940e | Adios Bardi | flac → MP3 | 68.4%
[2026-02-23 05:11:41] OK: 72d6ffba-556b-515e-9d56-eeb757e1b9e3 | El tango es una historia | flac → MP3 | 68.2%
[2026-02-23 05:11:46] OK: 74691395-13b3-5139-b2ae-782da72318be | La yumba | flac → MP3 | 72.3%
[2026-02-23 05:11:47] OK: 9b111a10-23a4-5d9a-82f5-352c073baa79 | El tango es una historia | flac → MP3 | 72.5%
[2026-02-23 05:11:50] OK: 9ebb75bf-6c40-50d7-8d65-f17b58ad8a46 | Bien compadre | flac → MP3 | 72.8%
[2026-02-23 05:11:52] OK: 870a954f-1b82-5eb7-a5f7-5a47f8379457 | Escuchame Manon | flac → MP3 | 69.9%
[2026-02-23 05:11:52] OK: 9be9ed7e-a418-5ad0-b582-6794614c1fc3 | Negracha | flac → MP3 | 70.3%
[2026-02-23 05:11:54] OK: 32a93356-3b7b-5f9f-b240-44bebb62ed42 | Adios Bardi | flac → MP3 | 63.4%
[2026-02-23 05:11:54] OK: 784f7219-77b9-5a1f-a2b5-dd54b983c01f | Malandraca | flac → MP3 | 69.8%
[2026-02-23 05:12:00] OK: ec7b061c-58e0-5a82-8ed8-a0143ac7e1dc | El Rodeo | flac → MP3 | 68.1%
[2026-02-23 05:12:01] OK: 4444115f-1e0a-5a12-af3f-bf972cb3a17d | Recuerdo | flac → MP3 | 65.6%
[2026-02-23 05:12:02] OK: 2346a41a-4cef-5286-bcf0-955854413c7f | Las marionetas | flac → MP3 | 69.0%
[2026-02-23 05:12:07] OK: daab61f2-4b44-569b-807e-7567342fd92d | N.N. | flac → MP3 | 67.6%
[2026-02-23 05:12:07] OK: af7e9c09-3a79-53ed-8d83-d7f45be0f23f | Amurado | flac → MP3 | 64.5%
[2026-02-23 05:12:08] OK: c77423e0-12b6-52b9-8429-a59c23360462 | Derecho viejo | flac → MP3 | 65.8%
[2026-02-23 05:12:12] OK: 603fa42e-3793-58f3-9266-db2d4eb9edfb | Rondando Tu Esquina | flac → MP3 | 59.8%
[2026-02-23 05:12:14] OK: 8e004b3f-1234-5afc-892b-3fa568614e7e | Alzame en tus brazos | flac → MP3 | 71.1%
[2026-02-23 05:12:14] OK: 6dffd63c-a5b0-537a-9210-2d65ef76195e | Boedo | flac → MP3 | 65.5%
[2026-02-23 05:12:21] OK: 1fd242da-4566-5b61-93ad-94c41cdcf6ee | El estagiario | flac → MP3 | 68.1%
[2026-02-23 05:12:22] OK: 63da20e8-7c9b-50ef-ae82-0dc23c9f8614 | La capilla blanca | flac → MP3 | 67.3%
[2026-02-23 05:12:23] OK: f7cc6b16-ae43-54ef-b02d-54403845cf9b | Llueve otra vez | flac → MP3 | 64.6%
[2026-02-23 05:12:24] OK: 3bd8f258-f325-5eb9-9b75-0e7997695570 | Julian Centeya | flac → MP3 | 64.3%
[2026-02-23 05:12:28] OK: a64b385b-aec4-533a-b685-89270430b727 | Sentimiento criollo | flac → MP3 | 64.6%
[2026-02-23 05:12:29] OK: 32ebe463-70cf-5447-9a3f-883e0055b527 | La racha | flac → MP3 | 65.0%
[2026-02-23 05:12:33] OK: b2750d50-e882-5e95-a4e1-71eb76e3c712 | Motivo sentimental | flac → MP3 | 71.2%
[2026-02-23 05:12:34] OK: 95cb1a8e-262a-52d4-b42f-8b8ca5bdef83 | Vea vea | flac → MP3 | 64.9%
[2026-02-23 05:12:34] OK: 5be8045c-ea68-5747-b36e-18db24e4a415 | Yo soy de San Telmo | flac → MP3 | 68.0%
[2026-02-23 05:12:35] OK: dac7b339-7567-5f79-a22f-936279c2e110 | Tristeza Marina | flac → MP3 | 61.1%
[2026-02-23 05:12:40] OK: bb957281-8c31-56ff-a08c-18c209dd3652 | Estampa federal | flac → MP3 | 67.2%
[2026-02-23 05:12:43] OK: f48d1545-c99a-5d9a-90d1-90fcb28e4a24 | La Racha | flac → MP3 | 69.4%
[2026-02-23 05:12:45] OK: 480afc2c-884d-5e09-bd21-370d88f7a202 | Que solo estoy | flac → MP3 | 74.3%
[2026-02-23 05:12:47] OK: c45878f2-ccde-5b94-823d-4d2fa00830f1 | El recodo | flac → MP3 | 64.4%
[2026-02-23 05:12:51] OK: 8b371226-8a97-5766-aa3d-cd9fd1641f07 | Y hasta el cardo tiene flor | flac → MP3 | 67.3%
[2026-02-23 05:12:51] OK: 5b904761-95ca-5735-a53f-460571a9ce10 | La mulateada | flac → MP3 | 69.3%
[2026-02-23 05:12:53] OK: 4c9b3acd-a2ea-5cdf-a1e3-a4a295c70475 | Sombras del puerto | flac → MP3 | 67.5%
[2026-02-23 05:12:57] OK: 4daf6fc7-25c9-5984-ab3b-70e6fbd5ad34 | Los munequitos | flac → MP3 | 63.1%
[2026-02-23 05:14:53] WARN: 606f2d74-e530-554b-b5cf-b31d6782d4d6 - Backup failed: Command '['az', 'storage', 'blob', 'upload', '--account-name', 'nttt', '--container-name', 'v20-originals', '--name', '606f2d74-e530-554b-b5cf-b31d6782d4d6.original', '--file', '/var/folders/r4/_tc4gn
[2026-02-23 05:14:54] ERROR: 46ad8c12-6542-5f76-bc7a-a79b0aeb9690 - Upload failed: Command '['az', 'storage', 'blob', 'upload', '--account-name', 'nttt', '--container-name', 'v20', '--name', '46ad8c12-6542-5f76-bc7a-a79b0aeb9690.mp3', '--file', '/var/folders/r4/_tc4gnds7yd7prk90mkrv
[2026-02-23 05:14:57] ERROR: c2133b1f-f323-55c0-bea0-b54c1f32d588 - Upload failed: Command '['az', 'storage', 'blob', 'upload', '--account-name', 'nttt', '--container-name', 'v20', '--name', 'c2133b1f-f323-55c0-bea0-b54c1f32d588.mp3', '--file', '/var/folders/r4/_tc4gnds7yd7prk90mkrv
[2026-02-23 05:14:58] WARN: 213580bc-ef5e-5030-84bd-5e4eac7e53bd - Backup failed: Command '['az', 'storage', 'blob', 'upload', '--account-name', 'nttt', '--container-name', 'v20-originals', '--name', '213580bc-ef5e-5030-84bd-5e4eac7e53bd.original', '--file', '/var/folders/r4/_tc4gn
[2026-02-23 05:14:59] ERROR: 8c67435d-3aec-5d1c-8112-a024f9559ad5 - Upload failed: Command '['az', 'storage', 'blob', 'upload', '--account-name', 'nttt', '--container-name', 'v20', '--name', '8c67435d-3aec-5d1c-8112-a024f9559ad5.mp3', '--file', '/var/folders/r4/_tc4gnds7yd7prk90mkrv
[2026-02-23 05:16:13] OK: 606f2d74-e530-554b-b5cf-b31d6782d4d6 | Royal Pigall | flac → MP3 | 70.0%
[2026-02-23 05:16:14] OK: 213580bc-ef5e-5030-84bd-5e4eac7e53bd | El retirao | flac → MP3 | 68.7%
[2026-02-23 05:16:19] OK: 61804983-9507-55a0-9d59-c5dc9421476d | El paladin | flac → MP3 | 63.5%
[2026-02-23 05:16:23] OK: 2cb36460-0d50-576e-a73f-4d2768d9fd7c | Tinta Verde | flac → MP3 | 64.0%
[2026-02-23 05:16:24] OK: fc9e62aa-8ddc-5039-8c07-b91a173c1fd0 | Nido gaucho | flac → MP3 | 73.4%
[2026-02-23 05:16:25] OK: 81a916a0-a282-570d-9d00-73270ea2bd30 | Vieja Luna | flac → MP3 | 60.3%
[2026-02-23 05:16:26] OK: 60d4655d-a7ea-5a49-bae3-b15009b05d9e | La cachila | flac → MP3 | 63.3%
[2026-02-23 05:16:30] OK: 9e59fc6d-a0f4-50a0-a24f-52214b334127 | Porteno y bailarin | flac → MP3 | 60.6%
[2026-02-23 05:16:34] OK: 7a2e921b-b837-58d1-833a-cea8245af984 | La trilla | flac → MP3 | 65.0%
[2026-02-23 05:16:35] OK: 0795cc0a-3058-5167-a26f-a51838fab66d | Al compas del corazon | flac → MP3 | 66.6%
[2026-02-23 05:16:35] OK: 08487643-2ac8-55cb-a2a6-225bb7c8b7d4 | El opio | flac → MP3 | 65.6%
[2026-02-23 05:16:36] OK: fc9e385d-370a-5da7-8824-2d4cb8429d95 | Siete palabras | flac → MP3 | 68.3%
[2026-02-23 05:16:37] OK: 820f22df-8d56-5449-b0ae-431580f17170 | No esta | flac → MP3 | 72.0%
[2026-02-23 05:16:45] OK: 0d41c567-cc1c-5b4e-9ce1-ccc7a48e4642 | La torcacita | flac → MP3 | 68.8%
[2026-02-23 05:16:46] OK: 32c62f41-61e9-5246-a2b4-6dee48699aab | Todo | flac → MP3 | 66.3%
[2026-02-23 05:16:48] OK: 2de74629-6b20-5115-b991-77d8766a9e7d | La Capilla Blanca | flac → MP3 | 61.0%
[2026-02-23 05:16:48] OK: af007338-893c-5aa8-a3b4-2d70b53f6f79 | Charlemos | flac → MP3 | 59.5%
[2026-02-23 05:16:52] OK: 0b2167c2-eef5-58ea-8dbb-7f226cf94d90 | Al Compas Del Corazon | flac → MP3 | 61.4%
[2026-02-23 05:16:53] OK: 1d3bfa77-a800-5996-8083-3b4071c19678 | Manana zarpa un barco | flac → MP3 | 64.9%
[2026-02-23 05:16:59] OK: b48025e0-fa20-5cdc-9c22-1fc527ec16e9 | Va a cantar un ruisenor | flac → MP3 | 73.2%
[2026-02-23 05:17:00] OK: 11f8235b-7081-5f43-97d9-7eace497bd4d | Lloran las campanas | flac → MP3 | 69.1%
[2026-02-23 05:17:01] OK: 16cb7e1e-6b77-59f2-a51e-077e8a465b8e | A mi me llaman Juan Tango | flac → MP3 | 67.6%
[2026-02-23 05:17:01] OK: 16acf3d8-941b-576c-9e1c-53515bffa1a9 | Un Tango y nada mas | flac → MP3 | 63.6%
[2026-02-23 05:17:02] OK: 92c7c3a3-27fa-56d1-aba6-23e1ddcd0d1c | El incendio | flac → MP3 | 64.1%
[2026-02-23 05:17:09] OK: 82f9aa07-5465-5745-ae77-4c473f0c086f | Cortando camino | flac → MP3 | 67.1%
[2026-02-23 05:17:14] OK: 3d0fdc3d-efbb-522e-9639-0aadc771dfd4 | Dejame | flac → MP3 | 73.0%
[2026-02-23 05:17:15] OK: 424708f3-e6b2-5e75-86ac-1df15541eb63 | Otra noche | flac → MP3 | 73.5%
[2026-02-23 05:17:15] OK: a0535ced-f520-5a7b-881d-01e0f8921a9a | Si tu quisieras | flac → MP3 | 69.1%
[2026-02-23 05:17:15] OK: e7412573-bffe-5438-8a28-8eafe03400f5 | Tu el cielo y tu | flac → MP3 | 68.5%
[2026-02-23 05:17:20] OK: f0f4cbb1-3ab1-52f8-8908-4dbacb8b710c | Rosas de otono | flac → MP3 | 68.6%
[2026-02-23 05:17:20] OK: e74ab314-a471-58df-b13c-75498821a67d | Verdemar | flac → MP3 | 59.5%
[2026-02-23 05:17:25] OK: 8a5d3f4b-5755-581c-b99b-2491149f63e1 | Shusheta | flac → MP3 | 65.2%
[2026-02-23 05:17:26] OK: b446f9ce-d50b-59ce-ab76-b09d861362f2 | Volver a vernos | flac → MP3 | 72.3%
[2026-02-23 05:17:27] OK: a0be1fa1-83c6-5713-9be2-ea00f3926b3b | Dinero dinero | flac → MP3 | 65.4%
[2026-02-23 05:17:32] OK: 1429da3d-ee9d-554a-bb24-4a2c4c5ce4ef | El jaguar | flac → MP3 | 61.8%
[2026-02-23 05:17:32] OK: 55b064c7-6d3d-5543-bbe6-d6aebab42ce8 | Soy aquel viajero | flac → MP3 | 70.0%
[2026-02-23 05:17:33] OK: ca9b840a-e404-554e-99e1-84672046844f | La cancion mas triste | flac → MP3 | 72.8%
[2026-02-23 05:17:38] OK: 3a74a9c8-c091-5415-8e99-e563418e8fe5 | Zorzal | flac → MP3 | 69.0%
[2026-02-23 05:17:44] OK: eb1d74fd-0d47-5b52-ad6d-06a47dd24082 | Junto a tu corazon | flac → MP3 | 73.7%
[2026-02-23 05:17:44] OK: 9d4e302e-2630-57e3-8927-872d52a5503a | Navegante (Vito Dumas) | flac → MP3 | 63.9%
[2026-02-23 05:17:44] OK: a332d299-3a45-530d-b60f-804e4751125e | Un lamento | flac → MP3 | 64.9%
[2026-02-23 05:17:44] OK: 6757d30a-f2b5-556f-881c-8705de6767c8 | Rosas De Otono | flac → MP3 | 63.6%
[2026-02-23 05:17:50] OK: 6f805e54-057a-5005-9934-7dafa882157a | Rosa Morena | flac → MP3 | 67.0%
[2026-02-23 05:17:57] OK: f31b2e37-4df7-5948-81e1-1a89a53cf1d7 | Entre pitada y pitada | flac → MP3 | 70.2%
[2026-02-23 05:17:58] OK: 5f4cbef0-9771-5405-bde1-0f45aaeb9294 | Cero al as | flac → MP3 | 72.0%
[2026-02-23 05:17:59] OK: 4ed19da8-db21-5778-9f20-47edc9df21a8 | Nada | flac → MP3 | 71.3%
[2026-02-23 05:18:02] OK: 4b1e4b65-c799-584e-9a47-cd0242c37f34 | Cosas olvidadas | flac → MP3 | 81.7%
[2026-02-23 05:20:00] WARN: 306b4c1d-14d6-5373-b572-f710b47cb0bd - Backup failed: Command '['az', 'storage', 'blob', 'upload', '--account-name', 'nttt', '--container-name', 'v20-originals', '--name', '306b4c1d-14d6-5373-b572-f710b47cb0bd.original', '--file', '/var/folders/r4/_tc4gn
[2026-02-23 05:20:03] WARN: 46f899be-015c-527e-87c8-e43f62fda895 - Backup failed: Command '['az', 'storage', 'blob', 'upload', '--account-name', 'nttt', '--container-name', 'v20-originals', '--name', '46f899be-015c-527e-87c8-e43f62fda895.original', '--file', '/var/folders/r4/_tc4gn
[2026-02-23 05:20:11] ERROR: 8d0bfd23-4a21-5fc5-926c-8cf3285a9580 - Upload failed: Command '['az', 'storage', 'blob', 'upload', '--account-name', 'nttt', '--container-name', 'v20', '--name', '8d0bfd23-4a21-5fc5-926c-8cf3285a9580.mp3', '--file', '/var/folders/r4/_tc4gnds7yd7prk90mkrv
[2026-02-23 05:20:12] ERROR: 35175b15-a78c-53f7-b20b-01378a5d89e8 - Upload failed: Command '['az', 'storage', 'blob', 'upload', '--account-name', 'nttt', '--container-name', 'v20', '--name', '35175b15-a78c-53f7-b20b-01378a5d89e8.mp3', '--file', '/var/folders/r4/_tc4gnds7yd7prk90mkrv
[2026-02-23 05:20:13] ERROR: fe3d7774-fd89-59c7-8cdf-4baccc6577ab - Upload failed: Command '['az', 'storage', 'blob', 'upload', '--account-name', 'nttt', '--container-name', 'v20', '--name', 'fe3d7774-fd89-59c7-8cdf-4baccc6577ab.mp3', '--file', '/var/folders/r4/_tc4gnds7yd7prk90mkrv
[2026-02-23 05:21:11] OK: 46f899be-015c-527e-87c8-e43f62fda895 | Tierra negra | flac → MP3 | 87.5%
[2026-02-23 05:21:16] OK: 306b4c1d-14d6-5373-b572-f710b47cb0bd | Lo mismo que antes | flac → MP3 | 80.9%
[2026-02-23 05:21:26] OK: 21dda714-9747-5a6d-85d7-f98d3fb0c582 | El pollito | flac → MP3 | 84.0%
[2026-02-23 05:21:30] OK: 5e06abe2-c20d-50a3-89e9-2f688f556f27 | La viruta | flac → MP3 | 85.3%
[2026-02-23 05:21:34] OK: c1c36fb4-0b23-5bad-9914-710baefbac52 | Sentimiento criollo | flac → MP3 | 82.0%
[2026-02-23 05:21:38] OK: 3740ea36-58db-5043-b4cb-e1e0d7bbde3b | El estagiario | flac → MP3 | 84.5%
[2026-02-23 05:21:42] OK: 78be66bf-b4e8-502c-b7be-e74031081637 | Royal pigall / Que has hecho de mi carin | flac → MP3 | 83.7%
[2026-02-23 05:21:44] OK: dd8f6071-b788-5452-b5b1-2ba20b72fcf5 | Griseta | flac → MP3 | 81.9%
[2026-02-23 05:21:45] OK: 4af9ad0f-5f3e-5256-9a99-dbbc13e7af9a | Rodriguez Pena | flac → MP3 | 88.4%
[2026-02-23 05:21:49] OK: 6fa9eeab-976b-5b3e-8c4d-7d31011d24c5 | El cabure | flac → MP3 | 83.2%
[2026-02-23 05:21:53] OK: a134c62a-a114-5844-865b-33a107ea4e04 | La torcacita | flac → MP3 | 84.0%
[2026-02-23 05:22:03] OK: cbbc86f1-22c2-5044-b834-218949dae679 | Esta noche de luna | flac → MP3 | 81.8%
[2026-02-23 05:22:04] OK: ef269c9c-1269-54a8-a2ec-7b91f1d8ae3b | Y hasta el cardo tiene flor | flac → MP3 | 82.8%
[2026-02-23 05:22:05] OK: 0958ebbd-ec7e-53a4-b75a-f01785b8e30e | El retirao | flac → MP3 | 86.9%
[2026-02-23 05:22:05] OK: 47e90a99-f782-53b6-89fa-8dab4d735ae9 | Clavel del aire | flac → MP3 | 71.0%
[2026-02-23 05:22:12] OK: 0d10024a-5b6c-5505-aa8d-68dcd6e9ee50 | Milonguero viejo '44 | flac → MP3 | 88.5%
[2026-02-23 05:22:13] OK: ca7ffc6b-3abf-5dfb-ad15-05c90b2e2165 | Pena Mulata | flac → MP3 | 67.9%
[2026-02-23 05:22:14] OK: d47778cc-2cae-5d01-bfa5-736845632596 | Lo mismo que antes | flac → MP3 | 66.7%
[2026-02-23 05:22:24] OK: 885ae8c4-ef92-5f85-aa3d-52f508211e44 | Catamarca | flac → MP3 | 82.5%
[2026-02-23 05:22:24] OK: a38d9881-1ce5-5232-bec0-1859e4aba251 | Champagne tango | flac → MP3 | 84.9%
[2026-02-23 05:22:24] OK: 911bcd5f-1816-5543-854d-da572dcb1e8e | Comme il faut | flac → MP3 | 70.8%
[2026-02-23 05:22:25] OK: 492580ab-595e-57d2-97e8-d81850ef4ca9 | Dejame | flac → MP3 | 72.2%
[2026-02-23 05:22:30] OK: 7e34ebd1-d1e5-5131-aa98-9c7b92673b43 | Cuidado con los 50 | flac → MP3 | 82.5%
[2026-02-23 05:22:39] OK: 15085f3d-cfdd-5940-8c8a-31f1f90955ab | Champagne tango | flac → MP3 | 71.6%
[2026-02-23 05:22:39] OK: 8d6a6ed9-a224-53bb-9207-09201d3f1625 | Rosamel | flac → MP3 | 67.5%
[2026-02-23 05:22:40] OK: 9ccf56a7-a158-5afd-bfd5-dd02ba96e8a1 | El distinguido ciudadano | flac → MP3 | 71.6%
[2026-02-23 05:22:46] OK: 409209b9-2a02-5ae0-892e-d0c349ad5a8d | Didi | flac → MP3 | 70.8%
[2026-02-23 05:22:49] OK: 35fb3659-3f20-5353-97a9-d2a755cd4a67 | Como se hace un tango | flac → MP3 | 87.2%
[2026-02-23 05:22:52] OK: 35c60bc3-82d6-5e3d-8749-5ce9becd284c | Patotero Sentimental | flac → MP3 | 67.9%
[2026-02-23 05:22:52] OK: 0585d9f5-912d-5971-9051-bb2a53f70ed9 | Ojos negros | flac → MP3 | 71.3%
[2026-02-23 05:22:55] OK: 510cabc4-ddb8-5e88-a0af-1e6002cfd482 | Solamente ella | flac → MP3 | 87.6%
[2026-02-23 05:23:00] OK: bad70fe8-be8e-5f0f-b645-14094a076988 | La viruta | flac → MP3 | 70.8%
[2026-02-23 05:23:02] OK: 941cef1e-d338-5048-a49e-94ec72ff3e5a | La racha | flac → MP3 | 70.2%
[2026-02-23 05:23:02] OK: a768eb4c-b543-563b-8e29-52bffa903098 | Viviani | flac → MP3 | 65.9%
[2026-02-23 05:23:05] OK: e3972f8b-af3f-5da0-8c68-e1750545962c | Noche de carnaval | flac → MP3 | 71.9%
[2026-02-23 05:23:07] OK: 0a032b3d-9fd7-5aca-aa78-59f9666a65b7 | Siete Palabras | flac → MP3 | 69.6%
[2026-02-23 05:23:10] OK: 081b7ed2-64e6-5bf0-beff-1badb2bcac93 | En un beso… la vida | flac → MP3 | 82.5%
[2026-02-23 05:23:15] OK: e58cd182-f2df-5da3-99d1-6c1677f41680 | Sentimiento Criollo | flac → MP3 | 68.0%
[2026-02-23 05:23:15] OK: 12929ae2-4259-5c0b-87aa-ead7f92e7d9f | La Torcacita | flac → MP3 | 68.2%
[2026-02-23 05:23:17] OK: c75df693-6e94-5139-b0a5-582d4ac32662 | El once | flac → MP3 | 70.2%
[2026-02-23 05:23:17] OK: 1e96f462-80c3-5bc3-888a-0eade3d6603d | La morocha | flac → MP3 | 68.9%
[2026-02-23 05:23:23] OK: a842ca22-eb82-5df3-9a28-052c45e581b3 | Bar exposicion | flac → MP3 | 70.6%
[2026-02-23 05:23:23] OK: 0853147a-2d9d-57f1-a278-f2019b5e065e | Cascabelito | flac → MP3 | 67.3%
[2026-02-23 05:23:27] OK: d442435c-5d68-5c52-80b5-136e210e9839 | El cielo en tus ojos | flac → MP3 | 67.5%
[2026-02-23 05:23:28] OK: 2fff17d6-f750-55ee-85c2-a90c728e05fe | Nueve puntos | flac → MP3 | 71.7%
[2026-02-23 05:23:29] OK: 0dcfaa9d-2495-5a95-b609-8601d453fb98 | Motivo sentimental | flac → MP3 | 71.7%
[2026-02-23 05:23:31] OK: 7ab743f1-e324-5cc8-89db-8bd31757f4b9 | El pollo Ricardo | flac → MP3 | 72.6%
[2026-02-23 05:25:30] WARN: 3303d8e0-2680-5f8a-a94d-5ae604bd6352 - Backup failed: Command '['az', 'storage', 'blob', 'upload', '--account-name', 'nttt', '--container-name', 'v20-originals', '--name', '3303d8e0-2680-5f8a-a94d-5ae604bd6352.original', '--file', '/var/folders/r4/_tc4gn
[2026-02-23 05:25:32] ERROR: f5cc8178-30da-56d5-baaa-70a4e946b51d - Upload failed: Command '['az', 'storage', 'blob', 'upload', '--account-name', 'nttt', '--container-name', 'v20', '--name', 'f5cc8178-30da-56d5-baaa-70a4e946b51d.mp3', '--file', '/var/folders/r4/_tc4gnds7yd7prk90mkrv
[2026-02-23 05:25:32] WARN: 3c042f97-154a-53e7-a3e4-d3e8821de30e - Backup failed: Command '['az', 'storage', 'blob', 'upload', '--account-name', 'nttt', '--container-name', 'v20-originals', '--name', '3c042f97-154a-53e7-a3e4-d3e8821de30e.original', '--file', '/var/folders/r4/_tc4gn
[2026-02-23 05:25:33] ERROR: 5b715643-6f6b-558f-a0c1-7a2ca399a008 - Upload failed: Command '['az', 'storage', 'blob', 'upload', '--account-name', 'nttt', '--container-name', 'v20', '--name', '5b715643-6f6b-558f-a0c1-7a2ca399a008.mp3', '--file', '/var/folders/r4/_tc4gnds7yd7prk90mkrv
[2026-02-23 05:25:34] ERROR: 7c6a923d-c6d0-52d9-8399-b472da0dbcc9 - Upload failed: Command '['az', 'storage', 'blob', 'upload', '--account-name', 'nttt', '--container-name', 'v20', '--name', '7c6a923d-c6d0-52d9-8399-b472da0dbcc9.mp3', '--file', '/var/folders/r4/_tc4gnds7yd7prk90mkrv
[2026-02-23 05:26:15] OK: 3c042f97-154a-53e7-a3e4-d3e8821de30e | Germaine | flac → MP3 | 68.3%
[2026-02-23 05:26:15] OK: 5380dd24-0a28-5009-95b6-57ca20aba156 | Milonga del centenario | flac → MP3 | 68.1%
[2026-02-23 05:26:15] OK: 3303d8e0-2680-5f8a-a94d-5ae604bd6352 | El pollito | flac → MP3 | 70.8%
[2026-02-23 05:26:24] OK: 6dc8c422-19f4-56cc-a02a-31f07fe0f4f6 | Charlemos | flac → MP3 | 68.1%
[2026-02-23 05:26:24] OK: f99c8365-9306-5e49-8e8c-c4222da6c639 | El distinguido cuidadano | flac → MP3 | 62.4%
[2026-02-23 05:26:25] OK: 01c38b04-c3e5-54dd-8536-e0198f99f65e | Milonga del centenario | flac → MP3 | 67.5%
[2026-02-23 05:26:26] OK: eef92fe8-a44a-59af-808a-d835043bd039 | Ensuenos | flac → MP3 | 62.5%
[2026-02-23 05:26:31] OK: 77dd718e-703b-5ae6-a2c6-6000f5262fd2 | El pollo Picardo | flac → MP3 | 61.9%
[2026-02-23 05:26:31] OK: dc99fec8-ab1a-5c3d-ae0c-cb44264042fc | El pollito | flac → MP3 | 72.2%
[2026-02-23 05:26:32] OK: 214d8a5d-a02b-5675-89ce-6285e710a785 | Cuando un viejo se enamora | flac → MP3 | 63.1%
[2026-02-23 05:26:36] OK: d2a7cda1-7c74-5da2-b2ca-c1ce5e0c29fc | Ausencia | flac → MP3 | 68.4%
[2026-02-23 05:26:37] OK: efd419c2-2998-582b-b942-511696adf92c | Vamos | flac → MP3 | 59.1%
[2026-02-23 05:26:39] OK: 981aa851-0882-5ed9-86e3-b2e38cffd823 | La novia del mar | flac → MP3 | 69.7%
[2026-02-23 05:26:42] OK: fdd237c8-8e1b-5947-a7d9-e26f7e6b4bac | Marianito | flac → MP3 | 66.5%
[2026-02-23 05:26:44] OK: 52b1d770-e33b-5059-a0c0-dbceb7b4b1f3 | Marianito | flac → MP3 | 68.4%
[2026-02-23 05:26:44] OK: ecf5f002-fd28-5da5-9183-5a4740ed8a70 | La cumparsita | flac → MP3 | 64.5%
[2026-02-23 05:26:49] OK: d1b01198-863e-5213-b3cb-8d85b4842879 | Alma mia | flac → MP3 | 60.9%
[2026-02-23 05:26:54] OK: 63216be3-0a34-5920-945d-0a9f80d89601 | A la gran muneca | flac → MP3 | 65.1%
[2026-02-23 05:26:54] OK: facc9bf7-2822-589f-891c-a15066588851 | Racing Club | flac → MP3 | 68.6%
[2026-02-23 05:26:55] OK: 921bf443-58be-5ff7-959a-41537341bac8 | Bien frappe | flac → MP3 | 62.5%
[2026-02-23 05:26:55] OK: b88d2207-3fd6-52e1-83e1-9485f19277bf | Y hasta el cardo tiene flor | flac → MP3 | 73.2%
[2026-02-23 05:27:01] OK: 54187b3e-ca73-534b-87e2-6d2ccd5b7626 | Manana no estaras | flac → MP3 | 62.4%
[2026-02-23 05:27:02] OK: d24b2235-ef9a-5426-a727-569f3b7c8388 | Boedo y San Juan | flac → MP3 | 58.1%
[2026-02-23 05:27:04] OK: f0637120-7c90-5a17-b198-7293a3f1f9e7 | Comme il faut | flac → MP3 | 62.0%
[2026-02-23 05:27:06] OK: 878b3035-63dc-565c-aa69-cb7479c96e7a | Milonga Del Centenario | flac → MP3 | 57.6%
[2026-02-23 05:27:09] OK: 0f1afed4-fe21-556b-a82f-77c1ed22453b | El estagiario | flac → MP3 | 72.1%
[2026-02-23 05:27:11] OK: 300f82fb-ddc7-5a8b-ab22-e53477567a00 | Verdemar | flac → MP3 | 72.3%
[2026-02-23 05:27:11] OK: 223ce0c7-6c16-5699-9f2a-f7b7670c71f4 | Catamarca | flac → MP3 | 65.6%
[2026-02-23 05:27:15] OK: 126eb736-5a9f-5c84-a661-0631e4efa78c | Hoy al recordarla | flac → MP3 | 62.9%
[2026-02-23 05:27:16] OK: eb44e0f3-1d6b-5f37-ab0e-7283b0cb497c | Nobleza de arrabal | flac → MP3 | 73.5%
[2026-02-23 05:27:20] OK: 13aa14bc-c5fa-5256-b7f5-ea42188025bc | El pollo Ricardo | flac → MP3 | 73.0%
[2026-02-23 05:27:21] OK: 038ece99-33e0-5e5d-89d0-aa85013df17c | Gracias | flac → MP3 | 59.6%
[2026-02-23 05:27:22] OK: 9170e71f-10ba-5f8e-841b-7b90b574a044 | Milonguero viejo '40 | flac → MP3 | 70.8%
[2026-02-23 05:27:26] OK: 0cc03bff-c0f1-5b3a-8636-11205a30eed0 | Yo | flac → MP3 | 61.7%
[2026-02-23 05:27:28] OK: adeda795-504e-5754-bb44-e9773f0f1ba3 | Don Juan | flac → MP3 | 63.5%
[2026-02-23 05:27:33] OK: 175f6c14-a261-582b-b026-09cd0afc8fcc | La cachila | flac → MP3 | 70.1%
[2026-02-23 05:27:34] OK: 5753ac06-3818-5367-8806-04b39d0e3549 | Shusheta (El aristocrata) | flac → MP3 | 73.2%
[2026-02-23 05:27:34] OK: b5f98563-8fea-52a2-b1b0-afaf7e741ac6 | Maldonado | flac → MP3 | 62.8%
[2026-02-23 05:27:35] OK: b779e0bf-12b1-543b-9ab1-3ec8f5d78c7c | Cosas de tango | flac → MP3 | 64.1%
[2026-02-23 05:27:39] OK: 6d574c1a-aa27-5269-bf49-6b508380afa8 | El paladin | flac → MP3 | 73.8%
[2026-02-23 05:27:42] OK: 3a638d95-1c6d-56fa-8d5a-b85accf689de | Dejame no quiero verte mas | flac → MP3 | 63.1%
[2026-02-23 05:27:44] OK: 5a7e7ac5-0040-5ce4-b600-be1277a00e04 | Pueblera | flac → MP3 | 64.0%
[2026-02-23 05:27:48] OK: 681213bd-be7e-52e4-b721-9dcac8bf2700 | Sueno de juventud | flac → MP3 | 66.1%
[2026-02-23 05:27:48] OK: 3fa07ac5-3104-589e-ae40-cdf38b49c7d8 | El Once | flac → MP3 | 63.2%
[2026-02-23 05:27:49] OK: 1b107a45-8418-52c5-9cb5-22e2ec13792b | Milonga del centenario | flac → MP3 | 65.9%
[2026-02-23 05:27:55] OK: c0a4e21b-0f44-590a-9920-b7b69683ce0b | Organito de la tarde | flac → MP3 | 63.5%
[2026-02-23 05:27:56] OK: d561e6b5-0a7d-56eb-a653-ab4518dbba6b | Barba de choclo | flac → MP3 | 70.3%
[2026-02-23 05:29:55] ERROR: 31cb6ebe-d5c8-50af-b4e1-944668cf8e42 - Upload failed: Command '['az', 'storage', 'blob', 'upload', '--account-name', 'nttt', '--container-name', 'v20', '--name', '31cb6ebe-d5c8-50af-b4e1-944668cf8e42.mp3', '--file', '/var/folders/r4/_tc4gnds7yd7prk90mkrv
[2026-02-23 05:29:56] WARN: 7678c74f-bf9c-52a8-9459-edadaf9aef61 - Backup failed: Command '['az', 'storage', 'blob', 'upload', '--account-name', 'nttt', '--container-name', 'v20-originals', '--name', '7678c74f-bf9c-52a8-9459-edadaf9aef61.original', '--file', '/var/folders/r4/_tc4gn
[2026-02-23 05:29:56] ERROR: 22ae3c5f-2909-5348-9e98-129b9308b1e4 - Upload failed: Command '['az', 'storage', 'blob', 'upload', '--account-name', 'nttt', '--container-name', 'v20', '--name', '22ae3c5f-2909-5348-9e98-129b9308b1e4.mp3', '--file', '/var/folders/r4/_tc4gnds7yd7prk90mkrv
[2026-02-23 05:29:57] WARN: f0bc9683-1e02-5a03-aa3c-e92c45ac8930 - Backup failed: Command '['az', 'storage', 'blob', 'upload', '--account-name', 'nttt', '--container-name', 'v20-originals', '--name', 'f0bc9683-1e02-5a03-aa3c-e92c45ac8930.original', '--file', '/var/folders/r4/_tc4gn
[2026-02-23 05:29:58] ERROR: 2cd54447-f915-543a-ab2f-bd7e45f3a868 - Upload failed: Command '['az', 'storage', 'blob', 'upload', '--account-name', 'nttt', '--container-name', 'v20', '--name', '2cd54447-f915-543a-ab2f-bd7e45f3a868.mp3', '--file', '/var/folders/r4/_tc4gnds7yd7prk90mkrv
[2026-02-23 05:31:16] OK: 7678c74f-bf9c-52a8-9459-edadaf9aef61 | La trilla | flac → MP3 | 63.2%
[2026-02-23 05:31:16] OK: f0bc9683-1e02-5a03-aa3c-e92c45ac8930 | Retirao (El Retirao) | flac → MP3 | 73.3%
[2026-02-23 05:31:20] OK: 103e434f-796a-5cb2-9cd2-7756bf0a5faa | Lo pasao paso | flac → MP3 | 68.1%
[2026-02-23 05:31:22] OK: f5888c76-b053-5655-b868-9026b69d7dee | La torcacita | flac → MP3 | 73.6%
[2026-02-23 05:31:24] OK: 8cfa5ab0-45e7-55cb-9ea4-4f0a072930b8 | Clavel del aire | flac → MP3 | 62.9%
[2026-02-23 05:31:25] OK: bb4ee2a5-2214-5a30-9533-31d43d9980c9 | La morocha | flac → MP3 | 63.6%
[2026-02-23 05:31:26] OK: 411fefa7-6877-5032-8279-c6909e26bb12 | Yo soy de San Telmo | flac → MP3 | 65.4%
[2026-02-23 05:31:28] OK: bfb23a64-5619-5f13-94f7-1ecdc85650b0 | Para que te quiero tanto | flac → MP3 | 62.8%
[2026-02-23 05:31:35] OK: 0f0802a1-02fa-5f0a-bb50-0fa172767825 | Quando el amor muere | flac → MP3 | 61.7%
[2026-02-23 05:31:35] OK: 63bc1db1-b827-5667-a5a4-16b1c6514e50 | Soy el cantor de la orquesta | flac → MP3 | 60.2%
[2026-02-23 05:31:36] OK: 7b8a8981-a911-5957-80aa-05c99f80551f | Entre pitada y pitada | flac → MP3 | 65.4%
[2026-02-23 05:31:40] OK: 4e4a16d6-f3e1-5a2b-94b0-a3938efe3980 | De vuelta | flac → MP3 | 60.8%
[2026-02-23 05:31:40] OK: 1379cb4f-12d9-5aa7-a097-aa41d073127e | Esta noche de luna | flac → MP3 | 63.2%
[2026-02-23 05:31:41] OK: 5b525615-e475-58b7-97ba-b53fc73e21f4 | Rosa de otono | flac → MP3 | 58.5%
[2026-02-23 05:31:46] OK: c1945b33-cf06-588c-8a5b-6b72d8db1ec7 | Pa' los muchachos | flac → MP3 | 61.7%
[2026-02-23 05:31:46] OK: 8d56c3c0-ba3e-587c-b47f-dce3dd2d51d5 | El resero | flac → MP3 | 62.3%
[2026-02-23 05:31:47] OK: 706dfdc3-8ea3-5456-a637-b2469b24cdb4 | Solamente ella | flac → MP3 | 62.2%
[2026-02-23 05:31:51] OK: fedfb043-fff4-525e-bd91-93af3bd0aa30 | Los 33 orientales | flac → MP3 | 66.0%
[2026-02-23 05:31:55] OK: b6ea9b08-9d48-53f8-990f-ab0f80d6362d | Decime que paso | flac → MP3 | 68.7%
[2026-02-23 05:31:55] OK: ce830294-7fbf-5af7-bb77-e04c85e24057 | Cortando camino | flac → MP3 | 60.6%
[2026-02-23 05:31:56] OK: 2ab6c98b-5f5a-5964-9e52-349ee08ec642 | Viviani | flac → MP3 | 65.1%
[2026-02-23 05:31:57] OK: d5bed1c3-1556-5141-be55-b3d6504bdb0a | Zorro plateado | flac → MP3 | 63.0%
[2026-02-23 05:31:57] OK: 3a42bf2a-28d0-5464-8eed-9410765aeff3 | El jaguar | flac → MP3 | 73.3%
[2026-02-23 05:32:05] OK: 68ba511a-f8d3-5213-b294-8ad280d589e5 | No esperaba verte mas | flac → MP3 | 63.2%
[2026-02-23 05:32:07] OK: ab418dc1-437c-5232-ba64-dd9e21363fc8 | El jaguel | flac → MP3 | 64.1%
[2026-02-23 05:32:08] OK: e1a420dc-8fc5-5c51-bd2a-b62f448cc3be | Germaine | flac → MP3 | 63.6%
[2026-02-23 05:32:10] OK: 160c0fd3-8f19-5aea-af07-aa5fdad1baff | No esta | flac → MP3 | 64.7%
[2026-02-23 05:32:13] OK: f57e2fe8-0107-5c42-a87f-51862e09f274 | El amanecer | flac → MP3 | 62.3%
[2026-02-23 05:32:17] OK: cbd7cce5-98bc-50e6-ad33-4da7945c350f | La racha | flac → MP3 | 64.6%
[2026-02-23 05:32:29] OK: ad22b019-d87d-599f-94a3-729d2a025578 | La morocha | flac → MP3 | 76.2%
[2026-02-23 05:32:29] OK: 515d2ec2-ff74-56c3-9373-8344ffc0e747 | Inspiracion | flac → MP3 | 76.6%
[2026-02-23 05:32:30] OK: 95232918-562c-528e-814f-ed0ccbd781ae | De mi flor | flac → MP3 | 76.8%
[2026-02-23 05:32:38] OK: 2160ba4f-5e58-5d3a-bf40-ca9e2168d270 | Vea vea | flac → MP3 | 75.5%
[2026-02-23 05:32:39] OK: 0df705ea-cf55-5fe9-9eb0-01fe169b3bed | Felicia | flac → MP3 | 76.1%
[2026-02-23 05:32:45] OK: 939aa96b-ec5a-51b7-a36b-7b52628aeced | El pillete | flac → MP3 | 74.4%
[2026-02-23 05:32:46] OK: de786604-0e8e-56ae-88d6-6e105ec891ec | Como se hace un tango | flac → MP3 | 62.7%
[2026-02-23 05:32:47] OK: 2746da9e-1181-5ebc-809d-1b6c4281b2d5 | Criolla linda | flac → MP3 | 76.4%
[2026-02-23 05:32:51] OK: a0c0607a-0e08-5d6b-b988-2777cf93ee1e | Adios te vas | flac → MP3 | 64.6%
[2026-02-23 05:32:54] OK: 94f0c565-5d1a-5aa9-8ad2-6dfe65090ee8 | El once | flac → MP3 | 77.3%
[2026-02-23 05:33:03] OK: cdd42e55-b201-5292-93f3-63e64827c696 | Ahi va el dulce | flac → MP3 | 72.7%
[2026-02-23 05:33:05] OK: fd138aed-489b-5f72-a901-0edd710439b6 | Organito de la tarde | flac → MP3 | 77.0%
[2026-02-23 05:33:05] OK: 82b3c943-6c55-5f32-b557-dc6b555c17da | Rodriguez Pena | flac → MP3 | 77.0%
[2026-02-23 05:33:07] OK: fc305a3e-87ed-5d0a-b22f-e22e98e5d799 | El opio | flac → MP3 | 74.4%
[2026-02-23 05:33:11] OK: 873b3bd5-7400-591f-9e91-a5db09f186e2 | La guinada | flac → MP3 | 76.0%
[2026-02-23 05:33:17] OK: f4477968-e477-5fc8-a29d-e27f29e39355 | La guitarrita | flac → MP3 | 74.3%
[2026-02-23 05:33:25] OK: d9d1e7fa-bad7-5701-acb4-06bc12f0654d | Viernes 13 | flac → MP3 | 75.6%
[2026-02-23 05:33:26] OK: 96faa933-7f49-5b7c-8ba2-0d4d9e1969c4 | El horizonte | flac → MP3 | 74.0%
[2026-02-23 05:35:24] ERROR: 81e1db52-9175-5896-8562-b6e1142de42b - Upload failed: Command '['az', 'storage', 'blob', 'upload', '--account-name', 'nttt', '--container-name', 'v20', '--name', '81e1db52-9175-5896-8562-b6e1142de42b.mp3', '--file', '/var/folders/r4/_tc4gnds7yd7prk90mkrv
[2026-02-23 05:35:25] WARN: e91e268e-68fe-58e7-bafa-dc596b1c5d42 - Backup failed: Command '['az', 'storage', 'blob', 'upload', '--account-name', 'nttt', '--container-name', 'v20-originals', '--name', 'e91e268e-68fe-58e7-bafa-dc596b1c5d42.original', '--file', '/var/folders/r4/_tc4gn
[2026-02-23 05:35:27] WARN: bf09d8eb-acff-5d30-98d9-952f45c5ec90 - Backup failed: Command '['az', 'storage', 'blob', 'upload', '--account-name', 'nttt', '--container-name', 'v20-originals', '--name', 'bf09d8eb-acff-5d30-98d9-952f45c5ec90.original', '--file', '/var/folders/r4/_tc4gn
[2026-02-23 05:35:27] ERROR: 3df02cac-024d-582e-bb4f-42cfca362e36 - Upload failed: Command '['az', 'storage', 'blob', 'upload', '--account-name', 'nttt', '--container-name', 'v20', '--name', '3df02cac-024d-582e-bb4f-42cfca362e36.mp3', '--file', '/var/folders/r4/_tc4gnds7yd7prk90mkrv
[2026-02-23 05:35:28] ERROR: 6470cd52-69d0-5186-ae48-556b6030fa4e - Upload failed: Command '['az', 'storage', 'blob', 'upload', '--account-name', 'nttt', '--container-name', 'v20', '--name', '6470cd52-69d0-5186-ae48-556b6030fa4e.mp3', '--file', '/var/folders/r4/_tc4gnds7yd7prk90mkrv
[2026-02-23 05:36:16] OK: e91e268e-68fe-58e7-bafa-dc596b1c5d42 | Nueve puntos | flac → MP3 | 64.9%
[2026-02-23 05:36:16] OK: bf09d8eb-acff-5d30-98d9-952f45c5ec90 | El estagiario | flac → MP3 | 78.7%
[2026-02-23 05:36:30] OK: 9e5748ab-fa44-5401-ab86-e8af767d774f | Papas calientes | flac → MP3 | 76.2%
[2026-02-23 05:36:31] OK: 2e7e1a25-c748-58a3-bd80-d60790151b35 | Sollozos | flac → MP3 | 75.5%
[2026-02-23 05:36:37] OK: a21ca917-b303-55d1-bf85-96293325808b | La racha | flac → MP3 | 75.7%
[2026-02-23 05:36:40] OK: d735f937-e353-5c87-ae41-0aef67bfe92b | El tamango | flac → MP3 | 74.0%
[2026-02-23 05:36:42] OK: 5fcd2687-e734-583a-a424-71e56835ca9c | Primerisimo | flac → MP3 | 78.1%
[2026-02-23 05:36:46] OK: 3d1892f2-9ca2-5ee3-a667-e23e4a9027be | La payanca | flac → MP3 | 77.4%
[2026-02-23 05:36:56] OK: da9b438a-5f0b-5109-a802-472f27973287 | El choclo | flac → MP3 | 75.8%
[2026-02-23 05:36:57] OK: 3d2396a2-d636-5de9-981e-10ad01935d88 | Pura trampa | flac → MP3 | 77.5%
[2026-02-23 05:36:58] OK: 23724468-a192-5137-a73e-82eed5dc4824 | Zorro gris | flac → MP3 | 76.1%
[2026-02-23 05:37:01] OK: daf3dd18-7982-521d-8bea-87acfa7f2f41 | Que noche | flac → MP3 | 77.4%
[2026-02-23 05:37:03] OK: 1514dc83-de06-59bd-97d6-8006911d32f0 | La viruta | flac → MP3 | 77.2%
[2026-02-23 05:37:15] OK: 68347105-40de-5474-8e7a-e35df0958336 | La punalada | flac → MP3 | 75.7%
[2026-02-23 05:37:22] OK: 83c60fec-2d0e-5fbd-b5be-c384c97a27d5 | Milonga de mis amores | flac → MP3 | 79.4%
[2026-02-23 05:37:23] OK: dde73c3c-549b-581a-9ab6-d567aada1294 | 9 de julio | flac → MP3 | 76.7%
[2026-02-23 05:37:24] OK: c8df1dd2-6c43-55a4-84f5-69015127e310 | Gran Hotel Victoria | flac → MP3 | 77.2%
[2026-02-23 05:37:24] OK: f2c82cdf-a57e-5fc4-8014-6fbbd08e6f66 | El irresistible | flac → MP3 | 75.7%
[2026-02-23 05:37:37] OK: 5fe26ec3-4327-59ef-8633-2abd8d216c5a | La clavada | flac → MP3 | 76.1%
[2026-02-23 05:37:43] OK: 565f446c-bd43-5477-9bf3-f7ebc746d721 | Gallo ciego | flac → MP3 | 80.0%
[2026-02-23 05:37:43] OK: 929d045b-fb70-5271-a371-f7ff77cbcc37 | Entre dos fuegos | flac → MP3 | 77.5%
[2026-02-23 05:37:47] OK: dc9d5166-727f-51a6-9870-924ab25b653c | El chupete | flac → MP3 | 76.5%
[2026-02-23 05:37:52] OK: ed8f323a-e751-5e5e-b2c4-a6ae10e5b461 | La cumparsita | flac → MP3 | 74.9%
[2026-02-24 15:08:32] OK: 5ccd7239-a2e9-5c75-a9cd-0e333b1559a5 | El amanecer | flac → MP3 | -0.5%
[2026-02-24 15:08:42] OK: 6d4f8bce-07cf-5179-afe2-fa1283e6ca67 | Cruz maidana | flac → MP3 | 61.3%
[2026-02-24 15:08:47] OK: f787fedc-4d6b-5c0b-8ed4-f0e69ab24765 | El entrerriano | flac → MP3 | 75.9%
[2026-02-24 15:08:48] OK: bf6a61ca-41c4-587f-bc01-a18b6f786990 | Pimienta | flac → MP3 | 75.7%
[2026-02-24 15:08:49] OK: d617c0a3-9e1f-5f3c-a7e7-b018dcdf94e4 | Derecho viejo | flac → MP3 | 76.2%
[2026-02-24 15:08:51] OK: 7a7bf616-bacc-5075-9579-b68a6bc7458f | A media luz | flac → MP3 | 75.6%
[2026-02-24 15:08:58] OK: 921645b8-0979-54cf-92a8-887faeed35e7 | La paparruchita | flac → MP3 | 74.0%
[2026-02-24 15:08:58] OK: 91555984-6fc0-59ed-8e76-3149e61fbf2c | La catrera | flac → MP3 | 73.0%
[2026-02-24 15:08:59] OK: e5b65c09-3a60-5f64-bd0f-3de39abb96ff | Me llamo como me llamo | flac → MP3 | 62.0%
[2026-02-24 15:09:01] OK: 0187f621-3c1d-5160-96d6-fae6bc5697a4 | La catrera | flac → MP3 | 75.9%
[2026-02-24 15:10:47] OK: aff79303-699f-552b-8423-e49f28d145ba | Munyinga | flac → MP3 | 73.5%
[2026-02-24 15:10:51] OK: d27dfbfa-e652-5b3f-8012-f391bb00ac3a | El chapucero | flac → MP3 | 72.9%
[2026-02-24 15:10:55] OK: 46551317-af18-55c0-a944-4e889d5a1124 | Jueves | flac → MP3 | 71.3%
[2026-02-24 15:10:59] OK: b6157315-2f20-5cc8-897b-4407341360fb | Mucho mucho | flac → MP3 | 72.3%
[2026-02-24 15:11:02] OK: ccecaaba-da0e-51f5-bd0d-c196b4f702e5 | Este es el Rey | flac → MP3 | 75.3%
[2026-02-24 15:11:05] OK: cf4c000b-59f8-5e91-9327-52bbfa07bf3a | El choclo | flac → MP3 | 72.2%
[2026-02-24 15:11:07] OK: 6992f3f3-0a8f-5a52-aaf5-4f3ae98bd009 | El internado | flac → MP3 | 73.3%
[2026-02-24 15:11:09] OK: f85234b9-6bee-5f59-9f77-2948b8d9c8e9 | Bar exposicion | flac → MP3 | 76.5%
[2026-02-24 15:11:13] OK: ce2a032f-0490-5f2b-8565-484fced755bb | Loca | flac → MP3 | 77.3%
[2026-02-24 15:11:14] OK: fd7623de-3490-5846-9d5a-74e8111dbc03 | Joaquina | flac → MP3 | 70.2%
[2026-02-24 15:11:14] OK: 4cb472fb-a4aa-5047-aa66-75dfa22744cb | El irresistible | flac → MP3 | 72.2%
[2026-02-24 15:11:20] OK: 641d074c-0230-5474-a0be-b488de114d38 | Enganadora | flac → MP3 | 73.5%
[2026-02-24 15:11:20] OK: a83de4c4-c646-587d-b22b-460b0caa6c74 | Paciencia | flac → MP3 | 61.3%
[2026-02-24 15:11:21] OK: 3ca34188-5019-5526-ab7c-2500eebaeb73 | El tigre millan | flac → MP3 | 61.4%
[2026-02-24 15:11:22] OK: afc78bb2-20c1-5496-8ee6-5ae0b4d10e8e | Penumbras | flac → MP3 | 61.0%
[2026-02-24 15:11:28] OK: 12439c11-32af-51c5-aeed-8393c1b72f53 | Estas conmigo | flac → MP3 | 60.8%
[2026-02-24 15:11:33] OK: eb7b57bb-ddd9-5f56-9707-a6e11494d8af | Pampeana | flac → MP3 | 74.4%
[2026-02-24 15:11:34] OK: c3196299-e479-5cec-aaf3-3fe532768f59 | Bien Portena | flac → MP3 | 72.0%
[2026-02-24 15:11:35] OK: be986361-e534-58d2-a7c1-9214a9964f3a | Homero | flac → MP3 | 72.5%
[2026-02-24 15:11:39] OK: f77dc54d-4319-5a29-8b6e-990442c38599 | El marne | flac → MP3 | 73.3%
[2026-02-24 15:11:39] OK: b3d19196-c427-5d3b-b052-80a363db7ed7 | Pampa | flac → MP3 | 71.8%
[2026-02-24 15:11:41] OK: 6144e56a-1f5e-5a29-b7e7-390fa4adee3c | Union civica (custom) | flac → MP3 | 62.7%
[2026-02-24 15:11:45] OK: 588beea2-7ca4-5f76-ae6d-584d659e7848 | Yapeyu (custom) | flac → MP3 | 58.4%
[2026-02-24 15:11:49] OK: 348bf4c0-2e6b-5e93-b6b1-b0d12819571e | Desencanto | flac → MP3 | 59.2%
[2026-02-24 15:11:54] OK: f1bc4b40-7d90-55de-bc45-41705ec7cd2c | Estas conmigo | flac → MP3 | 76.9%
[2026-02-24 15:11:57] OK: 4fe3e595-e6d6-5f67-a996-cb3150dee1d6 | La Bicoca | flac → MP3 | 76.8%
[2026-02-24 15:12:00] OK: 08219c18-7e45-54c1-87dd-dea4b57c9521 | Tucuman (custom) | flac → MP3 | 62.4%
[2026-02-24 15:12:00] OK: 02dea7e0-24de-5ec6-80a5-ebf6a851874e | La Cumparsita | flac → MP3 | 77.0%
[2026-02-24 15:12:10] OK: 64a17a3b-2552-51d8-a77d-4fab36bd8f1d | Homero | flac → MP3 | 77.1%
[2026-02-24 15:12:11] OK: 18db3b02-413c-5552-a423-b9eb2bf4811e | Canaro En Paris (custom) | flac → MP3 | 44.3%
[2026-02-24 15:12:12] OK: 2b77a7d4-34fa-5212-bb71-137ccbefa959 | El Irresistible | flac → MP3 | 76.6%
[2026-02-24 15:12:13] OK: acb05c30-feeb-54ef-9568-4a93608c4fbd | El romantico | flac → MP3 | 77.9%
[2026-02-24 15:12:13] OK: 159e6dfc-349f-512f-a89f-af736c0b7d3e | El Marne | flac → MP3 | 76.3%
[2026-02-24 15:12:20] OK: 3cd8cffb-df8e-59ba-9412-1beacde0c2c9 | El simpatico (custom) | flac → MP3 | 60.0%
[2026-02-24 15:12:24] OK: b7a54079-749b-5d89-939e-506c15522389 | El Cisne | flac → MP3 | 61.4%
[2026-02-24 15:12:29] OK: 0cecfcc7-4109-5510-a31a-c5fb01839cce | Florida | flac → MP3 | 77.0%
[2026-02-24 15:12:30] OK: 8ecd73ae-c612-5a08-a56c-3bf54cadefac | Don Juan | flac → MP3 | 76.8%
[2026-02-24 15:12:32] OK: 31d945a1-8fb0-565d-ae09-b2786932d9d4 | Pampa | flac → MP3 | 76.8%
[2026-02-24 15:13:25] OK: 0116a8fb-b160-544d-a5bc-390d41a0a0e9 | De corazon a corazon | flac → MP3 | 77.3%
[2026-02-24 15:13:30] OK: 5ba9e198-4628-5555-8f0d-ab17527059c2 | El pollo Ricardo | flac → MP3 | 77.3%
[2026-02-24 15:13:36] OK: f2ac3788-13c4-5e48-b4e8-b68178bca6d1 | Nueve de Julio | flac → MP3 | 76.6%
[2026-02-24 15:13:41] OK: bfcd6bd7-1f58-580a-b803-db5a2f0653d4 | Viejo smoking | flac → MP3 | 77.1%
[2026-02-24 15:13:42] OK: 4e278f3e-6295-59a3-b9e2-ae1ba7b6d3d5 | Nueve de Julio (custom) | flac → MP3 | 73.5%
[2026-02-24 15:13:44] OK: dcb15ddd-7e7e-555a-b4d8-eb1d8a47caad | El Puntazo | flac → MP3 | 76.8%
[2026-02-24 15:13:45] OK: 8b57af9a-1c6f-599f-a292-defd05520dfb | Tucuman | flac → MP3 | 74.7%
[2026-02-24 15:13:50] OK: dc4a417c-3930-5084-a535-b4dd7fdd8213 | Luis Alberto | flac → MP3 | 77.9%
[2026-02-24 15:13:50] OK: de5f2b94-a692-5e9a-8bb6-499343128cc6 | Ay aurora | flac → MP3 | 64.9%
[2026-02-24 15:13:52] OK: 38e5ad77-4a6e-5721-96b6-d19feb356801 | La cicatriz | flac → MP3 | 74.6%
[2026-02-24 15:14:00] OK: df6143ac-ecb3-53f7-b6ec-0702074a1f84 | A una mujer | flac → MP3 | 63.7%
[2026-02-24 15:14:00] OK: 082d3e9c-6148-574f-83f6-f35b6d1f63bf | Felicia | flac → MP3 | 62.0%
[2026-02-24 15:14:01] OK: 4a340b54-ccaf-5f4c-9851-7fca28027baa | La parillada | flac → MP3 | 61.6%
[2026-02-24 15:14:02] OK: f5fd9eca-cf8b-514d-a875-f65a9c182e80 | El Agente de la esquina | flac → MP3 | 76.3%
[2026-02-24 15:14:08] OK: 5dd4345f-94ca-5603-956f-c6ff57a451a8 | Don Pacifico | flac → MP3 | 65.3%
[2026-02-24 15:14:14] OK: 9c32fdc8-8360-5301-bfac-3721b664bc12 | La mariposa | flac → MP3 | 57.9%
[2026-02-24 15:14:14] OK: 4bfe39b4-fd9b-5fa4-ae8d-1be077f15c8a | Rodriguez Pena | flac → MP3 | 58.7%
[2026-02-24 15:14:16] OK: f826f0a7-6fb9-5e64-b46f-2bef286b9c61 | De antano | flac → MP3 | 73.5%
[2026-02-24 15:14:16] OK: 49c7efc3-0161-5c66-a68d-7dae2a1ced14 | Melodia portena | flac → MP3 | 57.8%
[2026-02-24 15:14:24] OK: 0a92f300-1662-5e01-8072-8286d5749ab7 | La Morocha | flac → MP3 | 75.0%
[2026-02-24 15:14:25] OK: bbce4418-b115-50d4-afc8-1482671d549a | Silueta Portena | flac → MP3 | 73.4%
[2026-02-24 15:14:30] OK: 8d20b650-3f88-5e59-b954-b7330655f5c7 | El Internado | flac → MP3 | 71.7%
[2026-02-24 15:14:31] OK: 76f6e225-ea60-5155-b9af-87407fded14d | El Choclo | flac → MP3 | 75.1%
[2026-02-24 15:14:34] OK: b837ccf1-5067-5d82-b101-0967b660665b | Melodia Portena | flac → MP3 | 75.2%
[2026-02-24 15:14:36] OK: 1702b4c7-a6d3-5101-bd2b-23b49f8fd798 | De Antano | flac → MP3 | 64.1%
[2026-02-24 15:14:36] OK: 730cdd48-4760-542b-a148-4a88454576b1 | Derecho Viejo | flac → MP3 | 72.2%
[2026-02-24 15:14:37] OK: d2e49bb0-2413-5478-902b-29181fe128bd | Mandria | flac → MP3 | 63.7%
[2026-02-24 15:14:42] OK: 937b43ea-775a-5759-9cbe-2fdee7df406c | El triunfo | flac → MP3 | 59.4%
[2026-02-24 15:14:44] OK: 434272cb-a453-563e-920f-b8dec4ed8054 | Santa Milonguita | flac → MP3 | 63.7%
[2026-02-24 15:14:45] OK: 64674c44-b445-503e-894e-09a59262f714 | Por que razon | flac → MP3 | 67.9%
[2026-02-24 15:14:47] OK: 15e07807-a4e2-5898-a2c4-ce467e9db04e | El esquinazo | flac → MP3 | 57.7%
[2026-02-24 15:14:52] OK: 7f54e198-c62a-5bcb-b1af-a502463ce944 | El cisne | flac → MP3 | 56.8%
[2026-02-24 15:14:53] OK: 5376a01c-2ea2-59bb-afa2-4548f0b28012 | Milonga del recuerdo | flac → MP3 | 73.7%
[2026-02-24 15:14:54] OK: 5d481dfe-3e85-5f6f-b3b5-ca1cd024841f | Que Importa | flac → MP3 | 65.1%
[2026-02-24 15:14:56] OK: 7c00d7a3-46e4-5832-a9df-5f73c83dee96 | Florida | flac → MP3 | 56.8%
[2026-02-24 15:14:56] OK: 8f361bb2-b75a-5079-a528-f870d704fa7c | El Apronte | flac → MP3 | 72.2%
[2026-02-24 15:15:04] OK: 151d46ae-c737-5220-8c0e-a855cd91a6f4 | Estampa de varon | flac → MP3 | 57.2%
[2026-02-24 15:15:05] OK: 3006bf89-988a-58be-b75c-0d24481f7ea5 | La morocha | flac → MP3 | 56.6%
[2026-02-24 15:15:05] OK: a9271da9-87c6-5176-97a9-986267fc1fec | Jueves | flac → MP3 | 73.5%
[2026-02-24 15:15:06] OK: 78264a5f-88e4-5cad-bc10-553e603bba87 | Trago Amargo | flac → MP3 | 70.6%
[2026-02-24 15:15:11] OK: 4e717bc0-e862-59d8-86fd-e13bab75ede1 | El internado | flac → MP3 | 56.7%
[2026-02-24 15:15:12] OK: 86203f0a-615c-51ea-9130-cb36fcbb47e6 | El Vino Triste | flac → MP3 | 71.8%
[2026-02-24 15:15:16] OK: 6ec370fd-dec5-5176-b6cb-0f3fe8be0ca7 | Chirusa | flac → MP3 | 62.3%
[2026-02-24 15:15:18] OK: 8ee7ce1c-d690-5845-ac7c-de0be97c4776 | Sali de Perdedor | flac → MP3 | 68.7%
[2026-02-24 15:15:18] OK: ff191644-5572-50dd-a9a8-ac41c463ae19 | El horizonte | flac → MP3 | 56.7%
[2026-02-24 15:15:25] OK: 6d7ed5a2-e18f-5490-9e6c-31672b8a9628 | Union civica | flac → MP3 | 57.8%
[2026-02-24 15:15:25] OK: 44200914-3c69-5271-b4a1-9993e4e5b5e4 | La Cicatriz | flac → MP3 | 64.8%
[2026-02-24 15:15:25] OK: feaa9537-8b2b-5d23-ae46-891f17b201b2 | El Africano | flac → MP3 | 74.1%
[2026-02-24 15:15:27] OK: 45f325a6-eed8-58ae-af5c-da6fcc1d554d | Meta fierro | flac → MP3 | 73.5%
[2026-02-24 15:15:28] OK: e1296486-2a84-5536-833b-2f0d2d08a36b | Entre dos fuegos | flac → MP3 | 66.1%
[2026-02-24 15:17:26] WARN: 193c09de-b5c8-549f-8a03-066668b47753 - Backup failed: Command '['az', 'storage', 'blob', 'upload', '--account-name', 'nttt', '--container-name', 'v20-originals', '--name', '193c09de-b5c8-549f-8a03-066668b47753.original', '--file', '/var/folders/r4/_tc4gn
[2026-02-24 15:17:27] WARN: bdd80663-942b-5121-adc3-c068a695afcc - Backup failed: Command '['az', 'storage', 'blob', 'upload', '--account-name', 'nttt', '--container-name', 'v20-originals', '--name', 'bdd80663-942b-5121-adc3-c068a695afcc.original', '--file', '/var/folders/r4/_tc4gn
[2026-02-24 15:17:29] WARN: 2460745e-52e2-59ee-b333-ed46f94991e4 - Backup failed: Command '['az', 'storage', 'blob', 'upload', '--account-name', 'nttt', '--container-name', 'v20-originals', '--name', '2460745e-52e2-59ee-b333-ed46f94991e4.original', '--file', '/var/folders/r4/_tc4gn
[2026-02-24 15:17:30] ERROR: e89469b8-6f6d-52a8-a265-0bac7848c336 - Upload failed: Command '['az', 'storage', 'blob', 'upload', '--account-name', 'nttt', '--container-name', 'v20', '--name', 'e89469b8-6f6d-52a8-a265-0bac7848c336.mp3', '--file', '/var/folders/r4/_tc4gnds7yd7prk90mkrv
[2026-02-24 15:17:31] ERROR: abd220d7-f71b-58c6-b571-42671a0963b9 - Upload failed: Command '['az', 'storage', 'blob', 'upload', '--account-name', 'nttt', '--container-name', 'v20', '--name', 'abd220d7-f71b-58c6-b571-42671a0963b9.mp3', '--file', '/var/folders/r4/_tc4gnds7yd7prk90mkrv
[2026-02-24 15:18:26] OK: 2460745e-52e2-59ee-b333-ed46f94991e4 | Castigo | flac → MP3 | 63.7%
[2026-02-24 15:18:27] OK: bdd80663-942b-5121-adc3-c068a695afcc | El Vino Triste | flac → MP3 | 63.8%
[2026-02-24 15:18:29] OK: 193c09de-b5c8-549f-8a03-066668b47753 | La Cumparsita | flac → MP3 | 74.1%
[2026-02-24 15:18:36] OK: bf2299b1-4f71-5289-a256-fd40c450c90e | Milonga del Recuerdo | flac → MP3 | 66.6%
[2026-02-24 15:18:37] OK: 77117dc1-040a-53cf-bfc8-1d842550a5fe | El aeroplano | flac → MP3 | 56.8%
[2026-02-24 15:18:39] OK: 2112b178-8891-5772-b560-d331c34a5bfe | Derecho Viejo | flac → MP3 | 66.7%
[2026-02-24 15:18:39] OK: 63b012e5-c308-57a1-abc4-8199e8376db0 | De pura cepa | flac → MP3 | 73.8%
[2026-02-24 15:18:40] OK: 55b4e3d6-b8a7-512a-a77a-9f0447c7d327 | La punalada | flac → MP3 | 73.9%
[2026-02-24 15:18:48] OK: 78097020-c3e9-59a9-a449-cb680eb25401 | Que dios te ayude | flac → MP3 | 64.6%
[2026-02-24 15:18:49] OK: 2a484ced-0039-5cf7-a81d-db020fcd8ea9 | El esquinazo | flac → MP3 | 72.9%
[2026-02-24 15:18:50] OK: 92dc03f4-44b3-55f5-865b-f2a08e19a21d | La catrera | flac → MP3 | 57.2%
[2026-02-24 15:18:51] OK: 8235c433-c072-523a-b7f7-ecc1f96978fa | El internado | flac → MP3 | 76.1%
[2026-02-24 15:18:57] OK: d8c799f2-dbc0-5ca2-9e46-7b1834107617 | El Triunfo | flac → MP3 | 76.7%
[2026-02-24 15:19:04] OK: cf68e868-a1fa-580b-b03b-efc78ce53856 | Gallo ciego | flac → MP3 | 74.5%
[2026-02-24 15:19:05] OK: 7c2ef547-b65e-5180-9351-65b54edfc75d | No me los digas | flac → MP3 | 73.2%
[2026-02-24 15:19:07] OK: 80d316a8-7abe-558c-af1c-1a2b2310e789 | Sabado ingles | flac → MP3 | 75.0%
[2026-02-24 15:19:10] OK: add0ab5b-5d1e-530f-b384-107ed1256fa5 | La Guitarrita | flac → MP3 | 75.9%
[2026-02-24 15:19:11] OK: 20be9f67-8ad9-58ce-87ce-2f86b194ab2e | El Africano | flac → MP3 | 77.5%
[2026-02-24 15:19:17] OK: c1cf15f5-2958-5e32-b9fb-e3e4212b0b73 | Lunes | flac → MP3 | 75.3%
[2026-02-24 15:19:22] OK: ac30f28b-084f-56cb-a434-fbac5f6e0cc1 | Charamusca | flac → MP3 | 75.1%
[2026-02-24 15:19:24] OK: c3a3c7e5-07ef-546f-885f-e4725c7ff0c3 | La cumparsita | flac → MP3 | 74.2%
[2026-02-24 15:19:25] OK: faafe227-b1b0-559d-85c5-ba2b1c4d7982 | Melodia portena | flac → MP3 | 76.1%
[2026-02-24 15:19:26] OK: 0695294a-2c2f-5cbf-a720-4083a9ed8aa4 | Re fa si | flac → MP3 | 75.4%
[2026-02-24 15:19:31] OK: 17040c60-8e76-5ed5-b9ce-8199fc33b3bb | Don Pacifico | flac → MP3 | 76.9%
[2026-02-24 15:19:36] OK: aefc6699-67d6-5da9-8ecc-ccd300d88753 | Por que razon | flac → MP3 | 74.6%
[2026-02-24 15:19:41] OK: 6375fd11-6319-595a-808b-aaf790100073 | Felicia | flac → MP3 | 76.5%
[2026-02-24 15:19:43] OK: d689ad9c-ad4c-5759-a2da-724674f85c7d | Jueves | flac → MP3 | 77.1%
[2026-02-24 15:19:43] OK: 684a46a1-e365-5187-abba-6576a2e492f7 | Union Civica | flac → MP3 | 76.8%
[2026-02-24 15:19:47] OK: eb0b56c1-d6a1-5a7c-94f9-2fbab2b90103 | La Rosarina | flac → MP3 | 75.6%
[2026-02-24 15:19:49] OK: e4b3f729-6fdd-5750-a92c-c50c39f355c1 | Derecho Viejo | flac → MP3 | 71.8%
[2026-02-24 15:19:49] OK: 82bab5c9-4c90-530b-abf8-415a2c0932d5 | El cencerro | flac → MP3 | 75.0%
[2026-02-24 15:19:59] OK: b22c011a-4fd5-5ebc-b93a-742a0a618890 | Hotel Victoria (Gran Hotel Victoria) | flac → MP3 | 77.2%
[2026-02-24 15:19:59] OK: 12ab1eb3-343b-5e6c-8ff7-0c0bb6f683ed | La Mariposa | flac → MP3 | 74.0%
[2026-02-24 15:20:00] OK: 75e9af85-10ff-50de-95db-1cbcb5c14c41 | Comme Il Faut | flac → MP3 | 76.9%
[2026-02-24 15:20:06] OK: 4b5a1771-a837-5996-8f99-a70fc8c06773 | Rawson | flac → MP3 | 73.4%
[2026-02-24 15:20:07] OK: b11ae71d-71d8-53d6-8a31-57ca3f455187 | Joaquina | flac → MP3 | 76.9%
[2026-02-24 15:20:07] OK: 583713c8-cf7d-5452-9344-3c46771fd530 | Yunta Brava | flac → MP3 | 73.4%
[2026-02-24 15:20:13] OK: 4291bc00-ba2b-5338-a813-c27d6d4891d5 | Lelia | flac → MP3 | 74.4%
[2026-02-24 15:20:13] OK: 4ca6fc2d-8b72-58b4-bf0f-b06e4a4ff6fc | Melodia portena | flac → MP3 | 75.5%
[2026-02-24 15:20:18] OK: 89b15035-2c80-549b-bde0-f149762715f3 | Champagne tango | flac → MP3 | 70.9%
[2026-02-24 15:20:19] OK: b72a14e8-5cfc-5cf0-ba81-02e53e054947 | Valsecito de antes | flac → MP3 | 74.5%
[2026-02-24 15:20:19] OK: cc94fabe-8451-57b6-827d-0a0a4c9d8f69 | Rodriguez Pena | flac → MP3 | 73.1%
[2026-02-24 15:20:25] OK: c7d2e67f-36b2-5690-961e-3658b22f646a | Inolvidable | flac → MP3 | 74.6%
[2026-02-24 15:20:27] OK: d345e034-2e65-5d31-97a9-fecfad30c68d | Joaquina | flac → MP3 | 74.7%
[2026-02-24 15:20:29] OK: d7d0bfb6-1913-5bf6-bd73-77d6c79d819f | El choclo | flac → MP3 | 74.0%
[2026-02-24 15:20:29] OK: 60bce3ed-6a86-5acc-8668-0d8228f35c03 | La catrera | flac → MP3 | 71.8%
[2026-02-24 15:20:34] OK: 7bcd9353-2c64-5ff6-a758-8d2a35be90f2 | Ay Aurora | flac → MP3 | 72.6%
[2026-02-24 15:22:32] ERROR: b097498b-ba8b-556d-9d4d-2118cf6f6bee - Upload failed: Command '['az', 'storage', 'blob', 'upload', '--account-name', 'nttt', '--container-name', 'v20', '--name', 'b097498b-ba8b-556d-9d4d-2118cf6f6bee.mp3', '--file', '/var/folders/r4/_tc4gnds7yd7prk90mkrv
[2026-02-24 15:22:34] WARN: 43b3dcbc-f28d-5730-9092-f692b1fab7c4 - Backup failed: Command '['az', 'storage', 'blob', 'upload', '--account-name', 'nttt', '--container-name', 'v20-originals', '--name', '43b3dcbc-f28d-5730-9092-f692b1fab7c4.original', '--file', '/var/folders/r4/_tc4gn
[2026-02-24 15:22:36] ERROR: 7ceb545e-d971-5af6-8824-22665eee6379 - Upload failed: Command '['az', 'storage', 'blob', 'upload', '--account-name', 'nttt', '--container-name', 'v20', '--name', '7ceb545e-d971-5af6-8824-22665eee6379.mp3', '--file', '/var/folders/r4/_tc4gnds7yd7prk90mkrv
[2026-02-24 15:22:37] ERROR: 9101ec7b-5ff4-544f-b7b1-f2694c139a45 - Upload failed: Command '['az', 'storage', 'blob', 'upload', '--account-name', 'nttt', '--container-name', 'v20', '--name', '9101ec7b-5ff4-544f-b7b1-f2694c139a45.mp3', '--file', '/var/folders/r4/_tc4gnds7yd7prk90mkrv
[2026-02-24 15:22:38] ERROR: ebff7f5b-d0b6-5ca1-b5d2-4930813f6c26 - Upload failed: Command '['az', 'storage', 'blob', 'upload', '--account-name', 'nttt', '--container-name', 'v20', '--name', 'ebff7f5b-d0b6-5ca1-b5d2-4930813f6c26.mp3', '--file', '/var/folders/r4/_tc4gnds7yd7prk90mkrv
[2026-02-24 15:23:27] OK: 43b3dcbc-f28d-5730-9092-f692b1fab7c4 | Don Juan | flac → MP3 | 74.9%
[2026-02-24 15:23:34] OK: 7b2cf4fc-4fb6-5059-a380-c8426c007b15 | Indiferencia | flac → MP3 | 73.6%
[2026-02-24 15:23:36] OK: 2d54807d-87ff-5275-bbb6-0f32405b239c | La guitarrita | flac → MP3 | 74.5%
[2026-02-24 15:23:39] OK: e9e9c52a-216e-5e15-9edd-304251fd793f | De pura cepa | flac → MP3 | 73.8%
[2026-02-24 15:23:39] OK: f5d3b70a-29fc-5a33-8742-11f5975b4f3d | Lagrimas y sonrisas | flac → MP3 | 75.3%
[2026-02-24 15:23:40] OK: 6d43bef5-5437-5e4b-9359-1c7a60ff6afc | El flete | flac → MP3 | 73.5%
[2026-02-24 15:23:46] OK: 9bbd30f4-81e1-5da8-9963-2aaa602f1e25 | Que noche | flac → MP3 | 73.4%
[2026-02-24 15:23:47] OK: 0b5ea3a0-c609-5ffa-bfa3-5b56743e2a24 | No llores, madre | flac → MP3 | 74.2%
[2026-02-24 15:23:51] OK: 768f4aa4-762c-5cdd-8bc3-087c25df0634 | Cabeza de novia | flac → MP3 | 73.0%
[2026-02-24 15:23:52] OK: 0c9f3d4e-486d-59b3-9fd0-7d4af3a2b704 | En tu corazon | flac → MP3 | 74.2%
[2026-02-24 15:23:59] OK: bfaca0f3-b6b3-52ac-946d-fa968567957c | Milonga vieja milonga | flac → MP3 | 74.8%
[2026-02-24 15:23:59] OK: ac328899-a2b6-5441-8c9c-5113dd11e8e4 | De mi flor | flac → MP3 | 72.8%
[2026-02-24 15:23:59] OK: d41b6acd-af0e-543d-b9b2-b73deb9ffe30 | Valsecito criollo | flac → MP3 | 74.3%
[2026-02-24 15:24:01] OK: cefa01bd-fa28-57a5-8ae8-8f0147b6f005 | Nueve de Julio | flac → MP3 | 74.6%
[2026-02-24 15:24:06] OK: 27d15749-1047-5c11-84da-ce004cea3882 | Re Fa Si | flac → MP3 | 74.5%
[2026-02-24 15:24:07] OK: 2fece94e-8085-5096-b31a-47b21d19388b | La viruta | flac → MP3 | 73.8%
[2026-02-24 15:24:13] OK: 01e3586d-d31f-5932-887e-1f8ba3d3d8eb | Derecho viejo | flac → MP3 | 74.7%
[2026-02-24 15:24:13] OK: 58470cd2-bd28-5f21-89f8-01a0e296dd1f | La bruja | flac → MP3 | 73.2%
[2026-02-24 15:24:20] OK: 2cf6d807-9401-5323-a0fd-334031ad269e | No mientas | flac → MP3 | 73.3%
[2026-02-24 15:24:21] OK: 4643cbb2-3960-5df3-bdaa-486564963160 | Recuerdos de la pampa | flac → MP3 | 73.4%
[2026-02-24 15:24:21] OK: fb04a215-6276-5b69-91d0-d89ba19e8682 | Florida | flac → MP3 | 70.7%
[2026-02-24 15:24:22] OK: 1bdef69f-5a74-504c-9392-1555666deaca | Estampa de varon | flac → MP3 | 72.7%
[2026-02-24 15:24:25] OK: 7f0c0240-5dd5-5048-9137-197238edacd1 | El temblor | flac → MP3 | 71.0%
[2026-02-24 15:24:29] OK: 3486edba-714c-52f7-b907-18b5b0eb7312 | Amor y celo | flac → MP3 | 74.1%
[2026-02-24 15:24:33] OK: e3e867d0-66a5-5c55-b2a7-69052f2e2842 | El cabure | flac → MP3 | 74.1%
[2026-02-24 15:24:35] OK: 295208b2-a76b-5735-9815-7c12848bd260 | Rawson | flac → MP3 | 74.4%
[2026-02-24 15:24:40] OK: 46291968-a79f-5aff-8920-77a44559f9cc | Irene | flac → MP3 | 75.3%
[2026-02-24 15:24:41] OK: 29c043b4-dfec-5ccf-ad8d-e257d39eed8d | Por que razon | flac → MP3 | 73.9%
[2026-02-24 15:24:42] OK: 0ce940af-1511-52ca-98b0-74ad3a15083f | El portenito | flac → MP3 | 74.4%
[2026-02-24 15:24:47] OK: 7b3be6ef-6637-53ec-8091-59dd2d966ef4 | El Marne | flac → MP3 | 73.7%
[2026-02-24 15:24:48] OK: d576475e-fb39-562b-994c-3d3466c26f28 | Ataniche | flac → MP3 | 73.7%
[2026-02-24 15:24:54] OK: 6268e89f-da32-5f0a-903d-f33d73851d1e | Don Esteban | flac → MP3 | 73.5%
[2026-02-24 15:24:55] OK: 8e295ea8-312c-5719-8973-123748362b77 | Olvidame | flac → MP3 | 74.4%
[2026-02-24 15:24:55] OK: 8205bc27-3d64-5680-aa8c-efa4dc209d84 | Desde el alma | flac → MP3 | 76.1%
[2026-02-24 15:25:01] OK: b4ac7af5-2ad3-5384-99db-f18b510435ff | Rodriguez Pena | flac → MP3 | 74.8%
[2026-02-24 15:25:02] OK: 260dea7b-c4de-58e7-b5a0-a68e808e5ddd | Yunta brava | flac → MP3 | 70.8%
[2026-02-24 15:25:06] OK: 5e71e07f-ef88-58d6-b7de-fa33e94851c7 | Nada mas | flac → MP3 | 65.7%
[2026-02-24 15:25:09] OK: cf1ab9ef-5269-5464-b872-82ece19f78ac | Un placer | flac → MP3 | 75.5%
[2026-02-24 15:25:11] OK: 48bb0cf9-7c64-5d83-9d08-c15a9bd025a6 | Penas de amor | flac → MP3 | 75.1%
[2026-02-24 15:25:12] OK: 9402052a-4791-518e-a197-2ad754ea8396 | Pampa | flac → MP3 | 74.9%
[2026-02-24 15:25:14] OK: a2edb321-7930-5db2-839a-927b7b52ec40 | Sabado ingles | flac → MP3 | 74.8%
[2026-02-24 15:25:17] OK: 6c6068d7-2a95-5d69-a22f-4ccd89c50d6a | Comme il faut | flac → MP3 | 72.7%
[2026-02-24 15:25:22] OK: 2d87ab59-8a4a-5818-80ec-203514d80c3d | El africano | flac → MP3 | 74.2%
[2026-02-24 15:25:23] OK: 94779b44-4a5e-5fa5-b1e5-119ef0a8e874 | Homero | flac → MP3 | 73.4%
[2026-02-24 15:25:24] OK: ffcc9fa2-fc9e-514b-a33e-c97b513fe576 | Tinta verde | flac → MP3 | 75.4%
[2026-02-24 15:25:28] OK: 6b18b912-8d26-53fd-9e0a-95a7fb71cf16 | Tu olvido | flac → MP3 | 74.7%
[2026-02-24 15:25:29] OK: 2b0cf492-8842-5b2e-a291-67f1c6702f0b | Pico blanco | flac → MP3 | 71.9%
[2026-02-24 15:27:24] WARN: 24c39a30-3cde-57e4-8059-a81d57bf6629 - Backup failed: Command '['az', 'storage', 'blob', 'upload', '--account-name', 'nttt', '--container-name', 'v20-originals', '--name', '24c39a30-3cde-57e4-8059-a81d57bf6629.original', '--file', '/var/folders/r4/_tc4gn
[2026-02-24 15:27:29] WARN: 52383ef2-ca90-5334-bbe3-c03efe1f9431 - Backup failed: Command '['az', 'storage', 'blob', 'upload', '--account-name', 'nttt', '--container-name', 'v20-originals', '--name', '52383ef2-ca90-5334-bbe3-c03efe1f9431.original', '--file', '/var/folders/r4/_tc4gn
[2026-02-24 15:27:30] WARN: 7cd32985-5738-5a55-b313-2bafb4e49b9b - Backup failed: Command '['az', 'storage', 'blob', 'upload', '--account-name', 'nttt', '--container-name', 'v20-originals', '--name', '7cd32985-5738-5a55-b313-2bafb4e49b9b.original', '--file', '/var/folders/r4/_tc4gn
[2026-02-24 15:27:30] ERROR: c3871de9-46ed-5b16-ba05-6a52a4f95e72 - Upload failed: Command '['az', 'storage', 'blob', 'upload', '--account-name', 'nttt', '--container-name', 'v20', '--name', 'c3871de9-46ed-5b16-ba05-6a52a4f95e72.mp3', '--file', '/var/folders/r4/_tc4gnds7yd7prk90mkrv
[2026-02-24 15:27:31] ERROR: 77df3659-0d9f-54be-8c75-45a94c4f769e - Upload failed: Command '['az', 'storage', 'blob', 'upload', '--account-name', 'nttt', '--container-name', 'v20', '--name', '77df3659-0d9f-54be-8c75-45a94c4f769e.mp3', '--file', '/var/folders/r4/_tc4gnds7yd7prk90mkrv
[2026-02-24 15:28:25] OK: 24c39a30-3cde-57e4-8059-a81d57bf6629 | Corazon de artista | flac → MP3 | 73.5%
[2026-02-24 15:28:26] OK: 7cd32985-5738-5a55-b313-2bafb4e49b9b | No me lo digas | flac → MP3 | 74.1%
[2026-02-24 15:28:28] OK: 52383ef2-ca90-5334-bbe3-c03efe1f9431 | Charamusca | flac → MP3 | 75.2%
[2026-02-24 15:28:38] OK: 4a633032-8010-585f-bed2-94762f86b49c | El aeroplano | flac → MP3 | 72.8%
[2026-02-24 15:28:39] OK: e8f37c8d-6b0e-50d6-b85d-a3c28a6162fa | Retintin | flac → MP3 | 75.3%
[2026-02-24 15:28:39] OK: ea27c10e-643c-51dc-a234-e1c259e21f30 | El cencerro | flac → MP3 | 74.0%
[2026-02-24 15:28:40] OK: e147d268-88c2-5d42-9fcd-3b9d90a9a5d8 | La cicatriz | flac → MP3 | 74.3%
[2026-02-24 15:28:41] OK: 7cc793c6-9d63-5c0c-8c56-9b20c9395200 | Milonga del recuerdo | flac → MP3 | 74.6%
[2026-02-24 15:28:51] OK: c96c3263-16a2-5dda-a4cb-be47520b7bc8 | Pabellon de las rosas | flac → MP3 | 74.8%
[2026-02-24 15:28:51] OK: 73643280-230b-5b96-be3a-e83adc1c0746 | El esquinazo | flac → MP3 | 71.5%
[2026-02-24 15:28:52] OK: e5f074e9-bea4-5bd2-aa82-38cffc0f0579 | Lelia | flac → MP3 | 73.7%
[2026-02-24 15:28:53] OK: 8773b7aa-f9ad-52a6-9d1c-b5ec011f8a3f | Vision celeste | flac → MP3 | 74.3%
[2026-02-24 15:28:55] OK: 3df08f43-cf00-5c2c-8a44-0f3a86fbf3a1 | El vino triste | flac → MP3 | 73.0%
[2026-02-24 15:28:59] OK: 4e585649-016f-51b9-acb6-78b063e26a0b | Trago amargo | flac → MP3 | 72.9%
[2026-02-24 15:29:01] OK: 16b387bb-7c05-56c1-85fd-716bdeed89ce | Que Dios te ayude | flac → MP3 | 72.8%
[2026-02-24 15:29:06] OK: 4cb49497-a977-545f-bf3c-10e5104b4fa6 | Que importa | flac → MP3 | 73.0%
[2026-02-24 15:29:07] OK: 8fe44c83-f712-5955-856b-a2e67f9ec493 | Milonga del corazon | flac → MP3 | 71.4%
[2026-02-24 15:29:08] OK: c0fcba74-58c7-564c-a8d5-d2cb327b42f9 | El internado | flac → MP3 | 65.0%
[2026-02-24 15:29:09] OK: ed617cee-8420-5f58-b9f9-0c16ee265c98 | Lunes | flac → MP3 | 72.0%
[2026-02-24 15:29:14] OK: 17035745-2fbb-5531-8e48-d0ae791c17ab | Dos guitas | flac → MP3 | 73.5%
[2026-02-24 15:29:15] OK: ec65c14c-d739-521f-842e-ef36a36ab823 | La morocha | flac → MP3 | 74.8%
[2026-02-24 15:29:18] OK: 80dca5d7-b08e-503c-9e94-12e3db575b3e | Pensalo bien | flac → MP3 | 69.7%
[2026-02-24 15:29:20] OK: e78cd36d-8f61-57c9-a6a5-98db8283c82d | Orillas del Plata | flac → MP3 | 74.0%
[2026-02-24 15:29:23] OK: ff078fd2-7df1-5330-a94e-752e306f0f46 | El cisne | flac → MP3 | 72.1%
[2026-02-24 15:29:25] OK: ca4879bd-8264-5f56-a81d-23472a96b25f | Mandria | flac → MP3 | 74.0%
[2026-02-24 15:29:28] OK: 66f9655d-9200-5238-9d9f-d821742e75b4 | Felicia | flac → MP3 | 73.4%
[2026-02-24 15:29:30] OK: 3290a542-7d9e-57f9-ad8f-bd34e5427c4a | Silueta portena | flac → MP3 | 75.7%
[2026-02-24 15:29:33] OK: c47d494e-172f-5787-9eb5-90ad2f6836e7 | Hotel Victoria | flac → MP3 | 75.6%
[2026-02-24 15:29:39] OK: 0090b423-3f58-5876-ac8b-857bc2483ff9 | La payanca | flac → MP3 | 68.2%
[2026-02-24 15:29:40] OK: ddbca448-1aff-5c0b-aa77-235e1540014c | La rosarina | flac → MP3 | 72.4%
[2026-02-24 15:29:40] OK: a181aded-37ac-5272-8bfd-4e5c9c16c4ac | El horizonte | flac → MP3 | 73.4%
[2026-02-24 15:29:41] OK: c1b4cb05-5785-51c3-a589-01803d08788e | La cumparsita | flac → MP3 | 72.9%
[2026-02-24 15:29:47] OK: 98699463-7809-5fc7-85bb-59bb5938d358 | El irresistible | flac → MP3 | 74.5%
[2026-02-24 15:29:47] OK: 598597d1-060f-55e5-97a5-775e338382f5 | Milonga querida | flac → MP3 | 72.0%
[2026-02-24 15:29:52] OK: f4258397-6a38-5156-91bf-634df58beab4 | Lorenzo | flac → MP3 | 74.9%
[2026-02-24 15:29:54] OK: 5213cc59-ae51-5523-b74e-0f7e529d9b0d | El baqueano | flac → MP3 | 73.4%
[2026-02-24 15:29:57] OK: cd4c4566-3580-5d56-a581-6400c7ad6cc0 | Santa milonguita | flac → MP3 | 73.3%
[2026-02-24 15:30:00] OK: 83077792-30a6-56a2-a033-8b78bb36b250 | Gallo ciego | flac → MP3 | 74.2%
[2026-02-24 15:30:01] OK: f611df16-5a2d-5a48-a54a-bb195b4eb286 | Jueves | flac → MP3 | 73.5%
[2026-02-24 15:30:03] OK: 4bfc1727-8ccc-5ae3-a148-36a5c483bac0 | De antano | flac → MP3 | 72.8%
[2026-02-24 15:30:07] OK: 5ed0ee43-6cc8-5498-b09c-e0f2f0af8393 | El triunfo | flac → MP3 | 71.8%
[2026-02-24 15:30:07] OK: d561bb85-f004-58ae-95e9-589126e063ca | Union civica | flac → MP3 | 70.1%
[2026-02-24 15:30:09] OK: 05ebec74-c9ea-527e-acb8-d16a2259806a | La punalada | flac → MP3 | 73.1%
[2026-02-24 15:30:15] OK: 22f202ff-e42f-5653-8ea1-91d2838e9351 | El pollito | flac → MP3 | 74.8%
[2026-02-24 15:30:17] OK: 21ad1628-8f3b-5542-8dc6-95d9de6a426d | Maipo | flac → MP3 | 74.6%
[2026-02-24 15:30:20] OK: d5eb8198-ad33-5056-8ead-7777f0dd9c0a | Sueno florido | flac → MP3 | 75.5%
[2026-02-24 15:30:21] OK: eab7874d-b208-514f-9bcc-490ac19626cd | Francia | flac → MP3 | 74.8%
[2026-02-24 15:30:21] OK: 6417a652-e643-52f6-b834-fbb3c9b066a4 | El apronte | flac → MP3 | 72.1%
[2026-02-24 15:32:21] WARN: bcba65a6-4695-5437-aadb-e69a9940314b - Backup failed: Command '['az', 'storage', 'blob', 'upload', '--account-name', 'nttt', '--container-name', 'v20-originals', '--name', 'bcba65a6-4695-5437-aadb-e69a9940314b.original', '--file', '/var/folders/r4/_tc4gn
[2026-02-24 15:32:22] ERROR: 58134716-4e7a-50bb-8301-6d4df2f35a17 - Upload failed: Command '['az', 'storage', 'blob', 'upload', '--account-name', 'nttt', '--container-name', 'v20', '--name', '58134716-4e7a-50bb-8301-6d4df2f35a17.mp3', '--file', '/var/folders/r4/_tc4gnds7yd7prk90mkrv
[2026-02-24 15:32:22] WARN: 3861433d-79e6-56b2-83d5-e2f587476f5c - Backup failed: Command '['az', 'storage', 'blob', 'upload', '--account-name', 'nttt', '--container-name', 'v20-originals', '--name', '3861433d-79e6-56b2-83d5-e2f587476f5c.original', '--file', '/var/folders/r4/_tc4gn
[2026-02-24 15:32:22] WARN: dea383ad-1151-5aaa-9cfa-702d471dbf52 - Backup failed: Command '['az', 'storage', 'blob', 'upload', '--account-name', 'nttt', '--container-name', 'v20-originals', '--name', 'dea383ad-1151-5aaa-9cfa-702d471dbf52.original', '--file', '/var/folders/r4/_tc4gn
[2026-02-24 15:32:24] ERROR: 3a86eb80-885d-5ac3-b99e-7939d4ceb609 - Upload failed: Command '['az', 'storage', 'blob', 'upload', '--account-name', 'nttt', '--container-name', 'v20', '--name', '3a86eb80-885d-5ac3-b99e-7939d4ceb609.mp3', '--file', '/var/folders/r4/_tc4gnds7yd7prk90mkrv
[2026-02-24 15:33:56] OK: bcba65a6-4695-5437-aadb-e69a9940314b | Castigo | flac → MP3 | 74.2%
[2026-02-24 15:33:58] OK: 3861433d-79e6-56b2-83d5-e2f587476f5c | Una lagrima | flac → MP3 | 73.6%
[2026-02-24 15:34:01] OK: dea383ad-1151-5aaa-9cfa-702d471dbf52 | La Espuela | flac → MP3 | 70.4%
[2026-02-24 15:34:22] WARN: 61877a62-4238-5b9b-8311-e95e6d94e2a9 - Backup failed: Command '['az', 'storage', 'blob', 'upload', '--account-name', 'nttt', '--container-name', 'v20-originals', '--name', '61877a62-4238-5b9b-8311-e95e6d94e2a9.original', '--file', '/var/folders/r4/_tc4gn
[2026-02-24 15:34:24] WARN: 6c0a636d-f547-55c3-801d-94080b76e1a7 - Backup failed: Command '['az', 'storage', 'blob', 'upload', '--account-name', 'nttt', '--container-name', 'v20-originals', '--name', '6c0a636d-f547-55c3-801d-94080b76e1a7.original', '--file', '/var/folders/r4/_tc4gn
[2026-02-24 15:34:32] OK: 61877a62-4238-5b9b-8311-e95e6d94e2a9 | La Rumbita Candombe | flac → MP3 | 67.5%
[2026-02-24 15:34:33] OK: 6c0a636d-f547-55c3-801d-94080b76e1a7 | Mi Carinito | flac → MP3 | 66.6%
[2026-02-24 15:34:41] OK: dd7e0397-73d3-5caf-b4d8-30ae23212333 | Don Pacifico | flac → MP3 | 71.8%
[2026-02-24 15:34:42] OK: 6d736411-43c8-5fb0-8a86-e5178ecb0a1f | Es Inutil Que La Llores | flac → MP3 | 69.3%
[2026-02-24 15:34:43] OK: 9a68a092-4a1f-51c7-a166-b9181aefd717 | El Lazo | flac → MP3 | 66.6%
[2026-02-24 15:34:47] OK: f95d9497-b6cb-5044-b89f-ebc55bd13fac | Aqui He Venido A Cantar | flac → MP3 | 72.3%
[2026-02-24 15:34:48] OK: 14deabad-5e6b-5f68-9fdc-097e08c8ba1b | Culpas Ajenas | flac → MP3 | 66.6%
[2026-02-24 15:34:53] OK: 8c0675aa-f8fb-5274-bf7a-f4efa4d4fea3 | Don Alfonso | flac → MP3 | 68.9%
[2026-02-24 15:34:53] OK: b207dfe4-68ff-5210-b310-05992b89b7f2 | Candombe Rioplatense | flac → MP3 | 68.5%
[2026-02-24 15:34:54] OK: b57b547a-2b01-5f05-90c9-365e506c7982 | Independencia | flac → MP3 | 64.2%
[2026-02-24 15:35:00] OK: 0a48feab-887d-5329-a8a5-095f2ca28024 | As De Bastos | flac → MP3 | 72.6%
[2026-02-24 15:35:01] OK: ab7c50d8-19c6-5047-a30c-3c22df56e736 | Pajaro Sin Luz | flac → MP3 | 71.0%
[2026-02-24 15:35:05] OK: 8d59e3c7-613b-5498-8c4a-3ad494f0e715 | El Pollo Ricardo | flac → MP3 | 69.9%
[2026-02-24 15:35:06] OK: 1274b22a-cee3-5638-a755-7060faec7398 | Si Yo La Quiero | flac → MP3 | 72.3%
[2026-02-24 15:35:09] OK: 3b7eef89-5c1e-57ff-bd50-24964c07860a | El Tigre Millan | flac → MP3 | 68.1%
[2026-02-24 15:35:10] OK: 09d5d05c-caf9-58a0-92fd-867c0f18f6ed | El huracan | flac → MP3 | 68.0%
[2026-02-24 15:35:10] OK: 0b19e93b-b3a2-5591-866b-cc6936fd642a | El Resero | flac → MP3 | 67.4%
[2026-02-24 15:35:16] OK: d17b0347-35ef-5a9d-a92f-be96bf53e7c8 | Chique | flac → MP3 | 64.3%
[2026-02-24 15:35:22] OK: aba840ca-3f32-5def-8b02-5b5365e3fcd8 | Vamos Zaino | flac → MP3 | 70.7%
[2026-02-24 15:35:22] OK: 2fb97d15-f0e0-55cf-a90d-e4185e80c1b4 | Cana | flac → MP3 | 71.0%
[2026-02-24 15:35:23] OK: 4765763d-e70c-517d-85d0-6d2edfcc28ec | Desde Aquella Noche | flac → MP3 | 71.0%
[2026-02-24 15:35:24] OK: 134b27f7-3b16-5bf7-b5c3-da05c9bace2c | Ladron De Suenos | flac → MP3 | 72.1%
[2026-02-24 15:35:25] OK: 19a862d6-15e4-55dd-af20-ebf7a2ef069d | Joaquina | flac → MP3 | 68.7%
[2026-02-24 15:35:32] OK: 3f588119-75e0-5a3b-b0cb-8f61704d1aa7 | Quien Te Iguala | flac → MP3 | 63.6%
[2026-02-24 15:35:33] OK: 8360d164-ac8d-55d3-8477-71873ef1d57e | Por 2 Caminos | flac → MP3 | 70.5%
[2026-02-24 15:35:39] OK: 1bc6afeb-fa0b-5a3c-8390-54538f68f614 | El Viento Me Cuenta Cosas | flac → MP3 | 71.6%
[2026-02-24 15:35:39] OK: 7e8566ef-183f-5aa2-bd75-df12bc62b60a | Sabado Ingles | flac → MP3 | 68.5%
[2026-02-24 15:35:39] OK: 560f3e77-ae87-5baf-8e4d-20d4e1964e25 | Tierrita | flac → MP3 | 64.9%
[2026-02-24 15:35:40] OK: bb7942cb-2048-5698-9599-20f40143ff64 | Milonga Del 83 | flac → MP3 | 65.7%
[2026-02-24 15:35:44] OK: 2808df2e-52c8-5a3c-bd7f-73d9204b8d03 | Si Supiera Que La Extrano | flac → MP3 | 71.7%
[2026-02-24 15:35:49] OK: 2bb7ddbc-a0ba-5d96-b0eb-13a89853496f | Viejo Tintero | flac → MP3 | 69.7%
[2026-02-24 15:35:51] OK: 428d56bf-46ea-5569-a963-437a607c6de3 | Dos Amores | flac → MP3 | 71.9%
[2026-02-24 15:35:56] OK: 8e1ac4ca-7bc0-5f07-a843-0110d4494128 | No Tienes Corazon | flac → MP3 | 71.2%
[2026-02-24 15:35:57] OK: 871ac47b-6cfd-5fae-b13d-160b786d5b39 | Dios Te Salve M'hijo | flac → MP3 | 72.2%
[2026-02-24 15:35:57] OK: 61da0633-b030-5d71-8c96-e09ce5f73316 | Contraluz | flac → MP3 | 70.9%
[2026-02-24 15:35:57] OK: 9903fa82-7ad6-516c-ba0d-830c0b17f1cd | Rie Payaso | flac → MP3 | 67.3%
[2026-02-24 15:35:58] OK: dc2dbc17-caef-5f32-8d5e-126e03d0a1a0 | Corrales Viejos | flac → MP3 | 67.2%
[2026-02-24 15:36:05] OK: 301b5d7f-cb93-59a5-8ced-1d6bcb679d59 | Don Pacifico | flac → MP3 | 72.6%
[2026-02-24 15:36:11] OK: c4beb4c1-e12a-5219-b45d-9c7584a6b249 | Condesita | flac → MP3 | 72.0%
[2026-02-24 15:36:11] OK: 8a5bbe0b-db37-55c3-a34c-65936cf0c367 | La Payanca | flac → MP3 | 70.4%
[2026-02-24 15:36:12] OK: a09a26a8-91b4-554b-b8a0-f3cd556f04d2 | Loca | flac → MP3 | 69.4%
[2026-02-24 15:36:12] OK: 240649c9-3c1f-5225-8194-978f95df483c | Bolada De Aficionado | flac → MP3 | 65.8%
[2026-02-24 15:36:16] OK: c2bcdaa4-6845-5a01-8c2f-83264426fd21 | Dale, Dale Caballito | flac → MP3 | 70.9%
[2026-02-24 15:36:21] OK: dd60ae32-9a0f-5f89-9723-fdb704bcec81 | Don Goyo | flac → MP3 | 71.3%
[2026-02-24 15:38:20] ERROR: b1c35abd-b948-5dc3-88b9-fe08b2206dec - Upload failed: Command '['az', 'storage', 'blob', 'upload', '--account-name', 'nttt', '--container-name', 'v20', '--name', 'b1c35abd-b948-5dc3-88b9-fe08b2206dec.mp3', '--file', '/var/folders/r4/_tc4gnds7yd7prk90mkrv
[2026-02-24 15:38:22] WARN: a091d591-cd37-5a3f-9d4c-f4143b903c7e - Backup failed: Command '['az', 'storage', 'blob', 'upload', '--account-name', 'nttt', '--container-name', 'v20-originals', '--name', 'a091d591-cd37-5a3f-9d4c-f4143b903c7e.original', '--file', '/var/folders/r4/_tc4gn
[2026-02-24 15:38:23] ERROR: 07ec8bf8-25e6-5424-b882-62315373f900 - Upload failed: Command '['az', 'storage', 'blob', 'upload', '--account-name', 'nttt', '--container-name', 'v20', '--name', '07ec8bf8-25e6-5424-b882-62315373f900.mp3', '--file', '/var/folders/r4/_tc4gnds7yd7prk90mkrv
[2026-02-24 15:38:24] ERROR: e8eeb28c-b6e5-5629-a215-3cee90f9f7fe - Upload failed: Command '['az', 'storage', 'blob', 'upload', '--account-name', 'nttt', '--container-name', 'v20', '--name', 'e8eeb28c-b6e5-5629-a215-3cee90f9f7fe.mp3', '--file', '/var/folders/r4/_tc4gnds7yd7prk90mkrv
[2026-02-24 15:38:24] ERROR: 2aec6c83-0fcb-5f1e-a068-74ae54a5ec91 - Upload failed: Command '['az', 'storage', 'blob', 'upload', '--account-name', 'nttt', '--container-name', 'v20', '--name', '2aec6c83-0fcb-5f1e-a068-74ae54a5ec91.mp3', '--file', '/var/folders/r4/_tc4gnds7yd7prk90mkrv
[2026-02-24 15:38:30] OK: a091d591-cd37-5a3f-9d4c-f4143b903c7e | Y Entonces Lloraras | flac → MP3 | 69.4%
[2026-02-24 15:38:35] OK: a91e0048-7bd5-5d02-be0c-774013bc6f9a | El Amasijo | flac → MP3 | 67.1%
[2026-02-24 15:38:35] OK: 72a4f274-190e-5457-be81-18027efffd6c | Quasinada | flac → MP3 | 65.7%
[2026-02-24 15:38:36] OK: b30c8c31-cfd1-53ae-b205-54bcda9a4252 | Pampa | flac → MP3 | 70.6%
[2026-02-24 15:38:38] OK: 27262843-cfd6-59ee-852d-b4d051930761 | Rawson | flac → MP3 | 68.6%
[2026-02-24 15:38:43] OK: b999d21b-82f7-5bc6-94ec-90483b2bacff | Humillacion | flac → MP3 | 68.1%
[2026-02-24 15:38:43] OK: fe22b08d-5b25-58ab-9c9f-ba9505102274 | Yo No Se Llorar | flac → MP3 | 71.5%
[2026-02-24 15:38:45] OK: 9b7e2904-d857-5f15-927d-5ede33a4b349 | Campeona | flac → MP3 | 71.1%
[2026-02-24 15:38:49] OK: 8982aad7-6150-5d76-9f42-93672ff8070c | La Serenata De Ayer | flac → MP3 | 65.3%
[2026-02-24 15:38:50] OK: c58bc41f-3a57-55e3-b846-70845483d0d0 | Me Duele El Corazon | flac → MP3 | 71.3%
[2026-02-24 15:38:51] OK: 9dcb7d40-22c3-50ad-a310-a40d162eda22 | Vidas Marcadas | flac → MP3 | 68.9%
[2026-02-24 15:38:57] OK: 787d29da-5ce9-5eda-a8ad-a91d5dd8dd3c | Delfino | flac → MP3 | 70.5%
[2026-02-24 15:38:58] OK: d19c5c72-b85c-5edc-b8de-302f0a5d0e88 | Azul Y Oro | flac → MP3 | 71.4%
[2026-02-24 15:39:00] OK: e6d92a7d-6423-52cc-bcef-a4a98f5e794d | Ya Lo Ves | flac → MP3 | 69.0%
[2026-02-24 15:39:01] OK: d0b217f2-9db2-51a4-94dd-9ac7daf94d29 | Me Grita El Corazon | flac → MP3 | 70.9%
[2026-02-24 15:39:03] OK: 942a96e5-cc15-57eb-97fe-eb99ce22cacd | Yo Tambien | flac → MP3 | 66.4%
[2026-02-24 15:39:08] OK: a2239f50-288d-5973-bf85-cbca0ee70522 | Hernani | flac → MP3 | 71.9%
[2026-02-24 15:39:10] OK: 0f4a7ab8-ad76-5bb8-a7e1-409668ed4b7e | Lagrimas | flac → MP3 | 69.4%
[2026-02-24 15:39:11] OK: 3061b63c-bfb3-5266-974f-482530066000 | La Clavada | flac → MP3 | 65.9%
[2026-02-24 15:39:12] OK: 13051ae8-967a-536d-86ca-f35babd1742c | Yuyo Brujo | flac → MP3 | 72.3%
[2026-02-24 15:39:13] OK: aebfe8d8-b712-5545-a812-dadff4bc39a9 | Barracas Al Sur | flac → MP3 | 68.3%
[2026-02-24 15:39:20] OK: df61b8c3-1fd3-514d-a3da-8bf8acf4ac3a | Se Apago Una Estrella | flac → MP3 | 71.6%
[2026-02-24 15:39:22] OK: 35438509-be6c-56b7-8e46-3024af7d9104 | Don Horacio | flac → MP3 | 70.2%
[2026-02-24 15:39:22] OK: 55aec333-f402-505a-9cf7-c5fc1aab0be5 | Derecho Viejo | flac → MP3 | 69.4%
[2026-02-24 15:39:23] OK: 3849085e-5af3-580d-a21e-1181b2358aad | El corazon me engano | flac → MP3 | 69.3%
[2026-02-24 15:39:24] OK: 0513de2d-dcf8-563c-9d97-6856a818667a | Pregonera | flac → MP3 | 70.5%
[2026-02-24 15:39:31] OK: 0986c7b7-47d1-547b-973b-0bdfaf6caa49 | Sali De Perdedor | flac → MP3 | 70.2%
[2026-02-24 15:39:32] OK: f46b202c-d1f6-534b-89e4-2b09db5e8cce | La Punalada | flac → MP3 | 70.2%
[2026-02-24 15:39:32] OK: 0016d25c-e8bd-58d8-be2d-7d6747e015be | El Choclo | flac → MP3 | 72.6%
[2026-02-24 15:39:33] OK: 7fd7224b-ece4-51fc-b6ad-a0b93b0f1f34 | Fuegos Artificiales | flac → MP3 | 64.2%
[2026-02-24 15:39:34] OK: 6ba0d288-a9f1-5a18-8955-6345c40905d4 | El Vals De Los Abuelos | flac → MP3 | 65.9%
[2026-02-24 15:39:39] OK: e8485add-0ceb-5d28-b783-972e9eaee491 | Cuatro Palabras | flac → MP3 | 67.8%
[2026-02-24 15:39:45] OK: 57d608e6-d9bd-5f73-92b3-423c18492434 | Lenguas De Fuego | flac → MP3 | 71.5%
[2026-02-24 15:39:46] OK: c00828d6-be8b-593e-99cb-e4be5d770505 | Orquesta Tipica | flac → MP3 | 67.3%
[2026-02-24 15:39:47] OK: ce35c992-bd23-51d3-a120-2f68522e985a | La Mentirosa | flac → MP3 | 68.3%
[2026-02-24 15:39:47] OK: d9a56519-1f8a-5d0f-a9a5-658af499a79b | El Calabozo | flac → MP3 | 66.6%
[2026-02-24 15:39:49] OK: 5f588ceb-953e-518c-be5c-e3ff33245743 | La Pena Del Payador | flac → MP3 | 70.7%
[2026-02-24 15:39:54] OK: 1ff7cbde-18d1-5017-9660-02a4b1e2d4d9 | Chirusa | flac → MP3 | 63.4%
[2026-02-24 15:39:55] OK: 88eafc98-667b-5401-ab5b-4af4884d662e | Musica De Mi Argentina | flac → MP3 | 66.3%
[2026-02-24 15:39:58] OK: f4e101ee-f4b2-505c-bfd1-fe4f00ba1a4a | Seguime Si Podes | flac → MP3 | 69.8%
[2026-02-24 15:40:02] OK: ab441f58-4022-5a95-8d7c-7439a3aea47a | La Catrera | flac → MP3 | 72.0%
[2026-02-24 15:40:03] OK: 05848f2b-9201-59d3-94ae-0f3ed19430f8 | Tierra Negra | flac → MP3 | 65.2%
[2026-02-24 15:40:04] OK: dc3912f0-2f8d-5129-8ac6-454b1132128c | La Morocha | flac → MP3 | 70.4%
[2026-02-24 15:40:09] OK: 2c56fb8d-7e55-56e5-a68c-570905606105 | El Rey Del Compas | flac → MP3 | 72.1%
[2026-02-24 15:40:10] OK: 9c9d8474-ce9d-5075-9316-08011a3fed6c | Canaro | flac → MP3 | 67.1%
[2026-02-24 15:40:10] OK: c1fbb119-de3a-59fb-942d-8933bb6d4410 | La Maleva | flac → MP3 | 70.8%
[2026-02-24 15:42:11] WARN: 6abc87df-d317-5e11-b32e-2445a8d56b84 - Backup failed: Command '['az', 'storage', 'blob', 'upload', '--account-name', 'nttt', '--container-name', 'v20-originals', '--name', '6abc87df-d317-5e11-b32e-2445a8d56b84.original', '--file', '/var/folders/r4/_tc4gn
[2026-02-24 15:42:13] ERROR: 83f1e5e5-446c-5fb4-aa1c-5306adaa1e8a - Upload failed: Command '['az', 'storage', 'blob', 'upload', '--account-name', 'nttt', '--container-name', 'v20', '--name', '83f1e5e5-446c-5fb4-aa1c-5306adaa1e8a.mp3', '--file', '/var/folders/r4/_tc4gnds7yd7prk90mkrv
[2026-02-24 15:42:13] ERROR: 2a814f5e-bf47-5e49-9849-feb92106fef4 - Upload failed: Command '['az', 'storage', 'blob', 'upload', '--account-name', 'nttt', '--container-name', 'v20', '--name', '2a814f5e-bf47-5e49-9849-feb92106fef4.mp3', '--file', '/var/folders/r4/_tc4gnds7yd7prk90mkrv
[2026-02-24 15:42:15] ERROR: be61c07f-97cb-56fe-820b-c8f79a4022ff - Upload failed: Command '['az', 'storage', 'blob', 'upload', '--account-name', 'nttt', '--container-name', 'v20', '--name', 'be61c07f-97cb-56fe-820b-c8f79a4022ff.mp3', '--file', '/var/folders/r4/_tc4gnds7yd7prk90mkrv
[2026-02-24 15:42:17] ERROR: 92247c77-157e-514a-8cf9-6cb1a8a43af6 - Upload failed: Command '['az', 'storage', 'blob', 'upload', '--account-name', 'nttt', '--container-name', 'v20', '--name', '92247c77-157e-514a-8cf9-6cb1a8a43af6.mp3', '--file', '/var/folders/r4/_tc4gnds7yd7prk90mkrv
[2026-02-24 15:43:29] OK: 6abc87df-d317-5e11-b32e-2445a8d56b84 | Pensamiento | flac → MP3 | 70.5%
[2026-02-24 15:43:33] OK: adc2c216-b875-5658-a43a-d2a8bbe4a3a6 | Infamia | flac → MP3 | 64.8%
[2026-02-24 15:43:36] OK: 37674c0c-667e-5770-8fde-d12060a9dc75 | Dime Mi Amor | flac → MP3 | 65.3%
[2026-02-24 15:43:36] OK: abcb0120-23cb-574a-b82d-f80368703bf6 | Las Doce | flac → MP3 | 69.4%
[2026-02-24 15:43:39] OK: b98a1ee2-ea56-53f5-aaac-c75ed50aaa2a | Muchachita Del Recuerdo | flac → MP3 | 71.8%
[2026-02-24 15:43:41] OK: 442a18d1-fd19-5e49-8971-e11d35bbe158 | El Romantico | flac → MP3 | 70.5%
[2026-02-24 15:43:42] OK: 9bd0ac24-069b-5697-8c2b-09242b985f33 | El Pillin | flac → MP3 | 63.7%
[2026-02-24 15:43:47] OK: 25d98630-9c48-5d27-89f9-ef67269127b2 | Triste Soledad | flac → MP3 | 71.5%
[2026-02-24 15:43:48] OK: 03c2c6dd-ec61-5ce9-acd6-20db76fdc238 | No Te Enganes Corazon | flac → MP3 | 65.2%
[2026-02-24 15:43:50] OK: 3ab229f1-5ece-5d3c-893e-b90177802ef3 | El Rezongon | flac → MP3 | 70.7%
[2026-02-24 15:43:55] OK: bff8f755-05ba-59f6-a6bd-8aef2e4bedfb | El Tren De Las Once | flac → MP3 | 70.9%
[2026-02-24 15:43:57] OK: 6f6cdc12-4259-57dc-9c06-37261f065582 | Amarga Sospecha | flac → MP3 | 72.1%
[2026-02-24 15:43:57] OK: c1186517-3856-5b1a-96e5-81efad6e94f7 | La Cumparsita | flac → MP3 | 69.5%
[2026-02-24 15:43:58] OK: 6f2a2243-3a24-500e-8851-35974db3f7d1 | Venus | flac → MP3 | 69.3%
[2026-02-24 15:44:04] OK: 1d75cea0-d2e5-5f6b-bd64-02d8187ea233 | Siete Leguas | flac → MP3 | 70.3%
[2026-02-24 15:44:06] OK: cad7f928-1c09-57f0-88c1-061d84191198 | La Bicoca | flac → MP3 | 66.9%
[2026-02-24 15:44:06] OK: 19dcb172-ebc6-5341-916e-45d1b0d156c2 | El Potro | flac → MP3 | 65.8%
[2026-02-24 15:44:11] OK: 6eaab0c4-583f-5fcd-8b6f-cc19b3b66883 | Olvidao | flac → MP3 | 66.7%
[2026-02-24 15:44:11] OK: e4ea2cc7-9174-5c5e-96b7-1d499fda920a | Felicia | flac → MP3 | 72.4%
[2026-02-24 15:44:12] OK: c58be587-f08f-57c8-ac1f-3abea93da06a | Almanaque De Ilusion | flac → MP3 | 64.9%
[2026-02-24 15:44:17] OK: 68ef6a92-c878-5b4d-89a2-e92a0b462d49 | La Galarcita | flac → MP3 | 70.3%
[2026-02-24 15:44:18] OK: c495aee7-8bb5-55b8-8339-00d018eb9b4b | Sin Amor | flac → MP3 | 70.5%
[2026-02-24 15:44:24] OK: 5f911182-0d81-5837-bed5-332ca79c0c7f | Sans Souci | flac → MP3 | 67.9%
[2026-02-24 15:44:24] OK: 41dfaac6-4767-54f8-8ffd-eaa15f91185b | La Guitarrita | flac → MP3 | 71.1%
[2026-02-24 15:44:24] OK: 3e08d68f-bf13-5295-8e7f-53b2ff8a1f2b | Aquel Muchacho De La Orques | flac → MP3 | 68.6%
[2026-02-24 15:44:25] OK: 28c7d478-7fb9-5230-8733-a00b57709115 | Adios Querida | flac → MP3 | 67.1%
[2026-02-24 15:44:31] OK: 607c3709-cd38-5159-8c74-574324ac8675 | Santa Madrecita | flac → MP3 | 70.8%
[2026-02-24 15:44:33] OK: eff05751-2f77-56c6-bfba-bab3d1212858 | Fibras | flac → MP3 | 65.1%
[2026-02-24 15:44:38] OK: dd5a1238-ae35-50f6-b66c-a43acba67ee3 | Con Alma De Tango | flac → MP3 | 72.2%
[2026-02-24 15:44:39] OK: 67c1b295-e4ce-582e-8604-c08ad4a975b6 | Amarras | flac → MP3 | 68.3%
[2026-02-24 15:44:39] OK: 82b66411-4244-57b0-8ef4-c89d22828add | Olga | flac → MP3 | 70.2%
[2026-02-24 15:44:42] OK: 447421ed-b7b4-51ff-8006-7799cbd7477c | Tendras Que Llorar | flac → MP3 | 72.2%
[2026-02-24 15:44:47] OK: 3044daf5-77cc-5966-9d7b-f5bd40d9bcc5 | Color Cielo | flac → MP3 | 71.4%
[2026-02-24 15:44:48] OK: 1523ad50-ff12-53b8-ae51-fb566ab2ad49 | Don Juan | flac → MP3 | 72.2%
[2026-02-24 15:44:50] OK: b3aeff06-87ea-5723-82d2-fb8c6bacc5f5 | Vea Vea | flac → MP3 | 66.2%
[2026-02-24 15:44:52] OK: f7dcab9f-a608-578c-9263-ae490dc48313 | Pof Pof | flac → MP3 | 71.0%
[2026-02-24 15:44:53] OK: 8f1e2a74-5f31-5834-8d06-4363d86791e7 | Una Y Mil Noches | flac → MP3 | 72.5%
[2026-02-24 15:44:57] OK: 42cb4b2b-3bce-5a09-9e6a-035183774a65 | El Olivo | flac → MP3 | 66.6%
[2026-02-24 15:45:02] OK: 3247a33a-7e85-5201-aadd-8c9895f14093 | Lilian | flac → MP3 | 70.9%
[2026-02-24 15:45:04] OK: c4d7bfa2-367a-5d26-a697-1bd97ebc5c3b | Entre Dos Fuegos | flac → MP3 | 66.9%
[2026-02-24 15:45:04] OK: c22efcb8-4dfd-5410-b256-e949adda9683 | Cajita De Musica | flac → MP3 | 65.9%
[2026-02-24 15:45:09] OK: 7f3423f6-f55f-5ddb-861d-3a4190e05bf2 | Pampa Y Huella | flac → MP3 | 70.7%
[2026-02-24 15:45:10] OK: 7b4b24e2-89bd-591e-bd16-42d683cacb46 | El Apache Argentino | flac → MP3 | 70.6%
[2026-02-24 15:45:11] OK: fe0d7ebd-5473-551b-adab-ea9f573a791b | El Entrerriano | flac → MP3 | 72.0%
[2026-02-24 15:45:13] OK: a1ed2adb-8429-533e-8051-651d7d38d322 | Canaro En Paris | flac → MP3 | 69.9%
[2026-02-24 15:45:18] OK: 84fad38a-5246-5479-8601-377b5fa4acb6 | La Cancion De Mi Tristeza | flac → MP3 | 68.9%
[2026-02-24 15:47:19] WARN: b80bc191-31f1-5464-b272-48e6d408224b - Backup failed: Command '['az', 'storage', 'blob', 'upload', '--account-name', 'nttt', '--container-name', 'v20-originals', '--name', 'b80bc191-31f1-5464-b272-48e6d408224b.original', '--file', '/var/folders/r4/_tc4gn
[2026-02-24 15:47:20] ERROR: 12c51285-82c0-5fe0-a251-afd198d2dc25 - Upload failed: Command '['az', 'storage', 'blob', 'upload', '--account-name', 'nttt', '--container-name', 'v20', '--name', '12c51285-82c0-5fe0-a251-afd198d2dc25.mp3', '--file', '/var/folders/r4/_tc4gnds7yd7prk90mkrv
[2026-02-24 15:47:23] ERROR: c1594e13-90b2-57bb-8461-a4df6270aed1 - Upload failed: Command '['az', 'storage', 'blob', 'upload', '--account-name', 'nttt', '--container-name', 'v20', '--name', 'c1594e13-90b2-57bb-8461-a4df6270aed1.mp3', '--file', '/var/folders/r4/_tc4gnds7yd7prk90mkrv
[2026-02-24 15:47:23] ERROR: 1c5acf50-5f3d-5c69-b8ba-13a1407c972a - Upload failed: Command '['az', 'storage', 'blob', 'upload', '--account-name', 'nttt', '--container-name', 'v20', '--name', '1c5acf50-5f3d-5c69-b8ba-13a1407c972a.mp3', '--file', '/var/folders/r4/_tc4gnds7yd7prk90mkrv
[2026-02-24 15:47:24] ERROR: d9ab911a-3bdf-5dd6-bbc0-78e05ae508ec - Upload failed: Command '['az', 'storage', 'blob', 'upload', '--account-name', 'nttt', '--container-name', 'v20', '--name', 'd9ab911a-3bdf-5dd6-bbc0-78e05ae508ec.mp3', '--file', '/var/folders/r4/_tc4gnds7yd7prk90mkrv
[2026-02-24 15:48:27] OK: b80bc191-31f1-5464-b272-48e6d408224b | El Corazon Me Engano | flac → MP3 | 72.1%
[2026-02-24 15:48:29] OK: b359fca6-05d8-5ab2-a24d-03b435a86fd7 | Olvidao | flac → MP3 | 68.6%
[2026-02-24 15:48:37] OK: f65f5420-496c-5661-a65e-b1e266566f7f | Don Horacio | flac → MP3 | 72.9%
[2026-02-24 15:48:42] OK: 04ca6f84-2468-58c6-9f09-125b6258f10a | Miedo | flac → MP3 | 76.8%
[2026-02-24 15:48:43] OK: 10ccff81-ec59-5c63-8015-3a98a592bd73 | Gran Hotel Victoria | flac → MP3 | 67.3%
[2026-02-24 15:48:43] OK: b954776b-7c44-59d4-af5a-cfa065bd909a | Vidas Marcadas | flac → MP3 | 73.3%
[2026-02-24 15:48:43] OK: 3f06b18b-1a3f-548a-90a6-6f2baded6741 | Sans souci | flac → MP3 | 78.6%
[2026-02-24 15:48:48] OK: e7c0fbf0-b21f-50cc-9bf8-9f482ae48b7d | Oro de ley | flac → MP3 | 72.9%
[2026-02-24 15:48:51] OK: 4ea478cc-0f6e-5a96-b804-2d5090868b47 | Fuegos Artificiales | flac → MP3 | 73.1%
[2026-02-24 15:48:53] OK: 3f4d28fa-a981-5e89-baae-d31bd07d0c18 | El huracan | flac → MP3 | 68.6%
[2026-02-24 15:48:57] OK: ea828a4f-a65e-5bfd-89d5-5840438ed2c7 | Uno | flac → MP3 | 64.1%
[2026-02-24 15:48:57] OK: 4019821d-29df-5464-925c-159a1918dbb1 | La punalada | flac → MP3 | 64.3%
[2026-02-24 15:48:59] OK: 1d79a5de-c0c9-5a22-9d1c-d710dcb829b5 | No Te Enganes , Corazon | flac → MP3 | 74.8%
[2026-02-24 15:49:04] OK: e12fcb8c-e791-53de-8603-2f0de9b8a1a6 | Canaro en Paris | flac → MP3 | 69.0%
[2026-02-24 15:49:04] OK: f955b9c2-04fc-5ca7-8594-6bc4c69d0199 | Sabado ingles | flac → MP3 | 66.7%
[2026-02-24 15:49:05] OK: 003335ee-7fea-5bd7-90f6-a8ed536240e5 | Contraluz | flac → MP3 | 62.0%
[2026-02-24 15:49:08] OK: 78c69ca3-cc85-5b3a-b63b-b8c221365f07 | Tucuman | flac → MP3 | 63.8%
[2026-02-24 15:49:09] OK: 015a6b70-b4f9-5521-8f2f-6ec71ea8aad6 | La rumbita candombe | flac → MP3 | 64.3%
[2026-02-24 15:49:13] OK: 2a6cdcf7-42a3-59f1-baf7-78cd4dd1fc61 | La espuela | flac → MP3 | 64.3%
[2026-02-24 15:49:18] OK: 2bc005d8-9c1f-5662-acf1-959905fb44e8 | El Resero | flac → MP3 | 71.3%
[2026-02-24 15:49:19] OK: cd0c4791-50a6-5cee-8558-73cc880d6458 | Vea Vea | flac → MP3 | 70.4%
[2026-02-24 15:49:21] OK: c8e30c21-faca-59af-8dd5-39ae7d0dcaaf | Canaro | flac → MP3 | 72.3%
[2026-02-24 15:49:21] OK: 106145ff-8c9a-5927-9226-58d309c087b4 | El apache argentino | flac → MP3 | 72.4%
[2026-02-24 15:49:28] OK: 77ac9d44-dea0-5960-8ffd-4e1b850b11fe | El Corazon Me Engano | flac → MP3 | 67.6%
[2026-02-24 15:49:35] OK: 794a9fce-3811-5a5e-b8ad-c899c685ac5b | Contraluz | flac → MP3 | 61.8%
[2026-02-24 15:49:35] OK: 3f184e0d-c7c2-5d53-8a0c-bc94fd4d7e4a | Vea vea | flac → MP3 | 76.8%
[2026-02-24 15:49:35] OK: a7a59eec-0860-54bb-a29b-431bf2f258fa | Milonga del 83 | flac → MP3 | 71.7%
[2026-02-24 15:49:35] OK: e65d9f26-fc68-5eee-835a-cd2e24d259fa | La Bicoca | flac → MP3 | 68.1%
[2026-02-24 15:49:37] OK: 061a2c3e-ff79-58de-854e-2d37abddb869 | Viejo tintero | flac → MP3 | 68.4%
[2026-02-24 15:49:45] OK: 18136f92-7cfb-53aa-bc82-791561ee7e11 | Eterna | flac → MP3 | 72.5%
[2026-02-24 15:49:49] OK: 4a095de5-84e5-5450-a5c1-484f11620c52 | La mentirosa | flac → MP3 | 64.1%
[2026-02-24 15:49:51] OK: fdc6f89c-2aba-5980-89c0-474ee1e81d62 | Arlette | flac → MP3 | 63.7%
[2026-02-24 15:49:51] OK: 396ab0f8-8668-5b6a-85b0-91e2c2aec199 | Lo mismo que ayer | flac → MP3 | 63.8%
[2026-02-24 15:49:55] OK: 0747d3ca-a52e-56b8-bdfa-311949a498e5 | La cumparsita | flac → MP3 | 64.5%
[2026-02-24 15:49:56] OK: 00f79519-e2f6-5806-88eb-ebb78426f1d0 | Tiene razon amigazo | flac → MP3 | 72.5%
[2026-02-24 15:49:57] OK: a9679ca3-5028-595e-ab87-5a46d0d360c1 | La galarcita | flac → MP3 | 71.7%
[2026-02-24 15:50:02] OK: 061b14ce-31a6-559d-b9ff-6f865cc99c37 | Naci en Pompeya | flac → MP3 | 73.2%
[2026-02-24 15:50:04] OK: d4923169-eef0-5178-a1de-6de20f3a9357 | Pregonera | flac → MP3 | 63.2%
[2026-02-24 15:50:08] OK: 741da7ba-b434-5b1e-a158-aee89a04ca8e | Chique | flac → MP3 | 71.2%
[2026-02-24 15:50:08] OK: 3bcc08bc-5d5f-53be-97ac-7e5cc64c4ce1 | No Te Enganes Corazon | flac → MP3 | 68.5%
[2026-02-24 15:50:10] OK: 0f696870-8c45-5228-b60a-6b3130208f1f | La cumparsita | flac → MP3 | 64.4%
[2026-02-24 15:50:11] OK: fbd56bf9-5bcb-5ca9-b831-56d84b81cc10 | Sabado Ingles | flac → MP3 | 66.6%
[2026-02-24 15:50:17] OK: 8df021b5-31e0-5976-8d26-d598c429848c | Derecho Viejo | flac → MP3 | 61.7%
[2026-02-24 15:50:21] OK: 8dfdc57d-dc67-5936-81b5-5ffdc009d940 | Tierra Negra | flac → MP3 | 67.3%
[2026-02-24 15:50:22] OK: f36f1e2f-1ad9-57b6-9307-62825338fee5 | Ladron de suenos | flac → MP3 | 61.8%
[2026-02-24 15:50:23] OK: f1ac0f61-8792-5fc3-9da5-6b04281cfb99 | Canaro | flac → MP3 | 72.4%
[2026-02-24 15:50:25] OK: 7e81f016-f6da-5ae3-8c3d-ca37197e6648 | Cana | flac → MP3 | 65.7%
[2026-02-24 15:52:23] WARN: 51c34044-600f-5800-9067-240d1f1bb629 - Backup failed: Command '['az', 'storage', 'blob', 'upload', '--account-name', 'nttt', '--container-name', 'v20-originals', '--name', '51c34044-600f-5800-9067-240d1f1bb629.original', '--file', '/var/folders/r4/_tc4gn
[2026-02-24 15:52:23] ERROR: 1fd4b5b5-8dff-5740-8736-7b8b3dc4116e - Upload failed: Command '['az', 'storage', 'blob', 'upload', '--account-name', 'nttt', '--container-name', 'v20', '--name', '1fd4b5b5-8dff-5740-8736-7b8b3dc4116e.mp3', '--file', '/var/folders/r4/_tc4gnds7yd7prk90mkrv
[2026-02-24 15:52:24] WARN: d9cce614-4129-56ed-8195-40a2cb53cad5 - Backup failed: Command '['az', 'storage', 'blob', 'upload', '--account-name', 'nttt', '--container-name', 'v20-originals', '--name', 'd9cce614-4129-56ed-8195-40a2cb53cad5.original', '--file', '/var/folders/r4/_tc4gn
[2026-02-24 15:52:26] WARN: 55a77406-621f-5383-a7e0-a22863eb6815 - Backup failed: Command '['az', 'storage', 'blob', 'upload', '--account-name', 'nttt', '--container-name', 'v20-originals', '--name', '55a77406-621f-5383-a7e0-a22863eb6815.original', '--file', '/var/folders/r4/_tc4gn
[2026-02-24 15:52:28] ERROR: 404fa616-8513-52df-ad24-851bdf4c250f - Upload failed: Command '['az', 'storage', 'blob', 'upload', '--account-name', 'nttt', '--container-name', 'v20', '--name', '404fa616-8513-52df-ad24-851bdf4c250f.mp3', '--file', '/var/folders/r4/_tc4gnds7yd7prk90mkrv
[2026-02-24 15:53:24] OK: d9cce614-4129-56ed-8195-40a2cb53cad5 | Yo me llamo Eloy Peralta | flac → MP3 | 65.4%
[2026-02-24 15:53:26] OK: 51c34044-600f-5800-9067-240d1f1bb629 | Rawson | flac → MP3 | 61.2%
[2026-02-24 15:53:27] OK: 55a77406-621f-5383-a7e0-a22863eb6815 | Don Alfonso | flac → MP3 | 61.6%
[2026-02-24 15:53:35] OK: d391c25c-5dd9-5d8b-b4f3-d52ed328c12a | Pobre Mascaritas | flac → MP3 | 62.3%
[2026-02-24 15:53:37] OK: 10ab7f02-3162-5206-8b95-448f3115739f | Una y mil noches | flac → MP3 | 61.2%
[2026-02-24 15:53:43] OK: 5bf15f6a-4183-56f3-b3e9-ba4fde1c3f7b | El romantico | flac → MP3 | 72.7%
[2026-02-24 15:53:44] OK: ca899b8b-4e2a-50b2-82df-2b2ccc47feec | Derecho Viejo | flac → MP3 | 61.6%
[2026-02-24 15:53:44] OK: 9385ace7-6ca3-5aa4-9e39-a93268b874da | A Mercedes | flac → MP3 | 74.6%
[2026-02-24 15:53:49] OK: eee3f32d-41a5-546c-b7c6-302060298300 | El Rey del Compas | flac → MP3 | 71.0%
[2026-02-24 15:53:51] OK: 6e33fa04-f99d-58ea-acfe-3b4684f1fc5f | El Rey del Compas | flac → MP3 | 77.0%
[2026-02-24 15:53:57] OK: a30a29dc-f087-56cf-bc8a-f2015a19c9c3 | Yo Tambien | flac → MP3 | 69.2%
[2026-02-24 15:53:59] OK: 5b76ac9a-f9fa-5da7-8046-a8bd3e02d2c3 | Consejos | flac → MP3 | 70.3%
[2026-02-24 15:54:04] OK: 9c229acd-c874-5a07-846e-9a62533445e9 | Canaro En Paris | flac → MP3 | 69.1%
[2026-02-24 15:54:05] OK: 10a8b2ae-22c7-5506-ae83-5f0cc38160f7 | Es inutil que la llores | flac → MP3 | 73.1%
[2026-02-24 15:54:06] OK: fdf97ffd-21c9-5728-b90f-a528f646eb53 | Chique | flac → MP3 | 71.1%
[2026-02-24 15:54:06] OK: 3594142e-e3ec-5b72-a25d-c3306246ca7c | El Tigre Millan | flac → MP3 | 66.9%
[2026-02-24 15:54:09] OK: 5960b5e2-85c3-59c3-b54d-b59beb4954cb | La Galarcita | flac → MP3 | 71.6%
[2026-02-24 15:54:14] OK: a0b8de49-4c20-5b52-8dc6-887cdc032d0d | Candombe Oriental | flac → MP3 | 68.8%
[2026-02-24 15:54:15] OK: df8e11d1-3851-50c4-96f5-873d4f7bab6b | Delfino | flac → MP3 | 62.5%
[2026-02-24 15:54:16] OK: 915e47a6-176f-5ae3-9d87-4a2f505e84ec | Entre dos fuegos | flac → MP3 | 69.6%
[2026-02-24 15:54:20] OK: d5b8602f-d876-5726-b75e-11dda5479d2f | Vencido | flac → MP3 | 61.4%
[2026-02-24 15:54:21] OK: 46f66935-fbae-5641-be5b-979307a434d5 | Me grita el corazon | flac → MP3 | 68.9%
[2026-02-24 15:54:22] OK: 893b1ca1-d111-5c9a-9446-f012a3c22c96 | Delfino | flac → MP3 | 62.7%
[2026-02-24 15:54:28] OK: 92f240ab-06ae-5acf-a4fc-0dd3c5a177e4 | Rawson | flac → MP3 | 61.3%
[2026-02-24 15:54:34] OK: 5eb8dbd3-65f2-5bf9-acca-ee946dd7d843 | Quasi nada | flac → MP3 | 74.6%
[2026-02-24 15:54:34] OK: 182f56e1-582e-5263-96a9-b6b595883ecc | El huracan | flac → MP3 | 68.5%
[2026-02-24 15:54:35] OK: 2c086272-2200-5131-94f3-0efffb653eb0 | Almanaque de Illusion | flac → MP3 | 74.4%
[2026-02-24 15:54:35] OK: b0e5e1e3-35a5-5c0a-974b-983b32959e6d | Aparcero | flac → MP3 | 63.6%
[2026-02-24 15:54:43] OK: 0b1242aa-d7e5-5d2f-9081-5cb81bf211c8 | No tienes corazon | flac → MP3 | 72.0%
[2026-02-24 15:54:43] OK: 28099985-6d0b-5aab-aebe-0f677b41954f | Pompas de jabon | flac → MP3 | 78.3%
[2026-02-24 15:54:48] OK: f9bb8149-839c-5c90-837b-f5c1273f536c | El Rey del Compas | flac → MP3 | 71.4%
[2026-02-24 15:54:49] OK: 6c3ec6f8-dc96-56ed-ac44-84e27c97182c | Sans Souci | flac → MP3 | 78.5%
[2026-02-24 15:54:52] OK: 983fbcb7-d556-5fe3-b12a-4d285d6ef759 | La Clavada | flac → MP3 | 71.2%
[2026-02-24 15:54:55] OK: cca20599-e812-56d2-b0a6-2317e79e6837 | Te espero en Rodriguez Pena | flac → MP3 | 71.9%
[2026-02-24 15:54:56] OK: e3117c8f-961c-52e5-b983-9c5c69ea9774 | Hotel Victoria | flac → MP3 | 67.2%
[2026-02-24 15:55:00] OK: 8aef44df-ac63-5acb-8c40-fd3b51599695 | Rey de triunfo | flac → MP3 | 61.2%
[2026-02-24 15:55:05] OK: 81523bb8-e3f9-5230-82ef-f072b2be3ea2 | Bolada de Aficionado | flac → MP3 | 70.8%
[2026-02-24 15:55:05] OK: 615094dd-243e-5aba-bfab-aea01008fe80 | Vieja recova | flac → MP3 | 71.2%
[2026-02-24 15:55:08] OK: a7a3c567-5302-5543-adc2-a674a6c5699c | Rie Payaso | flac → MP3 | 75.7%
[2026-02-24 15:55:09] OK: bd865975-90d4-5c9f-b422-3d867cced6db | El romantico | flac → MP3 | 72.8%
[2026-02-24 15:55:09] OK: bc6b247f-b168-5026-a1ac-18e74b8bf3b8 | Chaparron | flac → MP3 | 75.2%
[2026-02-24 15:55:17] OK: 0a69f47d-b004-5039-9049-6454ba6a0d57 | La mentirosa | flac → MP3 | 64.0%
[2026-02-24 15:55:17] OK: ddf2e6a7-2611-5583-9f1b-317543be787d | Seguime corazon | flac → MP3 | 64.1%
[2026-02-24 15:55:19] OK: 2a390827-f3d7-580f-93ec-10bc0db68930 | El apache Argentino | flac → MP3 | 72.3%
[2026-02-24 15:55:22] OK: 2c43d017-9009-5a9a-836c-5b520e872712 | Por dos caminos | flac → MP3 | 74.6%
[2026-02-24 15:55:23] OK: 67adb0e4-4bd5-5781-a3a3-3d29c77affca | El resero | flac → MP3 | 77.7%
[2026-02-24 15:55:28] OK: 6709b975-187f-5294-8cd3-46e20a3a2bfe | El apache argentino | flac → MP3 | 68.3%
[2026-02-24 15:57:29] WARN: a1b51698-e629-5545-a151-a517acd521c1 - Backup failed: Command '['az', 'storage', 'blob', 'upload', '--account-name', 'nttt', '--container-name', 'v20-originals', '--name', 'a1b51698-e629-5545-a151-a517acd521c1.original', '--file', '/var/folders/r4/_tc4gn
[2026-02-24 15:57:32] ERROR: 0635ea9c-ddd7-5f79-b75c-4d168429869a - Upload failed: Command '['az', 'storage', 'blob', 'upload', '--account-name', 'nttt', '--container-name', 'v20', '--name', '0635ea9c-ddd7-5f79-b75c-4d168429869a.mp3', '--file', '/var/folders/r4/_tc4gnds7yd7prk90mkrv
[2026-02-24 15:57:33] ERROR: 6cd00644-1210-57aa-94e0-d89b8e7c7b0d - Upload failed: Command '['az', 'storage', 'blob', 'upload', '--account-name', 'nttt', '--container-name', 'v20', '--name', '6cd00644-1210-57aa-94e0-d89b8e7c7b0d.mp3', '--file', '/var/folders/r4/_tc4gnds7yd7prk90mkrv
[2026-02-24 15:57:33] ERROR: de0b0a8b-b5d9-5fe1-b959-8307ef3a44be - Upload failed: Command '['az', 'storage', 'blob', 'upload', '--account-name', 'nttt', '--container-name', 'v20', '--name', 'de0b0a8b-b5d9-5fe1-b959-8307ef3a44be.mp3', '--file', '/var/folders/r4/_tc4gnds7yd7prk90mkrv
[2026-02-24 15:57:33] ERROR: 999345b1-1a49-5ff1-b9af-ae6923b968b6 - Upload failed: Command '['az', 'storage', 'blob', 'upload', '--account-name', 'nttt', '--container-name', 'v20', '--name', '999345b1-1a49-5ff1-b9af-ae6923b968b6.mp3', '--file', '/var/folders/r4/_tc4gnds7yd7prk90mkrv
[2026-02-24 15:58:31] OK: a1b51698-e629-5545-a151-a517acd521c1 | Hernani | flac → MP3 | 75.0%
[2026-02-24 15:58:37] OK: 1d8f94d1-fc5c-5735-9e57-5a29b03c96de | Quasi nada (El combate) | flac → MP3 | 74.9%
[2026-02-24 15:58:40] OK: b1d4de0c-b963-5ba4-9d79-4fbff5a38499 | A Una Mujer | flac → MP3 | 73.7%
[2026-02-24 15:58:41] OK: e83908bd-6530-5208-89b0-1926d728489d | Pobre mascarita | flac → MP3 | 70.6%
[2026-02-24 15:58:42] OK: 22bea001-dbc6-5966-9621-a0c9bd6ff95d | Vidas Marcadas | flac → MP3 | 70.9%
[2026-02-24 15:58:43] OK: ccc7f031-5ca9-5ec6-ad0d-95d0c138dff0 | El resero | flac → MP3 | 75.5%
[2026-02-24 15:58:52] OK: a879f8f1-3f09-591d-b708-d931cc73a785 | Vea Vea | flac → MP3 | 70.1%
[2026-02-24 15:58:53] OK: 43e850f0-a303-5359-9538-c966cb67d973 | Tucuman | flac → MP3 | 76.6%
[2026-02-24 15:58:59] OK: 58c5d59b-ff2b-55f6-8ac5-d8471d42c2f2 | Independencia | flac → MP3 | 68.0%
[2026-02-24 15:58:59] OK: 850db14c-10bc-5d07-b40f-ab4f7a2e6034 | Fuegos Artificiales | flac → MP3 | 74.9%
[2026-02-24 15:59:00] OK: 102114c1-ba93-5a3c-b4e3-5e430c04ff68 | Consejos | flac → MP3 | 71.2%
[2026-02-24 15:59:05] OK: bc585b26-f4e5-5d5d-a8b1-c7fd161b1548 | No te enganes corazon | flac → MP3 | 72.9%
[2026-02-24 15:59:06] OK: df996f18-eed6-52d6-a823-4aba12072cfe | Almanaque de ilusion | flac → MP3 | 75.4%
[2026-02-24 15:59:10] OK: 06800ac6-e398-5081-b1a8-a1389ec267e9 | El rey del compas | flac → MP3 | 76.1%
[2026-02-24 15:59:14] OK: 3ee8eeef-5588-5924-b627-088317fc2ea9 | Embrujamiento | flac → MP3 | 71.6%
[2026-02-24 15:59:16] OK: 295cf0f4-879f-554b-87bb-6b9a99a5c031 | Yo tambien | flac → MP3 | 77.1%
[2026-02-24 15:59:17] OK: 4f9776c8-6771-5717-a189-e70fee589154 | Entre dos fuegos | flac → MP3 | 77.1%
[2026-02-24 15:59:21] OK: fdcdbd98-04f5-562d-98dc-12cc5f43c2d0 | Esclavas Blancas | flac → MP3 | 72.0%
[2026-02-24 15:59:26] OK: b70438e4-d6d7-5b07-87df-cae11f2cdb03 | Orquesta tipica | flac → MP3 | 75.9%
[2026-02-24 15:59:27] OK: 0a0763ad-3582-58ff-8aa7-325facbec34b | Canaro | flac → MP3 | 72.8%
[2026-02-24 15:59:29] OK: b66f5579-758a-52b5-9232-acf3afce2dd6 | Olvidao | flac → MP3 | 74.7%
[2026-02-24 15:59:34] OK: 6ecfb4b0-4f99-51eb-ad14-2d237b02406b | Tierrita | flac → MP3 | 75.5%
[2026-02-24 15:59:37] OK: 4778933c-12c3-5748-87f2-170d0e9b91d9 | El calabozo | flac → MP3 | 69.8%
[2026-02-24 15:59:42] OK: 73e9ccbd-a8e8-53cc-afb1-550ca71e4553 | El tigre Millan | flac → MP3 | 74.0%
[2026-02-24 15:59:42] OK: dee2bed1-bfb8-540a-b795-2c48e1647304 | Canaro en Paris | flac → MP3 | 77.8%
[2026-02-24 15:59:42] OK: bf9f3bab-70ea-5139-a663-855274d4f32b | Loca | flac → MP3 | 67.7%
[2026-02-24 15:59:51] OK: 3d0d19d6-ac75-5341-b287-8eca9fba245b | Invierno | flac → MP3 | 67.6%
[2026-02-24 15:59:58] OK: 28c79015-7091-521f-ba58-2e376d8c7772 | Cicatrices | flac → MP3 | 88.1%
[2026-02-24 16:00:06] OK: 3fbcff31-0c93-50f2-a32a-d3aa4dbad149 | 09 - Orquesta Romantica Milonguera - Fue | flac → MP3 | 79.0%
[2026-02-24 16:00:08] OK: 9c1d122b-80c0-5aa7-8783-d6c4fe41c40c | 03 - Orquesta Romantica Milonguera - Bus | flac → MP3 | 78.2%
[2026-02-24 16:00:09] OK: bf0f2316-c692-59f0-9458-9456b09671cf | 07 - Orquesta Romantica Milonguera - Adi | flac → MP3 | 78.5%
[2026-02-24 16:00:13] OK: a1f4a034-905a-541b-b494-3d47f31445b0 | 06 - Orquesta Romantica Milonguera - Sol | flac → MP3 | 78.9%
[2026-02-24 16:00:22] OK: efdc7e5d-75a5-5ac8-ba33-2f4e139a65c4 | 05 - Orquesta Romantica Milonguera - Bom | flac → MP3 | 78.9%
[2026-02-24 16:00:24] OK: 51de2b96-259d-5eb4-9237-9e0b0717aa1c | 04 - Orquesta Romantica Milonguera - Oig | flac → MP3 | 78.1%
[2026-02-24 16:00:38] OK: eb040193-40fc-5670-97d0-fede8b95d612 | 01 - Orquesta Romantica Milonguera - Tod | flac → MP3 | 78.7%
[2026-02-24 16:00:40] OK: 2a987342-f67f-55d7-945a-3ce542f00185 | 10 - Orquesta Romantica Milonguera - Tu | flac → MP3 | 78.6%
[2026-02-24 16:00:43] OK: c091df11-482c-5f27-afa1-f98a74962d53 | 02 - Orquesta Romantica Milonguera - Poe | flac → MP3 | 78.2%
[2026-02-24 16:00:48] OK: 6b7fcb12-d735-502d-a513-0dcddeaac4fa | Resentimiento | flac → MP3 | 89.0%
[2026-02-24 16:00:49] OK: c2a52715-f6e3-5085-a052-d9802bfb2e72 | 08 - Orquesta Romantica Milonguera - Est | flac → MP3 | 79.0%
[2026-02-24 16:00:59] OK: b5262a43-8968-5b0e-994e-01193b081dc0 | Senor Comisario | flac → MP3 | 85.8%
[2026-02-24 16:01:07] OK: 09d24dd4-0a57-595f-b866-d914100cfe8c | Aunque No Lo Crean | flac → MP3 | 88.9%
[2026-02-24 16:01:09] OK: 7bafc3f6-5984-5479-bfc2-cbe4355f562c | La Melodia De Nuestro Adios | flac → MP3 | 89.1%
[2026-02-24 16:01:17] OK: bc0720d3-4dae-5c77-b602-339f06f55f4c | Yo Tambien Sone | flac → MP3 | 88.9%
[2026-02-24 16:01:23] OK: e1cf3534-f262-5783-942d-426195d1202c | Paciencia | flac → MP3 | 88.6%
[2026-02-24 16:01:33] OK: eb6f1f77-e7bf-5e8d-b628-68816b774942 | Que Le Importa Al Mundo | flac → MP3 | 88.8%
[2026-02-24 16:01:34] OK: 9be3ac69-3dd7-5e92-be9d-77c2ebcb36f2 | Rien Que Nous Deux | flac → MP3 | 88.6%
[2026-02-24 16:01:35] OK: d3a313f7-bd14-5758-852b-9f09893001b4 | Hay Que Aclarar | flac → MP3 | 88.8%
[2026-02-24 16:01:42] OK: 6187a6ac-ca29-54d1-9500-b431ca0fe799 | Olvidame | flac → MP3 | 84.4%
[2026-02-24 16:03:25] ERROR: e305a98e-5850-5144-86e9-6e6ccd9abe86 - Upload failed: ERROR: Server failed to authenticate the request. Please refer to the information in the www-authenticate header.
RequestId:b0f70b0c-d01e-00be-0ed1-a58d03000000
Time:2026-02-24T21:03:24.2277695Z
Error
[2026-02-24 16:03:26] OK: 269334a1-1ec5-5169-848a-c76c4e551e61 | La Muchachada | flac → MP3 | 86.9%
[2026-02-24 16:03:27] ERROR: 532ff700-c4b0-5d42-934a-97d861d0a102 - Upload failed: ERROR: Server failed to authenticate the request. Please refer to the information in the www-authenticate header.
RequestId:df92d4b9-e01e-009a-63d1-a57ba3000000
Time:2026-02-24T21:03:24.3296004Z
Error
[2026-02-24 16:03:28] ERROR: 63d4df7e-04f5-5958-9ccd-46452b92fb96 - Upload failed: ERROR: Server failed to authenticate the request. Please refer to the information in the www-authenticate header.
RequestId:11a93211-501e-009f-5bd1-a5a978000000
Time:2026-02-24T21:03:25.0134195Z
Error
[2026-02-24 16:03:43] WARN: f03af995-fc42-5b9c-a9ed-e272478225b5 - Backup failed: Command '['az', 'storage', 'blob', 'upload', '--account-name', 'nttt', '--container-name', 'v20-originals', '--name', 'f03af995-fc42-5b9c-a9ed-e272478225b5.original', '--file', '/var/folders/r4/_tc4gn
[2026-02-24 16:03:47] OK: f03af995-fc42-5b9c-a9ed-e272478225b5 | Viejos Tiempos | flac → MP3 | 88.8%
[2026-02-24 16:03:58] OK: 53995a13-317e-5638-be13-16c4297c6628 | Como Te Quiero | flac → MP3 | 88.8%
[2026-02-24 16:03:59] OK: fc68c039-f0a9-503b-9bd6-e00f51afb6ae | Callecita De Mi Novia | flac → MP3 | 89.9%
[2026-02-24 16:04:02] OK: 0ec20eb3-e370-5320-a9a5-aeee26a02b93 | Viejo Gaucho | flac → MP3 | 88.8%
[2026-02-24 16:04:02] OK: d7dd4108-e103-562a-b891-0911aa571d30 | Estrellita del sur | flac → MP3 | 87.7%
[2026-02-24 16:04:10] OK: 105643b3-4bfc-52c6-84d2-8f7cb5f425c9 | Tierrita | flac → MP3 | 82.7%
[2026-02-24 16:04:20] OK: 9a471753-e7fe-51ee-b1c7-505d73ba13c5 | Falsedad | flac → MP3 | 88.7%
[2026-02-24 16:04:25] OK: c5d1113f-2bc1-50b4-85de-9043b56beefb | Calor de hogar | flac → MP3 | 82.2%
[2026-02-24 16:04:29] OK: 79a34fea-8ed7-5431-8c8d-4c8fc4ba144a | Cuando El Corazon | flac → MP3 | 88.8%
[2026-02-24 16:04:38] OK: 9a2e1ef6-cfa6-5623-bf22-d262d40b6ede | Tropa | flac → MP3 | 86.6%
[2026-02-24 16:04:40] OK: 54838527-1680-5485-a8ea-cceeb270c58a | Como las margaritas (reverb) | flac → MP3 | 82.0%
[2026-02-24 16:04:41] OK: 10e24858-3447-5dd2-9064-e25efa056bc5 | La vieja serenata | flac → MP3 | 86.7%
[2026-02-24 16:04:53] OK: 0bb2fdea-8a6b-5642-9878-298bd31a0126 | Remembranza | flac → MP3 | 82.5%
[2026-02-24 16:04:54] OK: cd1dd27d-89ac-5f33-ac27-7fd0764f8285 | Pelele | flac → MP3 | 82.9%
[2026-02-24 16:04:54] OK: 0e6e517c-bc5b-53db-a5b8-8c5c615f53ce | Tu amargura | flac → MP3 | 82.8%
[2026-02-24 16:05:02] OK: 7b9104df-3884-5965-8115-66a4c2fd461a | La catrera | flac → MP3 | 82.5%
[2026-02-24 16:05:10] OK: d7b62ef1-2562-5c27-9d81-8bf7c7c69a8f | El pollero | flac → MP3 | 82.7%
[2026-02-24 16:05:14] OK: 68eeb235-e0a7-5a0d-98b7-a84b6bf82c8b | Que tarde que has venido | flac → MP3 | 85.1%
[2026-02-24 16:05:16] OK: ac666134-71b9-548e-9d04-84a6cc8b3ab2 | Florida | flac → MP3 | 83.1%
[2026-02-24 16:05:22] OK: 146a83c1-23c3-5208-a18e-b6eeaeb2dec5 | Silueta portena | flac → MP3 | 84.5%
[2026-02-24 16:05:22] OK: 9bb0c34f-707f-5a8f-a93a-3df9e85637c0 | La Melodia De Nuestro Adios | flac → MP3 | 88.4%
[2026-02-24 16:05:35] OK: 56567b0b-9aee-5c58-921b-879fc2d70e2f | Y todavia te quiero | flac → MP3 | 84.6%
[2026-02-24 16:05:36] OK: 4ffed720-ab00-5b3e-9ab1-34af7ef270e9 | Ire | flac → MP3 | 84.6%
[2026-02-24 16:05:37] OK: 2b6cc7b0-0fb7-5bd3-8b1d-01c4ab659f5f | Fumando espero | flac → MP3 | 84.6%
[2026-02-24 16:05:37] OK: 02b64cd5-76aa-5589-9cef-646016e1a3b0 | Solita Y Sola | flac → MP3 | 85.3%
[2026-02-24 16:05:38] OK: 44e8d62c-e29f-5b7c-9c4e-c2e483517b42 | Mosterio | flac → MP3 | 84.6%
[2026-02-24 16:05:53] OK: 0cc94752-e2ee-5154-890a-f9791e25c1a9 | Noches de Brasil | flac → MP3 | 83.2%
[2026-02-24 16:05:58] OK: 59c48d14-183a-562e-ae3c-54ed45bbba62 | Por eso canto yo | flac → MP3 | 84.6%
[2026-02-24 16:05:59] OK: 9dfb4690-1a99-5b22-900b-e428a9d4306f | Traje de novia | flac → MP3 | 84.7%
[2026-02-24 16:06:01] OK: 7c6e9c91-8e51-5629-bc26-be9fc55cb112 | Viejo rincon | flac → MP3 | 85.3%
[2026-02-24 16:06:05] OK: f5e7bab8-72da-5e4d-ae2b-b26bb57acf61 | A media luz | flac → MP3 | 85.3%
[2026-02-24 16:06:07] OK: 873da40f-7045-5a31-84ae-1d90c0852fb5 | Y decime que paso | flac → MP3 | 85.0%
[2026-02-24 16:06:16] OK: 550e48af-92e1-569f-80c0-f19b22b185a2 | Vendras alguna vez | flac → MP3 | 82.9%
[2026-02-24 16:06:17] OK: 7143e581-2794-54f5-a475-ab1620b97a8c | Que Lejos Que Estoy | flac → MP3 | 84.1%
[2026-02-24 16:06:19] OK: 534a89fb-ee18-5bbe-8402-bbdc1130acaa | Mi munequita | flac → MP3 | 82.6%
[2026-02-24 16:06:21] OK: 16c0733e-5d82-5f50-b04d-96bac41823d1 | No me hablen de ella | flac → MP3 | 84.9%
[2026-02-24 16:06:22] OK: 1cb6f96a-6a4a-509c-ba11-a880f97c9fa4 | Marinero | flac → MP3 | 84.8%
[2026-02-24 16:06:33] OK: bea0bc78-bb31-5005-a7a9-54ab6ce27c49 | Zorro gris | flac → MP3 | 85.6%
[2026-02-24 16:06:34] OK: 9069020c-680b-55eb-af60-eb361f16c29c | Si no me engana el corazon | flac → MP3 | 82.3%
[2026-02-24 16:06:35] OK: c9c5c850-3d5e-5803-bd6d-08f88831cf73 | Los munequitos | flac → MP3 | 85.4%
[2026-02-24 16:06:39] OK: e6a592ab-1e8b-549a-9d46-79ef3492055e | Contigo pan y cebolla | flac → MP3 | 84.8%
[2026-02-24 16:06:51] OK: c1295729-15f2-5220-9d1a-d6c797379cb8 | El Encopao | flac → MP3 | 84.0%
[2026-02-24 16:06:52] OK: 6e1be11a-acc9-52dd-9cff-389b06d81eeb | Cosas Viejas | flac → MP3 | 89.0%
[2026-02-24 16:06:54] OK: 78b01226-a0c6-5eda-bba6-266c3acd0514 | Brindis | flac → MP3 | 85.0%
[2026-02-24 16:07:00] OK: fce0d257-f7ef-5368-8083-1e0732ab4993 | Aquel silbido | flac → MP3 | 84.2%
[2026-02-24 16:07:02] OK: 3f3e5907-aad3-52f4-a900-279ef52a0a49 | El morochito | flac → MP3 | 82.1%
[2026-02-24 16:07:10] OK: e8ab2678-a9e3-5696-8548-ec2b683b24ab | Alma De Bandoneon | flac → MP3 | 89.5%
[2026-02-24 16:07:15] OK: 59ad1ac6-d447-532a-bcf8-d4a294dc7886 | Los Anos No Curan Penas | flac → MP3 | 85.0%
[2026-02-24 16:08:29] OK: f5c18a9c-030d-5b42-8b24-5ae3c550d499 | Te quiero ver escopeta | flac → MP3 | 83.5%
[2026-02-24 16:08:29] OK: 53e3bddf-b84d-536e-bf05-b784f04959ae | Este es tu tango | flac → MP3 | 85.1%
[2026-02-24 16:08:30] OK: 1b4d4672-3fd8-5832-bc80-6fae19d58512 | Jueves | flac → MP3 | 82.3%
[2026-02-24 16:08:30] OK: 83156c46-2c2b-5ef2-9af0-df68800831db | El huerfano | flac → MP3 | 84.7%
[2026-02-24 16:08:32] OK: 7fc269b4-8a2e-5b76-bbde-86e97ada42c4 | Mi verdad | flac → MP3 | 84.8%
[2026-02-24 16:08:45] OK: 93b39d30-c957-5aeb-aaed-863e997142be | Chunga Que Si Chunga Que No | flac → MP3 | 83.1%
[2026-02-24 16:08:46] OK: 20a6f9d3-4b52-52cb-813b-49b951ca3b00 | Yo no se por que razon | flac → MP3 | 82.9%
[2026-02-24 16:08:47] OK: e229ee95-5f03-5c7d-9d46-0692c5a17739 | Ficha Personal | flac → MP3 | 84.1%
[2026-02-24 16:08:48] OK: 6badccf8-c565-5ed6-8660-60885ff7090e | Giuseppe el zapatero | flac → MP3 | 83.6%
[2026-02-24 16:08:50] OK: 53656e07-379b-584d-bae7-15cf2885b3d5 | Soledad, la de barracas | flac → MP3 | 84.6%
[2026-02-24 16:09:05] OK: 2a59524a-f8df-5e28-82df-645fb613fdbe | Solo tu | flac → MP3 | 84.7%
[2026-02-24 16:09:06] OK: 47152b8e-c6cb-515f-b4f3-f35526a9da61 | La Rumbita Candombe | flac → MP3 | 83.8%
[2026-02-24 16:09:08] OK: 378a9448-8ca3-590c-8fb2-09e775fd6c31 | Motivo sentimental | flac → MP3 | 84.4%
[2026-02-24 16:09:08] OK: aeb0f227-c72c-5d4c-9da5-d8fbe3705122 | Ya, no cantas chingolo | flac → MP3 | 85.4%
[2026-02-24 16:09:11] OK: 21cd453e-4566-5ecc-81e4-986e2e086ac6 | Cuando Te Hablen Del Domingo | flac → MP3 | 84.2%
[2026-02-24 16:09:16] OK: ed83d39f-cc24-5ed9-b98a-da573d2a4106 | Dejame ser asi | flac → MP3 | 83.8%
[2026-02-24 16:09:23] OK: 7b77a688-7319-5549-8d66-3717e2639b7f | La Maja Aristocratica | flac → MP3 | 83.2%
[2026-02-24 16:09:25] OK: fead4e1d-0849-58f6-8b77-8d7127580f5e | La torcacita | flac → MP3 | 83.8%
[2026-02-24 16:09:26] OK: 10eaca1f-a66f-5a3b-aed1-85adb0a968c5 | La cumparsita | flac → MP3 | 87.2%
[2026-02-24 16:09:29] OK: 67f35e00-f765-582a-8e5a-674dd499da61 | Al mal tiempo buena cara | flac → MP3 | 84.9%
[2026-02-24 16:09:34] OK: 42b21410-464f-5d98-840b-c47c05d3a00b | Con permiso senorita | flac → MP3 | 84.4%
[2026-02-24 16:09:41] OK: c9187e10-e881-551f-bdc8-f6b6f88ec40e | No te quiero mas | flac → MP3 | 84.4%
[2026-02-24 16:09:46] OK: 4718a834-7f54-5148-80b5-d41018f4d040 | Que lento corre el tren | flac → MP3 | 83.1%
[2026-02-24 16:09:46] OK: 489c0e65-fa33-5135-b213-4270e1661b1e | Un copetin | flac → MP3 | 84.5%
[2026-02-24 16:09:47] OK: 847693bd-e268-5e20-b4eb-90e939614162 | Quejas de bandoneon | flac → MP3 | 87.3%
[2026-02-24 16:09:56] OK: 1efc49ce-a9ff-56c9-9aa1-7a06d8c9ad0f | Que lo sepa el mundo entero | flac → MP3 | 85.5%
[2026-02-24 16:10:01] OK: 9123262d-d1ec-5b69-b7ad-6177ba114edf | Son cosas del bandoneon | flac → MP3 | 82.5%
[2026-02-24 16:10:06] OK: 8dd9a29a-79e4-51e4-bc23-a285a06b5eb2 | En El Volga Yo Te Espero | flac → MP3 | 85.7%
[2026-02-24 16:10:07] OK: 8e9314f7-ea8b-5f97-b2d9-6346aba1779e | Negro lindo | flac → MP3 | 81.1%
[2026-02-24 16:10:10] OK: 56c7b562-91b4-5acf-bdc5-46ede2b3e3c5 | Romantica | flac → MP3 | 88.5%
[2026-02-24 16:10:11] OK: 8c5f4a80-2d1d-5973-9f3f-31867cb9385c | Mi Vieja Linda | flac → MP3 | 82.8%
[2026-02-24 16:10:16] OK: d95e040d-486a-5c0b-8d24-6e6ecc4dca4d | La gayola (higher pitch) | flac → MP3 | 81.3%
[2026-02-24 16:10:23] OK: 553bc79a-89aa-56b6-adcd-fcaf305e4c1b | Desaliento | flac → MP3 | 81.3%
[2026-02-24 16:10:25] OK: 6299197e-2fee-5ba8-bce2-ca9425ffd642 | De Contrapunto | flac → MP3 | 83.3%
[2026-02-24 16:10:26] OK: 1e767ded-9a2a-5e0b-a5a7-b17cd4c1b76d | Vendras alguna vez? | flac → MP3 | 81.3%
[2026-02-24 16:10:28] OK: d0b60e50-8b9b-572e-8132-a3e97a65513e | Mano a mano | flac → MP3 | 80.2%
[2026-02-24 16:10:28] OK: 3ae99727-2fb3-52e6-bebf-9746a5ffb414 | Ay mi nena | flac → MP3 | 80.9%
[2026-02-24 16:10:45] OK: d6515c9d-99e6-51d0-b555-042d082437b5 | Tormenta | flac → MP3 | 81.8%
[2026-02-24 16:10:46] OK: 92c010e9-87b5-5a43-8865-aca7225c4ce9 | Mala junta | flac → MP3 | 84.9%
[2026-02-24 16:10:46] OK: 904d8d9d-9819-547b-a641-4bb2db96efcc | Que nadie se entere | flac → MP3 | 81.9%
[2026-02-24 16:10:50] OK: 91a4356c-860b-5945-a738-96ac5f3453b9 | La cumparsita | flac → MP3 | 85.0%
[2026-02-24 16:10:54] OK: 67d7ae83-bca1-5e0b-b6fd-702b62bd381d | Recuerdos | flac → MP3 | 85.4%
[2026-02-24 16:10:59] OK: 86a0865e-b085-5e94-837b-84b5e64c0da6 | La Cumparsita | flac → MP3 | 87.0%
[2026-02-24 16:11:01] OK: 18e12015-0842-5e45-a52a-f5222c5334a8 | Milonga de mis amores | flac → MP3 | 82.2%
[2026-02-24 16:11:10] OK: f5642cc2-83cb-5442-9e10-22af31d0ab4d | N.N. | flac → MP3 | 84.8%
[2026-02-24 16:11:12] OK: 0b436a28-5777-5ebc-a76a-0c03b1764c47 | Amurado | flac → MP3 | 84.3%
[2026-02-24 16:11:18] OK: 15062264-67b2-51b7-ba4b-c275b017ead6 | Condena | flac → MP3 | 85.5%
[2026-02-24 16:11:19] OK: ad2b61c2-58c7-5b83-a871-e441fa160a19 | Chunga que si, chunga que no | flac → MP3 | 82.6%
[2026-02-24 16:11:19] OK: 9a9ddf30-0bfa-5a42-a4cc-ee98af4cb2f2 | La Tupungatina | flac → MP3 | 84.9%
[2026-02-24 16:11:24] OK: a101d390-e834-56e8-85cd-90a28a6cfa43 | La abandone y no sabia (missing ending) | flac → MP3 | 85.3%
[2026-02-24 16:13:25] OK: f1905a2b-c071-533a-80c0-b7f75a7112e8 | Dos fracasos | flac → MP3 | 86.7%
[2026-02-24 16:13:25] WARN: fa8777b3-c752-51c0-b148-e10e3308443a - Backup failed: Command '['az', 'storage', 'blob', 'upload', '--account-name', 'nttt', '--container-name', 'v20-originals', '--name', 'fa8777b3-c752-51c0-b148-e10e3308443a.original', '--file', '/var/folders/r4/_tc4gn
[2026-02-24 16:13:26] ERROR: e837e07f-e8f4-562e-9e61-66884449681d - Upload failed: Command '['az', 'storage', 'blob', 'upload', '--account-name', 'nttt', '--container-name', 'v20', '--name', 'e837e07f-e8f4-562e-9e61-66884449681d.mp3', '--file', '/var/folders/r4/_tc4gnds7yd7prk90mkrv
[2026-02-24 16:13:29] ERROR: 12d2cf9c-7bae-51d5-b9bd-f3f675351299 - Upload failed: Command '['az', 'storage', 'blob', 'upload', '--account-name', 'nttt', '--container-name', 'v20', '--name', '12d2cf9c-7bae-51d5-b9bd-f3f675351299.mp3', '--file', '/var/folders/r4/_tc4gnds7yd7prk90mkrv
[2026-02-24 16:13:33] ERROR: c19f451e-5d59-5a39-a98e-5ba8012095ea - Upload failed: Command '['az', 'storage', 'blob', 'upload', '--account-name', 'nttt', '--container-name', 'v20', '--name', 'c19f451e-5d59-5a39-a98e-5ba8012095ea.mp3', '--file', '/var/folders/r4/_tc4gnds7yd7prk90mkrv
[2026-02-24 16:13:34] OK: fa8777b3-c752-51c0-b148-e10e3308443a | Yo Soy El Tango | flac → MP3 | 87.1%
[2026-02-24 16:13:49] OK: f420fae4-2a34-5aaa-a0bd-ba4064225db0 | De seis a siete | flac → MP3 | 85.4%
[2026-02-24 16:13:50] OK: 4738cba4-59d1-5756-9c21-4cee68b9a052 | A mi me llaman Juan Tango | flac → MP3 | 85.6%
[2026-02-24 16:13:54] OK: 4f259baa-6c7f-505f-96ce-207e6e0b9b82 | Yo | flac → MP3 | 85.4%
[2026-02-24 16:13:57] OK: ba8eaa49-4ae6-56aa-a78b-b95242eba14c | Percal | flac → MP3 | 85.6%
[2026-02-24 16:14:04] OK: fee80b7a-8111-54d1-8c14-520a7d80008c | Trapitos | flac → MP3 | 88.1%
[2026-02-24 16:14:13] OK: 74182311-3825-5be7-8e25-d7f2f742707b | Nada | flac → MP3 | 85.1%
[2026-02-24 16:14:16] OK: b6a57aa8-0dc9-524b-b471-d74c0bce214c | Fruta Amarga | flac → MP3 | 85.3%
[2026-02-24 16:14:22] OK: ef1cb057-b355-5e1b-bb0e-be5c34867499 | Cosas De Tango | flac → MP3 | 86.8%
[2026-02-24 16:14:23] OK: e9de8396-0cc3-5500-b2a5-2b44a0ffc865 | Flor De Lino | flac → MP3 | 87.2%
[2026-02-24 16:14:24] OK: 1d76a44d-eae5-5b3d-9e82-915a94751231 | Fantasma | flac → MP3 | 85.7%
[2026-02-24 16:14:36] OK: 57a09c81-0dbc-5e1a-9519-a1afefac4efd | Si Yo Pudiera Comprender | flac → MP3 | 85.7%
[2026-02-24 16:14:40] OK: d185ab08-c4df-5d97-915b-c760d57dcb87 | Ya sale el tren | flac → MP3 | 84.3%
[2026-02-24 16:14:45] OK: d918cb00-df94-51ef-8fbf-15a663f2c7ed | Marion | flac → MP3 | 84.3%
[2026-02-24 16:14:46] OK: 49d6fc40-4a23-59f7-b05c-b1116f2166ab | Margo | flac → MP3 | 88.8%
[2026-02-24 16:14:51] OK: 900c6ccc-0f76-5183-9186-34a33c89487e | Trenzas | flac → MP3 | 84.6%
[2026-02-24 16:14:53] OK: 3a0f26b2-1665-5cc8-9131-1d81ca58371a | Mi Tango Es Triste | flac → MP3 | 87.4%
[2026-02-24 16:15:03] OK: e4114b23-c467-5424-bb69-1df92c0de0d9 | Luna De Plata | flac → MP3 | 87.4%
[2026-02-24 16:15:09] OK: 09dc0bd1-382f-5126-9532-f682025722eb | Madalit | flac → MP3 | 85.7%
[2026-02-24 16:15:10] OK: f3814c30-ea57-5fac-b874-2e2c0478e3dd | Me Duele El Corazon | flac → MP3 | 86.7%
[2026-02-24 16:15:15] OK: 0691202b-f35f-5cdf-af9a-10ee0f38e293 | Otro Tango | flac → MP3 | 82.6%
[2026-02-24 16:15:16] OK: 99ba9628-fea2-5358-850f-b713a4c1bfea | Orquestas De Mi Ciudad | flac → MP3 | 86.1%
[2026-02-24 16:15:17] OK: bc66580d-6a0f-522c-8375-f67570811dd6 | Rebeldia | flac → MP3 | 85.4%
[2026-02-24 16:15:32] OK: 162067c9-913f-58e0-a6ee-de8ec00f448f | La Noche Que Te Fuiste | flac → MP3 | 84.5%
[2026-02-24 16:15:33] OK: c7201fd4-cdbb-5c95-b162-8150f34e2f65 | Gime El Viento | flac → MP3 | 87.0%
[2026-02-24 16:15:34] OK: 29811e2b-6a7d-587c-90b1-14b86a13747d | Cuento azul | flac → MP3 | 86.2%
[2026-02-24 16:15:39] OK: 0ba60b86-0123-5aaa-b156-399220fb18fc | Cancion Desesperada | flac → MP3 | 84.7%
[2026-02-24 16:15:46] OK: 1b36087a-73c2-5e51-850e-60a9d85b833c | El Desafio | flac → MP3 | 86.8%
[2026-02-24 16:15:56] OK: fb21d298-fc20-5bab-b061-aaf00a7ec1f1 | Soledad, La De Barracas | flac → MP3 | 84.8%
[2026-02-24 16:15:59] OK: 49cab7a7-74b2-5f46-b5f5-70e20456625a | Por la cuesta arriba | flac → MP3 | 88.2%
[2026-02-24 16:16:06] OK: c9f94204-6d51-53ae-b824-d3af1129d1f2 | De 6 A 7 | flac → MP3 | 87.5%
[2026-02-24 16:16:06] OK: 78773080-971f-5f12-945c-7d0707fed9bd | Lluvia De Abril | flac → MP3 | 88.4%
[2026-02-24 16:16:14] OK: ad513d97-48cd-5caa-94de-260e9f6baf0c | Cada dia te extrano mas | flac → MP3 | 86.6%
[2026-02-24 16:16:20] OK: f82418bc-4258-53a1-9ad9-4e42a8be5e10 | La vi llegar (reverb) | flac → MP3 | 84.3%
[2026-02-24 16:16:21] OK: 8d57371e-b1f3-5298-b968-834022cdb69f | Es En Vano Llorar | flac → MP3 | 85.5%
[2026-02-24 16:16:22] OK: c4236ef0-b4fe-50fa-81a8-08e97fa6b396 | Despues | flac → MP3 | 86.2%
[2026-02-24 16:16:26] OK: 564eddab-4c81-5cfc-9143-cb0289c80041 | Seis dias | flac → MP3 | 86.3%
[2026-02-24 16:16:42] OK: 124f3f9a-ea44-59b0-8025-94830b4f1bda | Igual Que Una Sombra | flac → MP3 | 85.7%
[2026-02-24 16:16:43] OK: 7a3c9374-aadd-5068-be96-a3efb2cb68c6 | Verdemar | flac → MP3 | 85.2%
[2026-02-24 16:16:44] OK: ab57abfa-81c9-59d7-87b2-eb37fe44c974 | Tarde Gris | flac → MP3 | 85.6%
[2026-02-24 16:16:45] OK: 641574d7-e14f-5976-bafc-286924efab04 | Manana Ire Temprano | flac → MP3 | 87.2%
[2026-02-24 16:16:47] OK: cd631b78-c5aa-5956-b83f-f93896e955e6 | Bien Criolla Y Bien Portena | flac → MP3 | 86.4%
[2026-02-24 16:17:01] OK: 33dfeada-751e-5746-828c-f0612ffd90ab | Manana Ire Temprano (no intro) | flac → MP3 | 86.0%
[2026-02-24 16:17:05] OK: ad3df598-2d14-5b7d-8705-d0e3f4559c72 | Bohardilla | flac → MP3 | 85.6%
[2026-02-24 16:17:07] OK: d8810884-127b-5448-a032-2c6328c92d7b | Amor Y Tango | flac → MP3 | 85.1%
[2026-02-24 16:17:09] OK: 86d782b7-f121-5828-b13a-7bd28f428676 | Una fija | flac → MP3 | 87.5%
[2026-02-24 16:17:10] OK: 3dede827-4d51-57c0-8bb1-09949b78fa3f | Charamusca | flac → MP3 | 88.4%
[2026-02-24 16:18:33] OK: 2d357fdd-85d9-5486-8830-dd64027b84e5 | Tierra querida | flac → MP3 | 87.7%
[2026-02-24 16:18:33] OK: 235e6dee-58ed-5c84-b3b8-c39f6c14b614 | Cuando Tallan Los Recuerdos | flac → MP3 | 85.6%
[2026-02-24 16:18:34] OK: a9fb338a-9f2c-5e55-910c-1095a67a8093 | Union civica | flac → MP3 | 86.3%
[2026-02-24 16:18:44] OK: c469cc78-1f04-56c1-9d5f-044400ce7c0e | Disco rayado | flac → MP3 | 86.1%
[2026-02-24 16:18:49] OK: f38bf870-6721-5a6b-bb39-b86b28f6771f | La guinada | flac → MP3 | 88.0%
[2026-02-24 16:18:55] OK: 3bd46c24-b65c-5c01-bbb8-8dd411c0bb4b | Saludos | flac → MP3 | 88.2%
[2026-02-24 16:19:01] OK: e6bad2f1-5040-580f-ba1c-2098a025314f | Elegante papirusa | flac → MP3 | 87.7%
[2026-02-24 16:19:02] OK: 9af8a6d8-c05e-53aa-b71d-81adeb4e594a | Sans Souci | flac → MP3 | 88.0%
[2026-02-24 16:19:08] OK: 447bdd1d-9e7a-5553-b7c1-06111db062f6 | Inspiracion | flac → MP3 | 87.1%
[2026-02-24 16:19:09] OK: fe9e1361-b042-5620-8a5b-a3acb94d49e6 | Tabaco | flac → MP3 | 85.3%
[2026-02-24 16:19:15] OK: 967404ae-4844-541d-8cef-3d54191b8d20 | El cuatrero | flac → MP3 | 88.0%
[2026-02-24 16:19:17] OK: 73637b46-e10f-5717-ad85-15e7352b1a83 | A Martin Fierro | flac → MP3 | 86.5%
[2026-02-24 16:19:23] OK: 84316964-be7a-5525-9539-cecda818f35f | Portena y nada mas | flac → MP3 | 82.1%
[2026-02-24 16:19:25] OK: 6cb439b6-1b7f-5215-bfd1-c6632fd1da7d | La maleva | flac → MP3 | 87.8%
[2026-02-24 16:19:33] OK: b38437d4-693e-5661-9c5c-3156c2829d6f | Milonga milonguera | flac → MP3 | 88.1%
[2026-02-24 16:19:35] OK: 7394638d-61bb-5aba-9dd9-7c128c4f3c20 | El Cachafaz | flac → MP3 | 82.5%
[2026-02-24 16:19:39] OK: 34e70f7e-2b3d-5c14-bae6-fb4e335999cb | Organito de la tarde | flac → MP3 | 85.4%
[2026-02-24 16:19:40] OK: 6ac227a8-8385-52c5-a801-1f2261f329ed | Re Fa Si | flac → MP3 | 82.2%
[2026-02-24 16:19:41] OK: 5cd3e3b0-bfa8-5ed0-a40d-6deb83777595 | Bar exposicion | flac → MP3 | 85.2%
[2026-02-24 16:19:44] OK: d9396ad3-3185-5e73-9a1e-873d569a4182 | Se Muere De Amor | flac → MP3 | 82.4%
[2026-02-24 16:19:53] OK: 674112b6-fefd-5775-9447-51092e0c482b | Cuatro Vidas | flac → MP3 | 81.1%
[2026-02-24 16:19:58] OK: 703cc1e6-7093-50cf-b147-f0730dce08ac | Fulgor | flac → MP3 | 82.4%
[2026-02-24 16:20:01] OK: 041315e6-0b11-5a7a-8b0e-994fd4d0fc3f | Pimienta | flac → MP3 | 81.9%
[2026-02-24 16:20:04] OK: af5defe2-9e8e-5678-bb6e-1153e02f9b8b | Buenos Aires Yo Te Canto | flac → MP3 | 80.8%
[2026-02-24 16:20:05] OK: fd1e9f4d-2e01-5d31-a31d-ba005076ab46 | El choclo | flac → MP3 | 84.7%
[2026-02-24 16:20:10] OK: f8beb5b0-16c3-5708-b16c-ce7e2bd7e7f4 | Rodriguez pena (harsh in parts) | flac → MP3 | 85.1%
[2026-02-24 16:20:17] OK: 32b227c8-615c-57be-888b-67914102694d | El Ciruja (pitch correction 1) | flac → MP3 | 82.8%
[2026-02-24 16:20:19] OK: 0b39fa13-68f3-5726-812b-2e85109a4d6b | El ingeniero | flac → MP3 | 84.7%
[2026-02-24 16:20:23] OK: c4bdce16-d1f2-5157-a73b-50f861f4a8e4 | La viruta | flac → MP3 | 85.2%
[2026-02-24 16:20:24] OK: 18d59407-ffb1-5840-8122-846569ddf38e | Viento Verde | flac → MP3 | 81.2%
[2026-02-24 16:20:30] OK: 9309d409-1144-566a-9ce9-329767fdfaad | Tangueando Te Quiero | flac → MP3 | 82.0%
[2026-02-24 16:20:35] OK: 6edd39e6-890a-5ad8-bbb8-32c6bec3b9a8 | El Ciruja (pitch correction 2) | flac → MP3 | 80.8%
[2026-02-24 16:20:37] OK: 65995089-41dc-5ba4-88fb-76bc1b10f18a | El Ciruja (Kieth corrected) | flac → MP3 | 88.6%
[2026-02-24 16:20:38] OK: cf333c04-5f31-5e3c-81b0-a44bbeb3435f | Un Momento | flac → MP3 | 81.7%
[2026-02-24 16:20:44] OK: 70e92029-864c-56b4-9363-dc0d27d7d968 | Poema Triste | flac → MP3 | 80.8%
[2026-02-24 16:20:45] OK: 6fdab377-3870-54fc-be9b-8ec4c5a80c98 | La cumparsita | flac → MP3 | 85.4%
[2026-02-24 16:20:53] OK: f3dae27a-4a9c-5e1b-986d-6daa6f45c1b2 | Tu Palida Vos | flac → MP3 | 81.9%
[2026-02-24 16:20:55] OK: 1b7d836e-7079-56d4-82d5-a5f822970878 | La Misma Tarde | flac → MP3 | 82.7%
[2026-02-24 16:20:59] OK: cd834b07-c26d-56d4-a2a1-befd69b149e3 | Sonemos | flac → MP3 | 85.5%
[2026-02-24 16:21:00] OK: 2f29a91b-93a7-50a9-8b25-041bf9091f3f | Quien Te Iguala | flac → MP3 | 81.4%
[2026-02-24 16:21:10] OK: 5ef1c7e9-e228-597a-82fd-b24d41a74bdd | La Cachila | flac → MP3 | 84.8%
[2026-02-24 16:21:12] OK: 06320c73-49cf-5ecf-a8ce-eb220a781ef9 | Rodriguez Pena | flac → MP3 | 85.2%
[2026-02-24 16:21:12] OK: 1fddd08f-66aa-50db-a9ad-03957b8aa183 | Siempre Mas | flac → MP3 | 81.0%
[2026-02-24 16:21:13] OK: 6beb8a25-0159-5502-a0f5-98b684ea1f66 | Quejas de bandoneon | flac → MP3 | 81.3%
[2026-02-24 16:21:20] OK: b7e59d60-730b-50a9-b9c5-9558aef78252 | Don Juan | flac → MP3 | 85.3%
[2026-02-24 16:21:32] OK: ac4a19c5-6f2f-5f8d-ab94-f68878935943 | Organito de la tarde | flac → MP3 | 84.7%
[2026-02-24 16:21:35] OK: 8751722f-5560-55ff-b581-3281b372c896 | El ingeniero | flac → MP3 | 85.1%
[2026-02-24 16:21:38] OK: 3462127f-648d-5a4d-b0fe-6f28304f1072 | Germaine | flac → MP3 | 85.7%
[2026-02-24 16:21:39] OK: 710b84c2-bc8e-5d7b-8d52-09ef9684cf35 | El once | flac → MP3 | 85.3%
[2026-02-24 16:21:39] OK: 8521b590-8182-5ecb-b56f-fd5d986b4f45 | Nuestra noche | flac → MP3 | 85.3%
[2026-02-24 16:23:33] OK: 1030bf3f-70c1-541b-961b-4b5e2ed82d6d | Fumando espero | flac → MP3 | 85.0%
[2026-02-24 16:23:33] OK: 28ede490-560b-580d-813c-443a09cf2697 | Cuidado con los cincuenta | flac → MP3 | 84.7%
[2026-02-24 16:23:40] WARN: becccf5a-a19c-5a58-9f47-d5566f2ecdf2 - Backup failed: Command '['az', 'storage', 'blob', 'upload', '--account-name', 'nttt', '--container-name', 'v20-originals', '--name', 'becccf5a-a19c-5a58-9f47-d5566f2ecdf2.original', '--file', '/var/folders/r4/_tc4gn
[2026-02-24 16:23:42] OK: 948ea156-717c-5b72-b08c-0d622898e68d | Comme il faut | flac → MP3 | 85.5%
[2026-02-24 16:23:44] OK: 724fb6cc-c3f8-51ae-99fe-ef03516a41cf | Destino de flor | flac → MP3 | 85.2%
[2026-02-24 16:23:45] OK: becccf5a-a19c-5a58-9f47-d5566f2ecdf2 | Fogon de huella | flac → MP3 | 84.6%
[2026-02-24 16:23:53] OK: ea4dd6da-8ad9-533c-80f3-4d3141bd7e0a | La morocha | flac → MP3 | 86.4%
[2026-02-24 16:23:59] OK: ff4b9559-f494-5898-882a-f45005846cac | Y todavia te quiero | flac → MP3 | 85.2%
[2026-02-24 16:24:05] OK: bd0a8cea-54aa-5eeb-a31a-86bf7e64ce29 | A la gran muneca | flac → MP3 | 84.6%
[2026-02-24 16:24:05] OK: baa4e8ba-2f36-53fe-80b8-882f5c733019 | Cara sucia | flac → MP3 | 85.4%
[2026-02-24 16:24:06] OK: b11c04f6-5ed7-5ed4-8758-6a296ff64263 | Los 33 orientales | flac → MP3 | 85.1%
[2026-02-24 16:24:13] OK: 3bb3bb04-74a2-53c3-9288-97758f4a9eac | Adios corazon | flac → MP3 | 85.2%
[2026-02-24 16:24:20] OK: 692ff00d-f598-5172-b007-f11cba734f83 | Pobre buzon | flac → MP3 | 85.0%
[2026-02-24 16:24:21] OK: 98a78f19-29fc-532c-8c11-08c5aa489214 | El amanecer | flac → MP3 | 85.1%
[2026-02-24 16:24:27] OK: 4e0355be-97d0-5880-b3d3-180c52b8b701 | Milonguero viejo | flac → MP3 | 85.3%
[2026-02-24 16:24:28] OK: a83ce727-c90d-515e-884d-69cf7b2a07cb | El jaguel | flac → MP3 | 85.3%
[2026-02-24 16:24:38] OK: 719cec0f-2b57-5f12-b242-b8c42dd9e32a | Cantemos corazon | flac → MP3 | 85.2%
[2026-02-24 16:24:40] OK: 009a198b-0e50-55dd-9d38-6e9c9dd9c734 | Buenos Aires | flac → MP3 | 84.9%
[2026-02-24 16:24:42] OK: cce0831d-119a-5f10-a141-35ebc7bcabff | Viviani | flac → MP3 | 85.0%
[2026-02-24 16:24:48] OK: aa2c6290-2dfa-586a-bb97-5f9eaa3b1274 | La cumparsita | flac → MP3 | 85.3%
[2026-02-24 16:24:51] OK: d24ca1ef-858e-5d1e-95f0-dd06a1d7f006 | Retintin | flac → MP3 | 84.9%
[2026-02-24 16:24:59] OK: 461863ae-e5f8-573a-a54c-8a88736d7848 | Bahia Blanca | flac → MP3 | 85.4%
[2026-02-24 16:25:05] OK: 2fb1a82c-5a44-561c-a200-499cbf437b31 | Filo misho | flac → MP3 | 85.4%
[2026-02-24 16:25:06] OK: 23e6f9c5-7664-59a5-ac52-9dea50393bec | Por que regresas tu | flac → MP3 | 86.0%
[2026-02-24 16:25:06] OK: 23b16133-1722-512f-bcb1-b4e622f0416a | Angustia | flac → MP3 | 87.4%
[2026-02-24 16:25:07] OK: bbd39199-d937-57fe-bcfe-078a1b12dae3 | La Monjita | flac → MP3 | 84.7%
[2026-02-24 16:25:21] OK: af51fcd0-6b82-525c-a196-3ff443ee2e1d | Anita | flac → MP3 | 84.6%
[2026-02-24 16:25:22] OK: 0ea75094-5c16-58ca-9dcd-2423bd9cf12e | De mi sentir | flac → MP3 | 84.5%
[2026-02-24 16:25:28] OK: 97dfdee2-56f7-5fdb-84d4-081c723b5cbc | Celosa | flac → MP3 | 87.9%
[2026-02-24 16:25:30] OK: 09afe596-051b-5a5c-91d0-e3d845843164 | Carillon de La Merced | flac → MP3 | 86.9%
[2026-02-24 16:25:40] OK: ce9ca628-7ef3-5a18-9a98-adce2a59beea | Confesion | flac → MP3 | 84.9%
[2026-02-24 16:25:42] OK: 883cef86-102d-52ce-9a5b-aade611364f9 | Lunes | flac → MP3 | 85.3%
[2026-02-24 16:25:43] OK: 5f76091d-60fe-5f9c-9bd2-037b32863ed2 | Minusa | flac → MP3 | 84.8%
[2026-02-24 16:25:50] OK: e220224b-a79a-5ece-bda8-96fbba115432 | Tierrita | flac → MP3 | 87.9%
[2026-02-24 16:25:55] OK: 9a1ea8ca-b07d-59e0-9904-2a723806ada4 | Nobleza gaucha | flac → MP3 | 87.8%
[2026-02-24 16:26:02] OK: 9f149ee1-d047-58a4-9dac-742e243dd15a | Y te deje llorando | flac → MP3 | 83.9%
[2026-02-24 16:26:05] OK: d04a7474-bf0a-52bc-ad77-f4fb4999ecb4 | Ausencia | flac → MP3 | 88.8%
[2026-02-24 16:26:07] OK: e5a0ccb7-019e-52ae-800d-9f5b2114e218 | El chamuyo | flac → MP3 | 84.8%
[2026-02-24 16:26:10] OK: 58c2356f-cde1-5518-aab2-1e06cdd07a6b | La serenata de ayer | flac → MP3 | 87.6%
[2026-02-24 16:26:20] OK: 3e146216-2f06-5632-a346-e95827ba48da | Sobre las olas (Over The Waves) | flac → MP3 | 84.9%
[2026-02-24 16:26:25] OK: 33feeff9-2122-5f1f-a629-831b246a9518 | Cholita | flac → MP3 | 84.7%
[2026-02-24 16:26:26] OK: 6b717543-c431-5259-8dd9-a89ebe509f51 | Linda francesita (Dulce francia) | flac → MP3 | 84.2%
[2026-02-24 16:26:27] OK: 9c9557fe-40e6-5bf2-b599-1c4f486004b3 | Mimosa | flac → MP3 | 85.5%
[2026-02-24 16:26:32] OK: 862e1888-8eb8-5653-9f9c-dfa916c96d8c | Bailarias | flac → MP3 | 87.7%
[2026-02-24 16:26:42] OK: d6da40ab-80e4-554c-b0bd-0946806d5d94 | Rencorosa | flac → MP3 | 84.8%
[2026-02-24 16:26:43] OK: bd6037bd-f454-5014-adc6-00baef59aa14 | Negro | flac → MP3 | 85.1%
[2026-02-24 16:26:45] OK: 6f64ae47-c3fd-54b4-a6e8-8faeae087f43 | Alma | flac → MP3 | 84.6%
[2026-02-24 16:26:50] OK: d8179a35-4964-51ed-8cac-b80cb5224316 | Pebeta Linda | flac → MP3 | 85.3%
[2026-02-24 16:26:51] OK: d7cada8f-63c5-5bd8-9ccd-5dc333d88dd5 | Ojos Que Brillan | flac → MP3 | 85.3%
[2026-02-24 16:26:56] OK: 6f5141b6-7fba-5268-815c-7176f9f5c029 | Palomita | flac → MP3 | 84.7%
[2026-02-24 16:28:27] OK: 6d77bb84-7237-550c-9fd0-fe0a1b1b0470 | Dos anos a la marina | flac → MP3 | 88.9%
[2026-02-24 16:28:30] OK: 4f401f61-398f-516b-adac-877a790103f2 | Embretado | flac → MP3 | 84.9%
[2026-02-24 16:28:36] OK: 37949b8f-2ca0-5261-a45c-3ac8139d2264 | Los cantores del yerua | flac → MP3 | 87.3%
[2026-02-24 16:28:37] OK: 2712c453-a384-52af-a87d-a94d252c85c2 | Olvido | flac → MP3 | 85.3%
[2026-02-24 16:28:44] OK: 260c2102-6881-547b-8f11-668b7adb8ff9 | Noche de luna | flac → MP3 | 85.2%
[2026-02-24 16:28:52] OK: ae9f4661-8d8a-5bf5-92f2-5441991dc834 | Beso Divino | flac → MP3 | 84.6%
[2026-02-24 16:28:59] OK: 6094e823-6fed-5fe7-928c-73323be021c0 | La Pueblera | flac → MP3 | 84.9%
[2026-02-24 16:29:01] OK: cf497c52-57a4-5fa5-bc91-f9c807a2d173 | Suplica | flac → MP3 | 84.8%
[2026-02-24 16:29:02] OK: df80d683-77cc-5b55-9888-2a63a3166679 | Cardos | flac → MP3 | 86.2%
[2026-02-24 16:29:02] OK: 3937abc4-e11c-5545-8eff-f5e0a59af649 | A la mar se fue | flac → MP3 | 87.6%
[2026-02-24 16:29:17] OK: 1614f001-52e5-573c-8f7e-5e6b80187836 | Ojos lindos y mentirosos | flac → MP3 | 87.2%
[2026-02-24 16:29:21] OK: c0f756a0-1c0c-5ebb-930a-b87dd9a10923 | El Santiagueno | flac → MP3 | 85.1%
[2026-02-24 16:29:28] OK: ddcbb146-4fee-5a2e-8c9f-94d9e750b9f2 | Adios Argentina | flac → MP3 | 85.5%
[2026-02-24 16:29:32] OK: a40b6c73-6e8a-522f-879e-fa81248c47cc | Sin amparo | flac → MP3 | 88.4%
[2026-02-24 16:29:35] OK: 0bf95b36-b909-5641-88ae-99deeb048e8a | Ondas del Danubio | flac → MP3 | 88.9%
[2026-02-24 16:29:46] OK: e19966f3-486e-5999-adfe-e1d47f59e690 | Marga (un pensamiento) | flac → MP3 | 88.6%
[2026-02-24 16:29:47] OK: f2a841ca-0a6e-5092-9ccf-9275e60fddd2 | Dulce carino | flac → MP3 | 87.5%
[2026-02-24 16:29:49] OK: 9f4bc71a-8f50-5d41-9ad4-5bc3b3e7d9f3 | Sarandi | flac → MP3 | 84.7%
[2026-02-24 16:29:52] OK: ffce11de-b6a0-5cb0-ba00-21e0a3146aa1 | La Cumparsita | flac → MP3 | 85.3%
[2026-02-24 16:30:04] OK: e5df8bf0-50ca-58d9-8419-8594577e088a | Tres jolie | flac → MP3 | 87.8%
[2026-02-24 16:30:06] OK: c0ec85b6-949e-590f-bf0e-6f4976085895 | Charlatanes | flac → MP3 | 84.7%
[2026-02-24 16:30:08] OK: 0726306f-b266-52a6-a4e5-f5dcf776a683 | Cristalina | flac → MP3 | 85.3%
[2026-02-24 16:30:15] OK: 293d7a1b-8bc5-5935-9e07-5dcbc631018f | Amor eterno | flac → MP3 | 89.1%
[2026-02-24 16:30:16] OK: 223b0128-1f03-5194-9685-4ebfe4d62d62 | La serenata (mi amor) | flac → MP3 | 87.3%
[2026-02-24 16:30:23] OK: 18530e30-d523-566a-a22f-b6886f779194 | Zorzal | flac → MP3 | 81.4%
[2026-02-24 16:30:23] OK: 7dd874ae-11c4-5e1e-a19f-09d79b650e36 | La mulateada | flac → MP3 | 82.5%
[2026-02-24 16:30:29] OK: 3a7b18c7-1a35-5ac1-9fa4-b7f10bbf34f5 | Patotero Sentimental | flac → MP3 | 82.3%
[2026-02-24 16:30:38] OK: a3170947-d92a-5aba-a20c-92edaa2fb199 | Navegante / Vito Dumas | flac → MP3 | 88.2%
[2026-02-24 16:30:38] OK: aa225a23-4767-5fc8-b32b-42617adba676 | Tesorito | flac → MP3 | 84.6%
[2026-02-24 16:30:38] OK: cba045cf-60eb-5d22-8385-8fba6357857c | Cuando un viejo se enamora | flac → MP3 | 82.0%
[2026-02-24 16:30:39] OK: 2b9f8100-ada1-56dd-abe6-77e3b2a95c6a | Tarareando | flac → MP3 | 81.5%
[2026-02-24 16:30:41] OK: 30e7c4c9-2fdd-5b3b-84b5-9686ff310e63 | Necesito olvidar | flac → MP3 | 81.6%
[2026-02-24 16:31:01] OK: 31f0cebe-dbc5-5527-82eb-1e61c499a37c | Todo | flac → MP3 | 80.4%
[2026-02-24 16:31:03] OK: 86a02d0b-f91e-5fe7-9dde-1da93097355f | Sone | flac → MP3 | 85.5%
[2026-02-24 16:31:03] OK: 8b206456-3c22-5279-b618-4c50965e3088 | Verdemar | flac → MP3 | 85.0%
[2026-02-24 16:31:05] OK: 5eaa6bf4-4b11-5934-aed0-c0923b843835 | Olvidao! | flac → MP3 | 88.6%
[2026-02-24 16:31:10] OK: 8028cbb1-42d4-598c-9c68-936608979d60 | Maldonado | flac → MP3 | 87.3%
[2026-02-24 16:31:18] OK: e4377593-18d4-5bac-a699-abc57242de9d | Pena mulata | flac → MP3 | 82.6%
[2026-02-24 16:31:18] OK: e43aa824-fbe0-5fa6-b8f1-7d6ff59e5660 | La bicoca | flac → MP3 | 83.8%
[2026-02-24 16:31:19] OK: e7a3f2ea-a849-5bd9-94b1-fe9a39e6f2e9 | Milonga del sentimiento | flac → MP3 | 82.1%
[2026-02-24 16:31:19] OK: 61fb6adf-c28f-5cc6-ab16-6304a3be0252 | Rosa morena | flac → MP3 | 82.4%
[2026-02-24 16:31:25] OK: 39f93e6f-a65c-5c30-aee2-1fa2e3fe8d82 | Canaro | flac → MP3 | 82.8%
[2026-02-24 16:31:26] OK: cc4dc9e5-5a36-57ab-93cd-e30db99f9abe | La clavada | flac → MP3 | 82.7%
[2026-02-24 16:31:35] OK: 48e4713d-8f0b-59a9-aaaa-0b752d81fb64 | Hernani | flac → MP3 | 84.1%
[2026-02-24 16:31:39] OK: b7eda8fb-6093-54eb-84fb-0a3629c931dc | Noche de carnaval | Otra vez carnaval | flac → MP3 | 80.2%
[2026-02-24 16:31:40] OK: f3509268-ec6c-5328-b98f-908cee801005 | Pa' los muchachos | flac → MP3 | 82.4%
[2026-02-24 16:31:42] OK: 04549ed2-f841-5559-be70-1b7f4f98ef13 | Barracas al sud | flac → MP3 | 84.2%
[2026-02-24 16:31:52] OK: 0312d7be-36d5-591b-94c4-9a380604a5c6 | 06 Lagrimas y sonrisas | flac → MP3 | 87.1%
[2026-02-24 16:32:06] OK: 5ed52bc7-f7ee-5895-85c4-1293966cb4fc | 04 Rie Payaso | flac → MP3 | 87.6%
[2026-02-24 16:32:14] OK: 921dd4c0-2944-5159-b1c5-6622ddae1315 | 02 Dos fracasos | flac → MP3 | 87.2%
[2026-02-24 16:33:32] OK: ca1f73e0-cb13-57d7-9aac-6718bc3164de | 13 La vida es una milonga | flac → MP3 | 87.1%
[2026-02-24 16:33:34] OK: 2012a718-7702-51ca-b130-bc2182879f98 | 05 La tapera | flac → MP3 | 87.4%
[2026-02-24 16:33:34] OK: 357f7023-1e0c-5513-bee1-ea6a4bf9b9aa | 11 Shusheta | flac → MP3 | 86.8%
[2026-02-24 16:33:35] OK: ca4aa1a8-7cdc-5366-b4fe-5c96d176aa4f | 10 Siete palabras | flac → MP3 | 86.8%
[2026-02-24 16:33:49] OK: 6269bfca-9a45-52a6-9071-ec1f33e7157b | 03 Pavadita | flac → MP3 | 87.0%
[2026-02-24 16:34:02] OK: 67e552dd-c58c-543b-b5a4-f5956322b116 | 08 Quien sera | flac → MP3 | 87.5%
[2026-02-24 16:34:02] OK: 666b48a7-9c9a-5cf2-8b7b-93b24cdf05d7 | 14 La milonga que hacia falta | flac → MP3 | 87.3%
[2026-02-24 16:34:05] OK: 2515f1b0-fc59-5c2c-9d6a-59332372bfaa | 09 El amanecer | flac → MP3 | 86.9%
[2026-02-24 16:34:07] OK: 4a751242-0b2c-58d3-99cb-ccb69e688142 | 07 La loca de amor | flac → MP3 | 87.4%
[2026-02-24 16:34:23] OK: e62fe46f-4125-52c0-9861-e75c47f6ee48 | 12 Cacareando | flac → MP3 | 87.6%
[2026-02-24 16:34:31] OK: aea78883-6871-5f75-a822-1f6d1fcf144c | Sin palabras | flac → MP3 | 77.3%
[2026-02-24 16:34:41] OK: 71c51edc-94bf-508e-ac2e-b20508533913 | Hernando's Rocky Cumparsita | flac → MP3 | 74.6%
[2026-02-24 16:34:42] OK: 898d6f42-ce9d-5d29-85b3-7793275cdec1 | El ultimo cafe | flac → MP3 | 76.8%
[2026-02-24 16:34:44] OK: d5b26d82-4a21-58a6-8fb1-ea3bab7d0a50 | 01 No te apures Carablanca | flac → MP3 | 86.8%
[2026-02-24 16:34:54] OK: d0c63515-ab7f-583c-825c-3eedf891e7dd | Pata ancha | flac → MP3 | 76.0%
[2026-02-24 16:34:56] OK: 87bae020-2591-50f9-aabd-cf6e68622ce7 | Amurado | flac → MP3 | 75.7%
[2026-02-24 16:35:04] OK: 5c5b62e8-58ab-5d7a-9109-a896dfa3d0af | Tu si 'na cosa grande | flac → MP3 | 76.7%
[2026-02-24 16:35:06] OK: bb5d282c-a578-5b7e-b4f8-3b329a29cb9a | El adios | flac → MP3 | 77.1%
[2026-02-24 16:35:10] OK: e753dde1-ab88-5b47-ae7e-cb3f7ce5624d | Malafemmena | flac → MP3 | 78.2%
[2026-02-24 16:35:19] OK: f3688291-c7de-5fdc-b855-31745140528a | La bordona | flac → MP3 | 73.7%
[2026-02-24 16:35:21] OK: 36090ec5-0782-554e-876e-9f8e91e58d57 | Nido gaucho | flac → MP3 | 78.8%
[2026-02-24 16:35:26] OK: a0f2f29b-5c0c-5823-8839-b53f14d35216 | Todo | flac → MP3 | 77.0%
[2026-02-24 16:35:31] OK: e9a88b85-7c95-5d7e-a4ae-ce08116b3626 | El panuelito | flac → MP3 | 77.9%
[2026-02-24 16:35:33] OK: 91978ff6-8dc7-51ce-8d61-4eea3bb3a817 | Merceditas | flac → MP3 | 76.9%
[2026-02-24 16:35:41] OK: a91c2002-ae5d-523d-884a-fe6e28bb4b06 | Tango della banana | flac → MP3 | 75.9%
[2026-02-24 16:35:42] OK: 1fcb0713-960d-55f0-951d-e5c7ad594b1b | Desencanto | flac → MP3 | 77.1%
[2026-02-24 16:35:51] OK: 29da7910-dffa-5edf-8ed4-68b249d79058 | Recuerdo | flac → MP3 | 77.1%
[2026-02-24 16:35:52] OK: e06f1370-ac4e-5b4b-bbce-77fae7cd4914 | Ludvig van Milonga | flac → MP3 | 73.3%
[2026-02-24 16:35:52] OK: 2657a7fe-9492-56c6-b6b5-354c350b5a00 | Tu boca mintio | flac → MP3 | 76.4%
[2026-02-24 16:35:59] OK: 15c68612-74e9-5eb3-94aa-a01e11761041 | Angelica | flac → MP3 | 78.3%
[2026-02-24 16:36:06] OK: 34d18f8d-6a6e-53ac-86b6-7cefd6856c0f | Mi tango triste | flac → MP3 | 75.8%
[2026-02-24 16:36:07] OK: dcd846ea-11ca-5714-a0ea-5775e6b5ef2d | Sin tu amor | flac → MP3 | 72.6%
[2026-02-24 16:36:11] OK: 69e1477f-6fc2-5802-8b72-6defb14dfc89 | Gira Gira | flac → MP3 | 72.2%
[2026-02-24 16:36:14] OK: 2640a432-9580-5596-ac7d-64171f0e1d51 | Andiamo | flac → MP3 | 72.7%
[2026-02-24 16:36:23] OK: 27814762-6b48-54c8-88ea-01f7862d7a6c | No me hables | flac → MP3 | 72.7%
[2026-02-24 16:36:26] OK: baeaee02-8b5b-578f-b41c-6893af11318a | Balliamo | flac → MP3 | 72.4%
[2026-02-24 16:36:27] OK: 98796f58-1a4d-5760-84b6-86216143b68e | Tormenta | flac → MP3 | 73.8%
[2026-02-24 16:36:31] OK: af430ac4-4fa0-5137-beae-85defab9a48a | Taconeando | flac → MP3 | 66.4%
[2026-02-24 16:36:33] OK: 448e5de8-63a4-567a-9506-9317b7030fc3 | Este es el pueblo | flac → MP3 | 75.8%
[2026-02-24 16:36:38] OK: ad8d4bd2-835d-5ae6-9f87-b4be754e5f53 | Potenza | flac → MP3 | 73.0%
[2026-02-24 16:36:44] OK: b519535a-14ee-58b4-b772-4cd396a783d0 | Inspiracion | flac → MP3 | 65.0%
[2026-02-24 16:36:46] OK: 047474cb-8db1-5ccb-9eff-9c3523f4aabe | Corralera | flac → MP3 | 65.7%
[2026-02-24 16:36:50] OK: c96b3b0b-b95d-593a-a560-ebed867b0fa3 | Retumbo | flac → MP3 | 75.0%
[2026-02-24 16:36:52] OK: ca5759ff-8c3f-5c8b-99d2-dcfbf60b56d5 | El Adios | flac → MP3 | 68.2%
[2026-02-24 16:36:53] OK: 56ba7c9c-cbde-5109-8c54-67d63eb92f2c | Lontano | flac → MP3 | 72.7%
[2026-02-24 16:37:00] OK: c9a4d640-a2ba-51e9-94e8-9369ecff0862 | Buonasera | flac → MP3 | 71.8%
[2026-02-24 16:37:10] OK: b710227f-0b32-5a71-b9bf-e31e9b7efed1 | La Bordona | flac → MP3 | 66.4%
[2026-02-24 16:37:12] OK: 8d252db6-2387-5641-a823-ae9d85d1a9b8 | Jamas retornaras | flac → MP3 | 74.7%
[2026-02-24 16:37:14] OK: f9a8fa4d-4461-59df-a796-abfa469c45bd | Que falta que me haces | flac → MP3 | 66.8%
[2026-02-24 16:37:19] OK: da5e090c-d389-5ef0-b63f-0ff395afd7b3 | Pertenencia | flac → MP3 | 67.4%
[2026-02-24 16:38:29] OK: a5c85084-ddec-503b-8d55-d0759fc82aa2 | Remembranza | flac → MP3 | 75.6%
[2026-02-24 16:38:33] OK: c3fbf393-6ad6-5fab-a924-fb57f22fa22d | Manana zarpa un barco | flac → MP3 | 75.1%
[2026-02-24 16:38:33] OK: 63a7e6d4-097c-5a3c-a3ab-55f1023da88d | Un giorno ti diro feat. Marisol Martinez | flac → MP3 | 75.1%
[2026-02-24 16:38:38] OK: f78e153d-89ed-57c9-ad48-d89d510af8c4 | Tabaco | flac → MP3 | 68.4%
[2026-02-24 16:38:47] OK: 695404df-3c92-56fc-bd92-3694bd644da4 | Campo Afuera | flac → MP3 | 68.7%
[2026-02-24 16:38:54] OK: 2fd69d2d-ef32-5aec-ac46-c2c081803b4d | Preparense | flac → MP3 | 66.5%
[2026-02-24 16:38:58] OK: 726e95d3-73fe-56af-8c2b-cfe0ea9cbab4 | Solamente ella | flac → MP3 | 75.2%
[2026-02-24 16:39:01] OK: df4db866-fc51-5243-a82d-de5c1df60d2a | Buonasera | flac → MP3 | 72.2%
[2026-02-24 16:39:03] OK: b1cf3653-9f66-58c6-9b2b-3d0074875898 | Trenzas feat. Marisol Martinez | flac → MP3 | 76.1%
[2026-02-24 16:39:05] OK: ffec6f0d-4a34-5c2d-bdd0-e2a20d926e6c | Creep | flac → MP3 | 74.9%
[2026-02-24 16:39:08] OK: 73b40b23-07ce-5f33-9905-d24efb590b36 | Chau Paris | flac → MP3 | 66.4%
[2026-02-24 16:39:22] OK: 74d32878-f164-5adf-959a-fd40257a0ed2 | Lontano | flac → MP3 | 72.8%
[2026-02-24 16:39:34] OK: 4bd2e506-5022-52c2-aa15-e6059d8793df | Vida mia | flac → MP3 | 69.2%
[2026-02-24 16:39:34] OK: bb7a7154-6e98-59fc-b40d-2aacc3254c61 | Ella es asi | flac → MP3 | 72.4%
[2026-02-24 16:39:39] OK: 83d66b0e-59e3-56cd-9ce4-54b56e0a2f26 | Al compas del corazon feat. Marisol Mart | flac → MP3 | 75.3%
[2026-02-24 16:39:42] OK: 29150112-2119-5dfa-8294-980c434276d2 | Buscandote | flac → MP3 | 74.5%
[2026-02-24 16:39:45] OK: e5bb05ef-2f9b-50fd-9997-b3fc7d00d66b | Isla de Capri | flac → MP3 | 75.2%
[2026-02-24 16:40:01] OK: b05605ce-cdcc-5f69-864e-1f00f2fff413 | Margarita Gauthier | flac → MP3 | 74.1%
[2026-02-24 16:40:02] OK: a3b4a525-fc39-5874-ab50-b8fb4c781b46 | En la huella del dolor | flac → MP3 | 73.3%
[2026-02-24 16:40:07] OK: ed2308c7-c5df-55f2-97e6-129326b37564 | Canto de Amor | flac → MP3 | 77.6%
[2026-02-24 16:40:10] OK: d31c2a13-3826-585b-8877-1e49171561f3 | Sollozos | flac → MP3 | 74.8%
[2026-02-24 16:40:12] OK: d714a427-447d-5904-bd34-e108ae8e112b | Te aconsejo que me olvides | flac → MP3 | 70.9%
[2026-02-24 16:40:23] OK: 8010d2a2-cd46-59f5-8510-91a7ea97636c | Esta noche de luna | flac → MP3 | 71.5%
[2026-02-24 16:40:24] OK: 8d895e06-90dd-564f-8fa2-93954d607188 | Cordobesita | flac → MP3 | 75.8%
[2026-02-24 16:40:26] OK: 01622627-8d06-5a64-a7ae-af7b99e225a1 | Todo te nombre | flac → MP3 | 68.4%
[2026-02-24 16:40:34] OK: aaa5d0f8-9a10-5077-b6d4-b74860f131c6 | Potenza | flac → MP3 | 74.1%
[2026-02-24 16:40:40] OK: 8e09d705-5e6f-5b50-9794-10f9d4474a85 | Vida mia | flac → MP3 | 70.3%
[2026-02-24 16:40:42] OK: 07a25149-ec33-5054-bd53-8384f70537e3 | Siempre es carnaval | flac → MP3 | 74.5%
[2026-02-24 16:40:43] OK: 1aed9737-640c-57ab-8836-ad3f311a1dd9 | Al compas del corazon | flac → MP3 | 69.0%
[2026-02-24 16:40:52] OK: aaa13434-d7ed-5715-9fc0-53938d432875 | Poema | flac → MP3 | 70.5%
[2026-02-24 16:40:58] OK: ab96c106-e3b3-5e80-89bd-92d0c42fef14 | Loca | flac → MP3 | 70.0%
[2026-02-24 16:41:00] OK: 81b26c09-971a-5e1e-92c5-e3e3ddd88267 | Sueno azul | flac → MP3 | 75.6%
[2026-02-24 16:41:02] OK: 1c514f1a-4191-5782-afe5-1dfc51464c91 | Humillacion | flac → MP3 | 72.6%
[2026-02-24 16:41:07] OK: 7d63de29-b076-537c-b13a-e5f754e05514 | Oigo tu voz | flac → MP3 | 69.1%
[2026-02-24 16:41:07] OK: 85649c05-1f79-554a-a043-5fa9838f22d5 | Sin tu amor | flac → MP3 | 70.6%
[2026-02-24 16:41:16] OK: d3d9d843-cb3e-50e0-9ab7-587320cd71a8 | Tanto | m4a → MP3 | 14.1%
[2026-02-24 16:41:20] OK: ae22fc93-2701-5e84-95fe-be7221133043 | El Marne | flac → MP3 | 69.0%
[2026-02-24 16:41:21] OK: ce3f886c-8d5a-5135-a9c1-b506194cc47d | Pena De Amor | m4a → MP3 | 13.4%
[2026-02-24 16:41:22] OK: d87ad0f4-e23f-58a9-86f7-6333f53dbe2e | Junto a tu corazon | flac → MP3 | 72.2%
[2026-02-24 16:41:26] OK: b15b528a-b74a-5a19-89f9-d87c0f78789b | Si Es Mujer Ponele Rosa | m4a → MP3 | 9.5%
[2026-02-24 16:41:27] OK: 8191f671-9ef1-5ca7-8748-14f9b2c27651 | Milonga Para Gardel (Milonga) | m4a → MP3 | -0.2%
[2026-02-24 16:41:30] OK: ab64c0a3-19a0-547c-8b4a-f36dba0918a2 | Corrientes Y Esmeralda | m4a → MP3 | 28.2%
[2026-02-24 16:41:32] OK: 10fe867f-b18d-5597-a22f-c9fe0b1c4fa9 | Chingolito (Ya No Cantas Chingolo) | m4a → MP3 | 9.5%
[2026-02-24 16:41:34] OK: 1de074c0-ee9a-5dd7-aac3-68b2ba7debc4 | Quien Hubiera Dicho | m4a → MP3 | 30.9%
[2026-02-24 16:41:36] OK: d5a177e4-54fa-5736-9e9e-5c504861ffbc | Aquel Viejo Tango | m4a → MP3 | -12.9%
[2026-02-24 16:41:37] OK: 3cec8d04-cdd8-5748-a8c5-2ba36ed6b516 | Traiga Otra Cana | m4a → MP3 | -6.7%
[2026-02-24 16:41:43] OK: be97f26f-e720-5518-a502-a842db3696f4 | Tiene Razon Amigazo | m4a → MP3 | 20.3%
[2026-02-24 16:41:46] OK: c474e30b-f351-5605-abd1-64fc7dc0c87b | Noche De Locura | m4a → MP3 | 8.2%
[2026-02-24 16:41:47] OK: cfb80175-8c43-55bc-95ae-8b9b880559b0 | A Los Muchachos | m4a → MP3 | 28.2%
[2026-02-24 16:41:49] OK: b2e7bd5a-d6d3-57f8-a037-890c90277d36 | Se Llamaba Eduardo Arolas | m4a → MP3 | 34.6%
[2026-02-24 16:43:29] OK: 23e1e8cc-25c1-51d2-95b6-f1ff501a0835 | Color De Barro | m4a → MP3 | 25.5%
[2026-02-24 16:43:32] OK: d975f1d0-8db9-55e7-8278-77e3b9ed4bf2 | El Adios | m4a → MP3 | 14.1%
[2026-02-24 16:43:36] OK: d85da8a3-be3d-5010-bc32-1ad85eb54513 | Solo Compasion | m4a → MP3 | -7.4%
[2026-02-24 16:43:36] OK: 25cd6d4d-e2df-5e78-b17b-915ba6f331ac | Mi Dolor | flac → MP3 | 91.6%
[2026-02-24 16:43:37] OK: 8b6e7de7-c591-5fd8-b5bf-96a1276c6df2 | Me Llaman Tango | m4a → MP3 | 33.8%
[2026-02-24 16:43:41] OK: cc8581b4-91d9-5a06-a5ef-b7e19dc2075e | La Mentirosa | m4a → MP3 | 18.8%
[2026-02-24 16:43:42] OK: 7e94aa81-84f7-52f0-858b-6bbb502effa1 | Besame En La Boca | m4a → MP3 | 18.8%
[2026-02-24 16:43:43] OK: dfcf1e50-3d87-5bc9-8fea-c97eb72e0716 | A Quien Le Puede Importar | m4a → MP3 | 16.7%
[2026-02-24 16:43:47] OK: f65af211-0f5b-54a7-a8a4-2964c09665fd | Muneca Del Once | m4a → MP3 | -13.0%
[2026-02-24 16:43:48] OK: 328cb704-32c2-561d-a9e0-bdb72f93c671 | N. P. (No Place) | m4a → MP3 | 14.7%
[2026-02-24 16:43:52] OK: fb5219b7-aa3f-5a2d-b1d4-f4e3435e4a89 | Naipe Marcado | m4a → MP3 | 4.8%
[2026-02-24 16:43:53] OK: e0b640fd-9947-5224-8b64-18514e4c79eb | Alma En Pena | m4a → MP3 | 13.7%
[2026-02-24 16:43:55] OK: e21cfb05-6c2a-5a91-bcf9-a030d4a2c35f | Lucio Paredes | m4a → MP3 | 18.3%
[2026-02-24 16:43:57] OK: 54f17a97-c93e-50cb-bb79-ff16742f8c16 | Milonga Que Viene Al Tranco | m4a → MP3 | 22.9%
[2026-02-24 16:44:01] OK: 35eae012-1370-56e9-b4bd-2d02ea89c296 | De Vuelta Al Bulin | m4a → MP3 | 33.4%
[2026-02-24 16:44:02] OK: c895bb74-bcc2-57a6-81fe-10cfd832880e | Araca Corazon | m4a → MP3 | -16.5%
[2026-02-24 16:44:03] OK: d2efd95c-610c-56c9-b3cd-b904dce3c340 | Se Lustra Senor? | m4a → MP3 | -10.0%
[2026-02-24 16:44:03] OK: 6cf32143-096b-53f1-86cb-fe054dc1ae7d | Embrujo De Mi Ciudad | m4a → MP3 | -2.9%
[2026-02-24 16:44:07] OK: bfb6bcf1-0114-5315-a6a6-a233007972f6 | Oracion Rante | m4a → MP3 | 25.7%
[2026-02-24 16:44:11] OK: 0c65369e-fb67-5680-9b7b-f02badcb3f6d | Del Buenos Aires De Ayer (Milonga) | m4a → MP3 | 22.6%
[2026-02-24 16:44:17] OK: 320cd6c8-42eb-5e5a-aab4-e7fc62b90282 | Cien Noches (feat. Alberto Serna) | m4a → MP3 | 49.6%
[2026-02-24 16:44:17] OK: f0e037ce-e7ad-5a53-ad19-2757bc2f6567 | Tabu (feat. Mario Corrales) | m4a → MP3 | 49.9%
[2026-02-24 16:44:18] OK: 845253b0-ab8a-595e-9176-fb5472e2b14c | Me Voy Buenos Aires (feat. Alberto Serna | m4a → MP3 | 51.5%
[2026-02-24 16:44:18] OK: ac194a09-1e78-565d-9f69-a01e7e960f4d | Cuatro Campanadas | m4a → MP3 | 49.0%
[2026-02-24 16:44:23] OK: 3f072a33-734b-51f8-822b-6409a82ea95d | Viejo Arrabal (feat. Alberto Serna) | m4a → MP3 | 52.3%
[2026-02-24 16:44:28] OK: 17680a1c-5ff0-5f34-b959-b97bff3ae96f | Rosa Celeste (feat. Alberto Serna) | m4a → MP3 | 46.4%
[2026-02-24 16:44:30] OK: 387e7201-2347-5bc8-b018-50d6d316e992 | La Cumparsita | m4a → MP3 | 48.8%
[2026-02-24 16:44:32] OK: 725c23c4-1023-5297-8db1-823271e9b3f0 | Parece Mentira (feat. Alberto Serna) | m4a → MP3 | 48.0%
[2026-02-24 16:44:33] OK: 9354577a-1158-57f5-9393-7fa2aa90a125 | Vieja Esquina (feat. Alberto Serna) | m4a → MP3 | 49.3%
[2026-02-24 16:44:40] OK: 87796072-3304-52d6-9438-7e41763e7d3c | Desvelos (feat. Alberto Serna) | m4a → MP3 | 48.7%
[2026-02-24 16:44:41] OK: f0ebb8bb-29e7-57cb-9a1d-15ec962c9c3a | Nostalgias (original) | m4a → MP3 | 25.5%
[2026-02-24 16:44:42] OK: a2449aea-8768-5e85-8b82-2582f2bedca3 | Tango nocturno (original) | m4a → MP3 | 27.2%
[2026-02-24 16:44:47] OK: 365f0084-eb8a-51c0-9d98-8f76b500bc57 | Pescadores de Perlas (original) | m4a → MP3 | 24.6%
[2026-02-24 16:44:48] OK: d0796a9c-73c7-5958-96ef-4a2c7fff5c2c | Ojos negros (original) | m4a → MP3 | 24.3%
[2026-02-24 16:44:49] OK: aa4e6a8a-0b12-53a9-ae43-b122ae3b12a6 | El Escondite de Hernando (original) | m4a → MP3 | 24.6%
[2026-02-24 16:44:52] OK: 8fe473a5-8ed5-5b83-93e4-141eabe8c524 | Isla de Capri (original) | m4a → MP3 | 25.4%
[2026-02-24 16:44:53] OK: 733fbb43-5b4f-55ea-83c2-0202a3a88c76 | Esta Noche en Buenos Aires (feat. Albert | m4a → MP3 | 47.8%
[2026-02-24 16:44:56] OK: 8aa25bca-5038-5e93-bf41-4dc0d5c4b07f | Lluvia Sobre el Camino (original) | m4a → MP3 | 24.0%
[2026-02-24 16:45:02] OK: 613cf5cc-db52-54e7-8d41-b57385444657 | Mujer (original) | m4a → MP3 | 24.9%
[2026-02-24 16:45:04] OK: 580ae067-3ad2-59a1-9878-51e187c84733 | Tango azul (original) | m4a → MP3 | 24.1%
[2026-02-24 16:45:07] OK: e4e41cf8-be5c-5c39-acc6-9a6401fc7692 | Paloma Paloma | m4a → MP3 | 48.8%
[2026-02-24 16:45:09] OK: c5c978d5-dca3-572d-bb33-f123825329c2 | Canyengue (feat. Mario Corrales) | m4a → MP3 | 50.7%
[2026-02-24 16:45:11] OK: a4155dcf-155d-51e0-9b94-028d69f98a58 | Perdon Viejita | m4a → MP3 | 27.8%
[2026-02-24 16:45:13] OK: b84cda71-3e43-5730-ac0f-622a248c92ea | Luz azul (original) | m4a → MP3 | 24.8%
[2026-02-24 16:45:15] OK: 17667e08-05b8-57f7-8ec3-11f3bee6a331 | Cielo azul (original) | m4a → MP3 | 26.5%
[2026-02-24 16:45:18] OK: d51cd938-2335-50e2-9c86-24090c675901 | Final de un Amor (original) | m4a → MP3 | 24.7%
[2026-02-24 16:45:20] OK: 014d6ede-f4f0-5e67-bd7b-37b25ff1b65d | El Amor No Sirve Para Nada (original) | m4a → MP3 | 24.3%
[2026-02-24 16:45:21] OK: fb349808-f14a-5846-8321-86a6504f7c8a | La Ofrenda | m4a → MP3 | 69.2%
[2026-02-24 16:45:26] OK: d21928cb-5619-5f94-b112-d2dc3741fe29 | No Te Aguanto Mas | m4a → MP3 | 71.2%
[2026-02-24 16:45:26] OK: 90fee1c1-c73f-5c74-99b1-1cae48ed4785 | Que Dios la Perdone | m4a → MP3 | 57.7%
[2026-02-24 16:45:27] OK: d21c18fb-fddf-5c76-bc2d-19991c093fd5 | Mi Pibe | m4a → MP3 | 64.7%
[2026-02-24 16:47:26] WARN: dd4c10c3-2956-5e54-a471-35a19f7487d8 - Backup failed: Command '['az', 'storage', 'blob', 'upload', '--account-name', 'nttt', '--container-name', 'v20-originals', '--name', 'dd4c10c3-2956-5e54-a471-35a19f7487d8.original', '--file', '/var/folders/r4/_tc4gn
[2026-02-24 16:47:27] WARN: 22cfbea4-0646-5659-b6e4-d9bdd189f051 - Backup failed: Command '['az', 'storage', 'blob', 'upload', '--account-name', 'nttt', '--container-name', 'v20-originals', '--name', '22cfbea4-0646-5659-b6e4-d9bdd189f051.original', '--file', '/var/folders/r4/_tc4gn
[2026-02-24 16:47:28] ERROR: 9f89db64-6ade-5fdc-9794-a051ddbca49d - Upload failed: Command '['az', 'storage', 'blob', 'upload', '--account-name', 'nttt', '--container-name', 'v20', '--name', '9f89db64-6ade-5fdc-9794-a051ddbca49d.mp3', '--file', '/var/folders/r4/_tc4gnds7yd7prk90mkrv
[2026-02-24 16:47:29] WARN: ddd2cc87-27cd-5ab6-9d61-0de04d3c6713 - Backup failed: Command '['az', 'storage', 'blob', 'upload', '--account-name', 'nttt', '--container-name', 'v20-originals', '--name', 'ddd2cc87-27cd-5ab6-9d61-0de04d3c6713.original', '--file', '/var/folders/r4/_tc4gn
[2026-02-24 16:47:30] ERROR: 474bfca9-b554-5907-be4e-6dcf9f528d15 - Upload failed: Command '['az', 'storage', 'blob', 'upload', '--account-name', 'nttt', '--container-name', 'v20', '--name', '474bfca9-b554-5907-be4e-6dcf9f528d15.mp3', '--file', '/var/folders/r4/_tc4gnds7yd7prk90mkrv
[2026-02-24 16:48:29] OK: 22cfbea4-0646-5659-b6e4-d9bdd189f051 | La Guitarrita | m4a → MP3 | 65.8%
[2026-02-24 16:48:32] OK: dd4c10c3-2956-5e54-a471-35a19f7487d8 | Anorandote | m4a → MP3 | 70.3%
[2026-02-24 16:48:36] OK: ddd2cc87-27cd-5ab6-9d61-0de04d3c6713 | La Estancia | m4a → MP3 | 70.8%
[2026-02-24 16:48:42] OK: a120ce6c-27de-5f9b-9b35-ce43602dde6c | Che bacana | m4a → MP3 | 62.3%
[2026-02-24 16:48:43] OK: 52830fa8-58f1-5b82-abbc-828ff8c463f8 | Algo bueno | m4a → MP3 | 62.6%
[2026-02-24 16:48:47] OK: dbaf3fd7-15c1-56fe-8384-dd1627a079c3 | Que Reo Sos | m4a → MP3 | 69.9%
[2026-02-24 16:48:49] OK: 6d3aeda8-1774-58ca-b998-33938f4aa656 | Cuando Bronca El Temporal | m4a → MP3 | 66.1%
[2026-02-24 16:48:51] OK: 8e9562b4-b7a3-5027-8157-495ca644cf9f | Cachivache | m4a → MP3 | 71.7%
[2026-02-24 16:48:51] OK: 68088fda-e190-58df-a588-2a5ce7a51ea2 | Colibriyo | m4a → MP3 | 69.5%
[2026-02-24 16:48:57] OK: dcd4acc0-753a-512f-ad02-1b47badc330f | El Calabozo | m4a → MP3 | 65.6%
[2026-02-24 16:48:59] OK: 155c734e-e194-5d84-960f-bc47f995af61 | El Paladin (2) | m4a → MP3 | 65.7%
[2026-02-24 16:49:03] OK: ab51962e-6b81-593c-a754-e619a7591c26 | Barrilete | m4a → MP3 | 65.3%
[2026-02-24 16:49:05] OK: 5698f606-d73b-53bb-b438-4abc792e220b | Flora | m4a → MP3 | 71.3%
[2026-02-24 16:49:05] OK: a1faaeb7-20e6-532b-be02-4af263925023 | Don Jose Maria | m4a → MP3 | 71.5%
[2026-02-24 16:49:09] OK: e79d3c78-c644-53c5-ae38-89886c26646a | Un Lamento | m4a → MP3 | 67.0%
[2026-02-24 16:49:11] OK: 113d5d55-7f4b-5bfb-8958-87270699cd0a | Palito | m4a → MP3 | 67.6%
[2026-02-24 16:49:15] OK: e9a9f3ac-a4b2-59c2-a6f8-7ddf037f8176 | Belen | m4a → MP3 | 70.6%
[2026-02-24 16:49:18] OK: f55fa53b-d88b-5a95-a0e6-100a78334c0d | La Baguala | m4a → MP3 | 70.8%
[2026-02-24 16:49:21] OK: 390ed24a-3884-5a82-aa09-2c6cbd8796f9 | Flor Marchita | m4a → MP3 | 64.7%
[2026-02-24 16:49:23] OK: 7bc43cd6-bb83-5b39-9713-292a542e38ea | El Paladin | m4a → MP3 | 66.3%
[2026-02-24 16:49:23] OK: 1fa0ddd9-2da8-5ce8-bfcb-606d685246c5 | Sos Una Fiera | m4a → MP3 | 66.3%
[2026-02-24 16:49:28] OK: e48e5185-d4c2-532e-986f-ea4334bbf8f3 | Racing Club | m4a → MP3 | 71.7%
[2026-02-24 16:49:31] OK: 0db912e9-fb23-536a-a4d1-d41e47cab469 | Criollo viejo | m4a → MP3 | 62.7%
[2026-02-24 16:49:36] OK: 21a0e59f-6b18-54f8-a485-8cc0ab47079e | Soy Un Arlequin | m4a → MP3 | 65.8%
[2026-02-24 16:49:36] OK: aa8163a8-62c1-5b8c-87db-cc718e42c3ce | Por la pinta | m4a → MP3 | 67.3%
[2026-02-24 16:49:38] OK: 635816c3-d39a-5597-94f8-206616fd8557 | Sabado | m4a → MP3 | 71.0%
[2026-02-24 16:49:41] OK: e5cf6fb8-0dfd-53ee-837d-4f73b8863380 | T.B.C | m4a → MP3 | 64.9%
[2026-02-24 16:49:42] OK: e3b2d9a0-9543-5cab-95ed-58e8286eaf02 | Pobre Yo | m4a → MP3 | 71.2%
[2026-02-24 16:49:48] OK: e4f470d3-da27-5e78-8e4d-df10b5109e4b | Ufa ... Que Secante | m4a → MP3 | 61.8%
[2026-02-24 16:49:51] OK: 5bc739d3-e0c6-5ff3-bc13-96e9379ff7f5 | Por La Pinta | m4a → MP3 | 69.7%
[2026-02-24 16:49:52] OK: 0f601b59-8a9d-5264-bf0a-d74dc0a84fca | Carnaval De Antano | m4a → MP3 | 67.0%
[2026-02-24 16:49:53] OK: 1af97b22-1dae-5e28-8cce-8cc2666747fc | Sos Una Fiera (2) | m4a → MP3 | 67.0%
[2026-02-24 16:49:57] OK: 2501a2b8-095a-5aee-9e2c-e99c32faa692 | Arlequin | m4a → MP3 | 66.3%
[2026-02-24 16:50:00] OK: 131495c6-6064-56f9-9d28-9c245cf5438b | Cicatrices | m4a → MP3 | 72.5%
[2026-02-24 16:50:03] OK: 2aa5c70f-9e3f-5ffe-acea-7ef633e5583c | Que Dios La Perdone | m4a → MP3 | 71.4%
[2026-02-24 16:50:04] OK: 41ffd8ca-c267-5659-81a8-048b7a03684b | Que Torcido Andas Julian | m4a → MP3 | 71.3%
[2026-02-24 16:50:04] OK: 40210cff-8853-5710-bc0f-8e18f128f065 | Quien Te Ve | m4a → MP3 | 71.1%
[2026-02-24 16:50:05] OK: 63d5c1d8-3c36-56a5-9c76-173f84d8422b | Chau Pinela | m4a → MP3 | 70.6%
[2026-02-24 16:50:09] OK: 641ab8c3-633c-5609-9c4e-1fcb544d3841 | No Cantes Victoria | m4a → MP3 | 71.0%
[2026-02-24 16:50:10] OK: 5f7c35d8-8bc1-57a8-8d72-bd9a684aa6ce | Viejo farolito (retuned declicked denois | m4a → MP3 | -20.6%
[2026-02-24 16:50:11] OK: bf98ef95-95b8-5d3a-bfe7-ebd08c2468e9 | Mi gitana (retuned declicked denoised) | m4a → MP3 | -20.1%
[2026-02-24 16:50:12] OK: e3c4c9f7-7622-596d-844f-c542801c5526 | Si no me engana el corazon (retuned decl | m4a → MP3 | -25.9%
[2026-02-24 16:50:14] OK: 387224cd-0677-5c00-af6c-69b0ea601645 | Cielito mio (retuned) | m4a → MP3 | -26.5%
[2026-02-24 16:50:17] OK: 983b75eb-653d-5bf0-aeb6-d334d4f96602 | Cielito mio (retuned declicked denoised) | m4a → MP3 | -26.0%
[2026-02-24 16:50:21] OK: 0e6513f2-efd5-59c9-94a2-0f264a3cbfa7 | Derrotado | m4a → MP3 | -79.1%
[2026-02-24 16:50:22] OK: 44795192-75ce-5e39-9626-2b67b9ce6c13 | El baqueano | m4a → MP3 | 52.0%
[2026-02-24 16:50:22] OK: 321b1558-f51b-5d2a-8c88-1c9b1fb73d5f | Ahi va el dulce | m4a → MP3 | 57.5%
[2026-02-24 16:50:25] OK: 27135909-ed78-5528-84c8-58b67b718e93 | Don Juan (El taita del barrio) | m4a → MP3 | 50.5%
[2026-02-24 16:52:23] WARN: 4f7a359f-d24e-52de-81d2-03dbd65a830b - Backup failed: Command '['az', 'storage', 'blob', 'upload', '--account-name', 'nttt', '--container-name', 'v20-originals', '--name', '4f7a359f-d24e-52de-81d2-03dbd65a830b.original', '--file', '/var/folders/r4/_tc4gn
[2026-02-24 16:52:23] WARN: 0f24d0da-16a2-5fcf-be05-baaa8cb355b4 - Backup failed: Command '['az', 'storage', 'blob', 'upload', '--account-name', 'nttt', '--container-name', 'v20-originals', '--name', '0f24d0da-16a2-5fcf-be05-baaa8cb355b4.original', '--file', '/var/folders/r4/_tc4gn
[2026-02-24 16:52:26] WARN: 4a0994e1-4cdb-51b5-80b9-a1de7ffdbac6 - Backup failed: Command '['az', 'storage', 'blob', 'upload', '--account-name', 'nttt', '--container-name', 'v20-originals', '--name', '4a0994e1-4cdb-51b5-80b9-a1de7ffdbac6.original', '--file', '/var/folders/r4/_tc4gn
[2026-02-24 16:52:27] ERROR: 98fb0960-f2ba-5a46-a246-ef9a4328736e - Upload failed: Command '['az', 'storage', 'blob', 'upload', '--account-name', 'nttt', '--container-name', 'v20', '--name', '98fb0960-f2ba-5a46-a246-ef9a4328736e.mp3', '--file', '/var/folders/r4/_tc4gnds7yd7prk90mkrv
[2026-02-24 16:52:27] ERROR: 2be78f4f-8771-5715-98d4-19225cc96f22 - Upload failed: Command '['az', 'storage', 'blob', 'upload', '--account-name', 'nttt', '--container-name', 'v20', '--name', '2be78f4f-8771-5715-98d4-19225cc96f22.mp3', '--file', '/var/folders/r4/_tc4gnds7yd7prk90mkrv
[2026-02-24 16:53:36] OK: 4f7a359f-d24e-52de-81d2-03dbd65a830b | Titere | m4a → MP3 | 50.6%
[2026-02-24 16:53:37] OK: 4a0994e1-4cdb-51b5-80b9-a1de7ffdbac6 | Rincones de Paris | m4a → MP3 | 54.9%
[2026-02-24 16:53:37] OK: 0f24d0da-16a2-5fcf-be05-baaa8cb355b4 | Los mareados | m4a → MP3 | 58.0%
[2026-02-24 16:53:42] OK: 74beff4e-5b35-5d41-8356-b296c80654be | La cautiva | m4a → MP3 | 50.6%
[2026-02-24 16:53:42] OK: 700d6a8e-c8c8-5981-9986-0f3658660130 | Pajarito viajero | m4a → MP3 | 49.8%
[2026-02-24 16:53:43] OK: 84d9ed56-03be-553f-bd7b-e680f455c9ee | Aleli | m4a → MP3 | 47.6%
[2026-02-24 16:53:48] OK: 5a835811-a32a-5d2d-9f62-28d9e94aa58f | Pequena | m4a → MP3 | 58.6%
[2026-02-24 16:53:49] OK: ad453140-e30b-5ed6-af15-50aecb4f9352 | Loca bohemia | m4a → MP3 | 57.7%
[2026-02-24 16:53:51] OK: cf5b3ea5-d79d-5a95-be62-93bf72a6a00c | Escalas en azul | m4a → MP3 | 56.5%
[2026-02-24 16:53:52] OK: 0ba3320b-28ed-5859-ba4c-c35c52ccb5e5 | Una vez | m4a → MP3 | 46.0%
[2026-02-24 16:53:56] OK: 171a3480-55f5-5d06-89c6-a6a2df4fd160 | Al compas de tu mentira | m4a → MP3 | 49.5%
[2026-02-24 16:53:57] OK: f0da4e17-c1ce-52e6-a6db-5b02bdbe8a20 | Volviendo | m4a → MP3 | 50.6%
[2026-02-24 16:54:04] OK: f0365ad9-5921-5770-9162-8c513fe25445 | Ojos negros | m4a → MP3 | 55.5%
[2026-02-24 16:54:04] OK: 2882f60e-579d-5dbf-ad43-51d1ecb62ab3 | Inspiracion | m4a → MP3 | 56.8%
[2026-02-24 16:54:04] OK: e5a251f7-6c62-545c-8936-6a676ddf8681 | Aromas | m4a → MP3 | 57.1%
[2026-02-24 16:54:04] OK: def9b31a-e751-5746-beb6-4682c7ee6a10 | Rebeldia | m4a → MP3 | 50.3%
[2026-02-24 16:54:06] OK: d2f3c6c8-229b-5c8d-ad2f-72d3c5f4a8b4 | Malva | m4a → MP3 | 53.0%
[2026-02-24 16:54:13] OK: 04180f05-750e-5e3a-9c86-05a970bdb17a | Mientras duerme la ciudad | m4a → MP3 | 47.5%
[2026-02-24 16:54:15] OK: 56d331d1-c355-5cf3-9e5c-76f5e92c6701 | Lluvia de estrellas | m4a → MP3 | 55.7%
[2026-02-24 16:54:18] OK: 0bbc8fef-2d11-58ad-a026-65a1da3b3eab | Concierto en la luna | m4a → MP3 | 56.2%
[2026-02-24 16:54:22] OK: 444338cf-2f75-5c1f-aaee-508dcc613295 | El vuelo del moscardon | m4a → MP3 | 57.2%
[2026-02-24 16:54:22] OK: 989bbe25-8752-5933-ab7c-fecda1685daa | Cuando no te quiera nadie | m4a → MP3 | 54.5%
[2026-02-24 16:54:25] OK: 09225918-2950-5dc1-b5f1-660da053cb59 | Felicia | m4a → MP3 | 50.5%
[2026-02-24 16:54:26] OK: c416f768-7778-57ab-a5a7-64507c439eb8 | Divina | m4a → MP3 | 54.9%
[2026-02-24 16:54:30] OK: 9cedba7d-3378-5f1f-b401-c39532001da0 | La cumparsita (Matos Rodriguez) | m4a → MP3 | 55.9%
[2026-02-24 16:54:37] OK: 0dba4504-de9f-5202-b3be-130a1ff6fb70 | Margarita Gauthier | m4a → MP3 | 52.6%
[2026-02-24 16:54:38] OK: 6eb044e4-7f72-5145-b9d6-aea1252108be | Nube gris | m4a → MP3 | 58.2%
[2026-02-24 16:54:38] OK: 9c7b7a26-1943-5493-93e2-2cb242f012f2 | Que noche | m4a → MP3 | 58.0%
[2026-02-24 16:54:38] OK: 70593a84-7540-58e5-858f-064a3eff6727 | Se perdio el amor | m4a → MP3 | 54.1%
[2026-02-24 16:54:40] OK: 18401ffc-912c-5b98-90d1-048b5ea2b1e0 | Inutil | m4a → MP3 | 49.1%
[2026-02-24 16:54:46] OK: f93fa63b-9c50-5463-9f2a-7babb2d2f782 | Tarde gris | m4a → MP3 | 47.0%
[2026-02-24 16:54:48] OK: 02fafea7-4adf-5e4d-a927-d93603beb15c | Ausencia | m4a → MP3 | 51.5%
[2026-02-24 16:54:51] OK: af4de015-42cd-559e-b3ff-1db050da2628 | Charamusca | m4a → MP3 | 53.5%
[2026-02-24 16:54:55] OK: 26d50599-0d7b-548c-8c29-4a8006b28cc1 | Fantasia en tiempo de tango | m4a → MP3 | 45.8%
[2026-02-24 16:54:55] OK: 124fbd7b-90c7-587b-aeb9-d8b637a303f9 | Merceditas | m4a → MP3 | 10.5%
[2026-02-24 16:54:56] OK: ce55f743-69d2-578d-916f-326ab08a49c5 | Para ti madre | m4a → MP3 | 58.3%
[2026-02-24 16:54:57] OK: 73fb4c93-dc70-57ee-b780-f6673a52dda7 | Pastora | m4a → MP3 | 58.5%
[2026-02-24 16:55:01] OK: d9fb797f-dbf7-5379-a51b-e12cab69281e | Tiempo | m4a → MP3 | 47.8%
[2026-02-24 16:55:07] OK: 21b8fef9-1b02-5ca8-9569-afb286231975 | La huella | m4a → MP3 | 55.2%
[2026-02-24 16:55:09] OK: 9832fda7-2cd0-5442-9abe-f1d7092dbb7b | Mimi Pinson | m4a → MP3 | 56.6%
[2026-02-24 16:55:09] OK: c9807bd8-6da3-5df7-9cde-7ed08443e9c2 | Mas alla todavia | m4a → MP3 | 44.8%
[2026-02-24 16:55:10] OK: c17f606c-c392-5488-a30a-d41d16d6e07e | Chique | m4a → MP3 | 57.0%
[2026-02-24 16:55:10] OK: eb2dea5a-166c-5c63-b9bf-9d26bc59e34e | El pillete | m4a → MP3 | 58.5%
[2026-02-24 16:55:16] OK: 891ddd97-c871-5560-b0d0-f518ceaa5578 | Volvio a llover | m4a → MP3 | 49.5%
[2026-02-24 16:55:17] OK: 94110172-3f4b-5bef-8bc7-e6ba9bb821c1 | Quien eres tu | m4a → MP3 | 46.5%
[2026-02-24 16:55:19] OK: 372001c1-80fc-5209-b2be-4b7a1083fb0e | Alzame en tus brazos | m4a → MP3 | 2.6%
[2026-02-24 16:55:20] OK: 2338a0f2-3bd0-5755-a53a-377352e490b9 | Noche de ronda | m4a → MP3 | 6.8%
[2026-02-24 16:55:22] OK: 637696c8-95e7-5dfa-b6c0-51d044012f09 | Un Tango Argentino | m4a → MP3 | 30.7%
[2026-02-24 16:57:35] ERROR: 5a4db4f7-4103-5b73-8e94-65fecc78d53b - Upload failed: Command '['az', 'storage', 'blob', 'upload', '--account-name', 'nttt', '--container-name', 'v20', '--name', '5a4db4f7-4103-5b73-8e94-65fecc78d53b.mp3', '--file', '/var/folders/r4/_tc4gnds7yd7prk90mkrv
[2026-02-24 16:57:37] ERROR: 6e4c726c-33e9-5a9e-8d68-134e9c4ffcc5 - Upload failed: Command '['az', 'storage', 'blob', 'upload', '--account-name', 'nttt', '--container-name', 'v20', '--name', '6e4c726c-33e9-5a9e-8d68-134e9c4ffcc5.mp3', '--file', '/var/folders/r4/_tc4gnds7yd7prk90mkrv
[2026-02-24 18:17:56] OK: a3e6c79a-58e5-51f0-b449-7525d876c0fa | Sombras | flac → MP3 | 65.8%
[2026-02-24 18:18:02] OK: bcdfc6cb-7cb7-5127-898a-11cebb30f2b4 | Victoria | flac → MP3 | 70.8%
[2026-02-24 18:18:03] OK: 7a5c468a-7681-54b4-9d2a-8e3b082aef8a | Saludos | flac → MP3 | 74.9%
[2026-02-24 18:18:03] OK: a50fb4c8-5597-5bca-aa10-e74294e688d6 | Camandulaje | flac → MP3 | 75.2%
[2026-02-24 18:18:05] OK: 390a6883-000e-50b9-969d-8498536a62f9 | La Cumparsita | flac → MP3 | 74.4%
[2026-02-24 18:18:13] OK: b9388ae7-33b9-5450-ba70-416ad56654b2 | Amor de chiquilina | flac → MP3 | 73.8%
[2026-02-24 18:18:14] OK: 1a1d1c61-5206-5e0d-8e1b-9d3ddeee2c46 | El dsitinguido cuidadano | flac → MP3 | 68.2%
[2026-02-24 18:18:15] OK: cafb48ac-a26d-5f72-a235-c57c386ad250 | Tierrita | flac → MP3 | 63.4%
[2026-02-24 18:18:16] OK: 0ce658ce-465c-5951-af35-3d0335e5a4e1 | Esto Es El Colmo | flac → MP3 | 70.5%
[2026-02-24 18:18:24] OK: 1f754b34-526b-52ec-a1eb-44a38cb1e7c6 | Azucar pimienta y sal | flac → MP3 | 75.6%
[2026-02-24 18:18:24] OK: 5f6b753c-3b0d-5aa7-826d-e019c97bd3de | Palabras de Honor | flac → MP3 | 71.6%
[2026-02-24 18:18:28] OK: 8ad3b134-f005-52d0-9afc-0b0bf47e4039 | Centinera Alerta | flac → MP3 | 66.6%
[2026-02-24 18:18:30] OK: 31ec573a-a339-50ac-8b9e-9471eeec9445 | La novena | flac → MP3 | 68.7%
[2026-02-24 18:18:30] OK: 02ca7cac-fd97-5947-8650-d0b0e4502057 | Si te perdes, chiflame | flac → MP3 | 71.0%
[2026-02-24 18:18:35] OK: daca794f-0cb4-5320-acff-a0c5b6b84ca8 | Ebrio | flac → MP3 | 67.3%
[2026-02-24 18:18:40] OK: 89f717b9-b242-5b96-a2b4-2892bc2cddcd | Sos de Chiclana | flac → MP3 | 68.8%
[2026-02-24 18:18:45] OK: cab4372c-317c-585b-987b-5c6468e34375 | Cardo azul | flac → MP3 | 59.5%
[2026-02-24 18:18:46] OK: 449a0ea0-a8c0-5a84-8dac-d291755af2e2 | Mariquita No Mires Al Puerto | flac → MP3 | 82.8%
[2026-02-24 18:18:47] OK: afdc0049-5c8e-52db-a933-86b96f91b8b9 | Un tropezon | flac → MP3 | 59.9%
[2026-02-24 18:18:53] OK: 293fade0-f52f-5afa-ab27-c8918763ea3c | Tengo mil novias | flac → MP3 | 84.6%
[2026-02-24 18:18:53] OK: 948a461e-8e12-5f20-bd64-a01a411414a7 | Las Espigadoras | flac → MP3 | 85.4%
[2026-02-24 18:18:58] OK: 506e64c9-ba89-503c-9c27-944504fbbe1d | Gil a rayas | flac → MP3 | 72.3%
[2026-02-24 18:18:59] OK: 270887db-5bd4-5c25-96b0-8708d2d24fc4 | Munequita | flac → MP3 | 58.3%
[2026-02-24 18:19:00] WARN: 1f73c9b3-9b5b-5c9b-8e2f-c0b268d44edf - Backup failed: ERROR: Server failed to authenticate the request. Please refer to the information in the www-authenticate header.
RequestId:8280647b-901e-0064-09e3-a514e2000000
Time:2026-02-24T23:18:55.9396953Z
Error
[2026-02-24 18:19:00] OK: a17a555a-6c75-5586-ab6b-a93b4e5736a1 | Senores... yo soy del centro | flac → MP3 | 59.9%
[2026-02-24 18:19:05] OK: 1f73c9b3-9b5b-5c9b-8e2f-c0b268d44edf | La carreta | flac → MP3 | 58.7%
[2026-02-24 18:19:07] OK: 5c3f4993-c947-5459-ad63-66cd0091597e | El cornetin del tranvia | flac → MP3 | 59.0%
[2026-02-24 18:19:12] OK: cfe14c19-8faa-5f10-9e23-67f6c267c511 | Barrio de tango [with Intro] | flac → MP3 | 69.0%
[2026-02-24 18:19:13] OK: ad9f0929-31a3-583a-8637-ac265a3dee99 | Me llaman Tango | flac → MP3 | 75.0%
[2026-02-24 18:19:17] OK: abfd8081-1cb8-5f12-bcb4-21e0948ddcb8 | Pablo | flac → MP3 | 70.3%
[2026-02-24 18:19:17] OK: 20d796b4-2a0c-5346-9512-9022ab1ad969 | Fueye | flac → MP3 | 70.7%
[2026-02-24 18:19:19] OK: 6c469bbc-31b4-5e91-80cc-e16b9be1a087 | Milonga triste | flac → MP3 | 70.8%
[2026-02-24 18:19:23] OK: 59f22e72-dd1a-5381-912e-cdd6de22f500 | Valsecito Amigo (light reverb) | flac → MP3 | 72.6%
[2026-02-24 18:19:27] OK: 821b909a-b51e-54c7-bc13-f674237254a9 | La trampera | flac → MP3 | 62.5%
[2026-02-24 18:19:28] OK: 5c79a534-383d-5949-8390-7889b92641d8 | Con Permiso | flac → MP3 | 72.8%
[2026-02-24 18:19:36] OK: cdc52dbe-f019-571c-9a2a-ef3847ef85d6 | Melodia de arrabal | flac → MP3 | 75.5%
[2026-02-24 18:19:39] OK: 701ce42d-7fa7-5995-aee0-b60ee99f3640 | Taquito militar | flac → MP3 | 69.5%
[2026-02-24 18:19:40] OK: f70b4d82-64bb-5506-b1b1-ba6c273ca961 | Sin palabras | flac → MP3 | 62.2%
[2026-02-24 18:19:41] OK: 445b956d-1ab4-5e71-baac-87ed8b56cd2c | La cumparsita (con glosa Por que canto a | flac → MP3 | 71.2%
[2026-02-24 18:19:45] OK: d0bb82f3-572d-5862-9297-46b24ad475c3 | Cenizas | flac → MP3 | 61.9%
[2026-02-24 18:19:47] OK: f80e69de-7dd5-503c-b427-0cc4884be5af | No tengo contra | flac → MP3 | 79.1%
[2026-02-24 18:19:47] OK: e124681b-e0d7-587b-83ed-2a166818de14 | Re Fa Si | flac → MP3 | 64.7%
[2026-02-24 18:19:48] OK: 19a1f9bc-c879-5cd3-bc20-ab38551bbdef | Lagrimas y sonrisas | flac → MP3 | 69.6%
[2026-02-24 18:19:52] OK: a4d22929-edf4-57a3-836c-2c73ad7daf29 | Cien Guitarras | flac → MP3 | 55.2%
[2026-02-24 18:19:54] OK: c0f0877c-b6ff-5256-b112-4efb0f7807f8 | No Vuelvas Maria | flac → MP3 | 74.4%
[2026-02-24 18:19:59] OK: 94a17680-c854-5613-b5f9-d8be91cccb7d | El Retrato De Los Viejos | flac → MP3 | 68.5%
[2026-02-24 18:20:00] OK: 6b54beaa-3f30-5682-9e63-a869b0c1ff91 | La misma tarde | flac → MP3 | 65.9%
[2026-02-24 18:20:03] OK: 85534828-9e2d-5d6f-93ca-17b43353e482 | Si Nos Queremos Todavia | flac → MP3 | 62.7%
[2026-02-24 18:20:04] OK: ff385e6a-a6f2-55ed-b265-e0f66817dcfb | Quien Tiene Tu Amor | flac → MP3 | 62.5%
[2026-02-24 18:22:04] WARN: 6824b0cb-35b7-5b7b-ab65-b700ab4485eb - Backup failed: Command '['az', 'storage', 'blob', 'upload', '--account-name', 'nttt', '--container-name', 'v20-originals', '--name', '6824b0cb-35b7-5b7b-ab65-b700ab4485eb.original', '--file', '/var/folders/r4/_tc4gn
[2026-02-24 18:22:05] WARN: ff618b4c-c325-587e-80b1-4f6be769848c - Backup failed: Command '['az', 'storage', 'blob', 'upload', '--account-name', 'nttt', '--container-name', 'v20-originals', '--name', 'ff618b4c-c325-587e-80b1-4f6be769848c.original', '--file', '/var/folders/r4/_tc4gn
[2026-02-24 18:22:06] ERROR: 45d6b76b-3dda-575a-9cb7-6ff254a1bf78 - Upload failed: Command '['az', 'storage', 'blob', 'upload', '--account-name', 'nttt', '--container-name', 'v20', '--name', '45d6b76b-3dda-575a-9cb7-6ff254a1bf78.mp3', '--file', '/var/folders/r4/_tc4gnds7yd7prk90mkrv
[2026-02-24 18:22:08] ERROR: cda701d9-2d64-52cb-bcf2-5810401a34fc - Upload failed: Command '['az', 'storage', 'blob', 'upload', '--account-name', 'nttt', '--container-name', 'v20', '--name', 'cda701d9-2d64-52cb-bcf2-5810401a34fc.mp3', '--file', '/var/folders/r4/_tc4gnds7yd7prk90mkrv
[2026-02-24 18:22:08] ERROR: e07d197f-27d6-5d2b-84e1-5572127b21de - Upload failed: Command '['az', 'storage', 'blob', 'upload', '--account-name', 'nttt', '--container-name', 'v20', '--name', 'e07d197f-27d6-5d2b-84e1-5572127b21de.mp3', '--file', '/var/folders/r4/_tc4gnds7yd7prk90mkrv
[2026-02-24 18:22:47] OK: ff618b4c-c325-587e-80b1-4f6be769848c | Sel. De Discepolo(Victoria, Que vachache | flac → MP3 | 59.7%
[2026-02-24 18:22:47] OK: 6824b0cb-35b7-5b7b-ab65-b700ab4485eb | La Novia Ausente | flac → MP3 | 66.7%
[2026-02-24 18:22:59] OK: 27fd9715-126a-5b78-8fce-0ce42bb6e5d1 | Una noche de garufa | flac → MP3 | 65.8%
[2026-02-24 18:23:00] OK: fd31d96c-9fab-5694-b85d-b8e8fc07bb20 | Como Se Muere De Amor | flac → MP3 | 70.5%
[2026-02-24 18:23:00] OK: 081473c7-bd8a-5bd4-ba29-66ac7f39d0a8 | En el salon | flac → MP3 | 72.5%
[2026-02-24 18:23:02] OK: 3dd8ebe2-be0f-5eaf-a966-da29c746cc56 | Noches de Colon | flac → MP3 | 65.1%
[2026-02-24 18:23:02] OK: e7c5e4de-fb18-5ccd-9457-38a3c9cb0321 | Papel picado | flac → MP3 | 65.9%
[2026-02-24 18:23:11] OK: 73be4865-3e88-575e-808e-e48a563ca33a | Amores de estudiante | flac → MP3 | 76.2%
[2026-02-24 18:23:15] OK: 91284a02-a961-5d04-ae73-eaa568f772da | Sin dejar rastros | flac → MP3 | 65.4%
[2026-02-24 18:23:16] OK: 268b41ae-a4a0-57c9-af3b-0f6c3eb600bb | Una lagrima | flac → MP3 | 67.0%
[2026-02-24 18:23:19] OK: 5cb170a4-4012-57e0-96fc-9f65cf358aae | Condena | flac → MP3 | 70.9%
[2026-02-24 18:23:21] OK: 049c6f8d-4aa8-5f5f-af85-5fb5d705afd7 | Ivon | flac → MP3 | 65.0%
[2026-02-24 18:23:21] OK: 61665c74-cc2e-5caf-bd2e-769b0fb91f37 | Dandy | flac → MP3 | 72.6%
[2026-02-24 18:23:25] OK: 34991ec8-a1cf-51db-898a-c5146248940a | Noche de Ronda | flac → MP3 | 73.7%
[2026-02-24 18:23:28] OK: 943d4832-9c7c-5012-b878-a7bc1f459203 | Quimera | flac → MP3 | 72.4%
[2026-02-24 18:23:33] OK: 19157103-d453-5372-ba81-e5012ffefec0 | Muneca de cristal | flac → MP3 | 71.3%
[2026-02-24 18:23:34] OK: c888f05b-bfbd-583a-842d-b478fe4233d3 | Patadura | flac → MP3 | 63.8%
[2026-02-24 18:23:34] OK: ed6b545e-11f1-594b-bb4c-d2cf10bb5c5f | Luis Maria | flac → MP3 | 69.8%
[2026-02-24 18:23:39] OK: 42ceea24-661d-50fa-8cf2-1ce0d5071fda | Salud Dinero y Amor | flac → MP3 | 73.0%
[2026-02-24 18:23:41] OK: 60ff420c-be86-5273-b3fc-19e1d65e3f9e | Que Tenes En La Mirada | flac → MP3 | 70.9%
[2026-02-24 18:23:43] OK: 70c73619-50cc-5594-ab30-3f9a29e6d1de | Se han sentado las carretas | flac → MP3 | 67.3%
[2026-02-24 18:23:44] OK: 54307ec6-aeda-5bd7-8cff-adfce954ba6a | Madreselva | flac → MP3 | 70.8%
[2026-02-24 18:23:48] OK: 3f38d41e-10d8-5cfc-a4dc-ba8bd2b2961f | Paginas muertas | flac → MP3 | 71.0%
[2026-02-24 18:23:54] OK: 0b96b75c-91b0-57b1-887a-a59dcb07a8b8 | Caripavo | flac → MP3 | 73.8%
[2026-02-24 18:23:55] OK: 7c67fca1-23e3-5fe5-b84a-a5894f99bf8c | Malevaje | flac → MP3 | 68.4%
[2026-02-24 18:23:58] OK: 46373410-c576-5707-96d2-878c88121d11 | El entrerriano | flac → MP3 | 74.0%
[2026-02-24 18:23:58] OK: 0cd7eed8-7580-583c-800a-58643e8badc8 | Di di | flac → MP3 | 73.6%
[2026-02-24 18:24:03] OK: 74a643ae-021f-532f-acfb-316cef62c5c5 | Flor De Montserrat | flac → MP3 | 70.3%
[2026-02-24 18:24:03] OK: b14bdf2a-7f95-5d54-b658-5b673006ff92 | Puerto Nuevo | flac → MP3 | 66.8%
[2026-02-24 18:24:08] OK: 4367af70-03d9-56da-9a51-efa471fc0808 | Cielito lindo | flac → MP3 | 71.8%
[2026-02-24 18:24:09] OK: 58eb0105-7e70-53cd-8b54-f5832b869233 | El yaguaron | flac → MP3 | 67.7%
[2026-02-24 18:24:09] OK: 33117a9b-c517-5d31-8059-9b222065763e | El 13 | flac → MP3 | 68.3%
[2026-02-24 18:24:13] OK: e044c301-b04d-5c58-890e-f6bbb9f474bd | El recodo | flac → MP3 | 68.9%
[2026-02-24 18:24:13] OK: 6d897eb2-241b-5d5a-9823-48b29ab6d254 | La viruta | flac → MP3 | 69.9%
[2026-02-24 18:24:20] OK: bdb8efdb-d4f3-5c2e-a5c9-6eec8dc4c34b | Se va una tarde mas | flac → MP3 | 68.6%
[2026-02-24 18:24:24] OK: fe4bdd8f-e510-58c4-8365-0962557c7a0e | No te apures Cara Blanca | flac → MP3 | 67.2%
[2026-02-24 18:24:24] OK: 04c726c9-f7bd-5765-bd54-c12723edf5dc | Estan sonando las ocho | flac → MP3 | 63.3%
[2026-02-24 18:24:25] OK: d8b4eb55-8138-53d3-93c6-c412eccca893 | Entrada prohibita | flac → MP3 | 68.6%
[2026-02-24 18:24:27] OK: e42d8778-6eb5-5ed6-91ed-96a5b62acd72 | Amurado | flac → MP3 | 68.1%
[2026-02-24 18:24:35] OK: d58f375b-8407-50fe-8049-166c7108a002 | Derecho Viejo | flac → MP3 | 72.7%
[2026-02-24 18:24:37] OK: 020412c8-602a-5bdc-b7d7-3d3351838a6a | Todo Corazon | flac → MP3 | 66.4%
[2026-02-24 18:24:37] OK: 9f2351d3-0c22-5616-9bb1-f5e4b5b3602e | Otonal | flac → MP3 | 71.3%
[2026-02-24 18:24:37] OK: ff921a3f-908f-59ec-b3ab-156da76ef290 | Condena | flac → MP3 | 67.3%
[2026-02-24 18:24:38] OK: 952b64fe-2bfc-51fc-b5e5-047c36b6d042 | Picotero | flac → MP3 | 71.1%
[2026-02-24 18:24:49] OK: a3848da0-17ae-50bb-a5c0-38c22e619527 | Ya no cantas mas | flac → MP3 | 69.8%
[2026-02-24 18:24:49] OK: 284aff2f-aef4-55df-86da-5579061c1340 | Muchacha | flac → MP3 | 69.5%
[2026-02-24 18:24:50] OK: 06845a8f-314f-545c-8d56-080585fc57ea | El acomodo | flac → MP3 | 68.2%
[2026-02-24 18:24:50] OK: c01e1f5d-5956-5ca1-b0b1-107903517b2d | Floricita criolla | flac → MP3 | 67.3%
[2026-02-24 18:26:48] ERROR: e50964ef-febc-5402-8497-1f8f4237cd30 - Upload failed: Command '['az', 'storage', 'blob', 'upload', '--account-name', 'nttt', '--container-name', 'v20', '--name', 'e50964ef-febc-5402-8497-1f8f4237cd30.mp3', '--file', '/var/folders/r4/_tc4gnds7yd7prk90mkrv
[2026-02-24 18:26:49] WARN: 2891c9eb-978d-5b94-9b2e-df2bf28702a4 - Backup failed: Command '['az', 'storage', 'blob', 'upload', '--account-name', 'nttt', '--container-name', 'v20-originals', '--name', '2891c9eb-978d-5b94-9b2e-df2bf28702a4.original', '--file', '/var/folders/r4/_tc4gn
[2026-02-24 18:26:50] WARN: dd9ee4bd-82ac-5e33-88d0-ce13d9a5d35d - Backup failed: Command '['az', 'storage', 'blob', 'upload', '--account-name', 'nttt', '--container-name', 'v20-originals', '--name', 'dd9ee4bd-82ac-5e33-88d0-ce13d9a5d35d.original', '--file', '/var/folders/r4/_tc4gn
[2026-02-24 18:26:51] WARN: 4e970a00-44d2-502d-a67b-d6a1d561ffbf - Backup failed: Command '['az', 'storage', 'blob', 'upload', '--account-name', 'nttt', '--container-name', 'v20-originals', '--name', '4e970a00-44d2-502d-a67b-d6a1d561ffbf.original', '--file', '/var/folders/r4/_tc4gn
[2026-02-24 18:26:52] WARN: 981b8540-6133-5f2a-93f7-2be87b42841f - Backup failed: Command '['az', 'storage', 'blob', 'upload', '--account-name', 'nttt', '--container-name', 'v20-originals', '--name', '981b8540-6133-5f2a-93f7-2be87b42841f.original', '--file', '/var/folders/r4/_tc4gn
[2026-02-24 18:27:49] OK: 2891c9eb-978d-5b94-9b2e-df2bf28702a4 | Dolores | flac → MP3 | 68.0%
[2026-02-24 18:27:50] OK: dd9ee4bd-82ac-5e33-88d0-ce13d9a5d35d | La Noche Que Me Esperes | flac → MP3 | 61.3%
[2026-02-24 18:27:52] OK: 981b8540-6133-5f2a-93f7-2be87b42841f | A lo lejos | flac → MP3 | 72.8%
[2026-02-24 18:27:52] OK: 4e970a00-44d2-502d-a67b-d6a1d561ffbf | Silueta portena | flac → MP3 | 70.3%
[2026-02-24 18:28:04] OK: d30b1178-c260-5b66-9c25-0da2c45d585d | Noche De Estrellas | flac → MP3 | 70.2%
[2026-02-24 18:28:05] OK: f8e8ab19-fb3a-5132-b2b6-8cee976ba055 | Vieja carreta | flac → MP3 | 70.6%
[2026-02-24 18:28:06] OK: 3f1c02b9-f3a2-540c-913b-1d464ba9868a | Tu y yo | flac → MP3 | 62.3%
[2026-02-24 18:28:07] OK: 54ee1bd4-5d6e-5cce-8cd8-f2285cd8f2fc | Sombras nada mas | flac → MP3 | 68.7%
[2026-02-24 18:28:11] OK: 5cccef5d-3549-5ff8-b359-a0d2ebcb6046 | Tres Amigos | flac → MP3 | 64.7%
[2026-02-24 18:28:15] OK: 936b893f-1ef6-51c1-8770-4983bef58633 | Corazon encadenado | flac → MP3 | 72.4%
[2026-02-24 18:28:20] OK: 496cc839-1ab4-57f3-88d7-a37153bf1335 | Cantado se van las penas | flac → MP3 | 70.4%
[2026-02-24 18:28:21] OK: 8d4e62cc-e6fb-5742-98b7-fda83ce26dc0 | La Melodia Del Corazon | flac → MP3 | 64.8%
[2026-02-24 18:28:21] OK: 31ed580e-a321-57f8-81aa-900202b26699 | Cristal | flac → MP3 | 70.8%
[2026-02-24 18:28:25] OK: c6be28b9-997c-590d-b144-4716e4e55bd2 | Adios muchachos | flac → MP3 | 72.6%
[2026-02-24 18:28:26] OK: 76b119a6-6c36-5328-b3bf-1479e6561e4d | Cara suica | flac → MP3 | 60.9%
[2026-02-24 18:28:28] OK: e4bbd63a-e709-5511-bd4e-8497b81c8468 | San Telmo | flac → MP3 | 66.4%
[2026-02-24 18:28:28] OK: d881f143-194c-5e66-8ff0-b5e897b61991 | Siempre Unidos | flac → MP3 | 63.6%
[2026-02-24 18:28:32] OK: 4e38aac0-e250-5160-be21-2bfc0a3e450c | Copos de nieve | flac → MP3 | 66.4%
[2026-02-24 18:28:35] OK: 5083aa0a-4d24-5317-ae7d-7a224a03515c | A Pesar De Todo | flac → MP3 | 68.7%
[2026-02-24 18:28:38] OK: 2fa44799-e397-5f4a-b92a-dfe192782b44 | Casas viejas | flac → MP3 | 63.0%
[2026-02-24 18:28:40] OK: bc9e492a-2a80-5aeb-94bf-b909fde250a3 | Bernabe la fiera | flac → MP3 | 68.6%
[2026-02-24 18:28:43] OK: e522c563-8f4e-533a-9b8a-cae96fde553b | Algun Dia Te Dire | flac → MP3 | 60.6%
[2026-02-24 18:28:43] OK: d6e5518a-4a3c-56cf-ac78-299d32afa01a | No ensartamos ni una | flac → MP3 | 68.0%
[2026-02-24 18:28:45] OK: 53b00c45-5db3-5206-b6af-09ae453a3c4a | En Un Beso La Vida | flac → MP3 | 67.7%
[2026-02-24 18:28:45] OK: 8312e63f-6707-5426-ab04-a8b0aa52ad12 | Diez anos | flac → MP3 | 66.9%
[2026-02-24 18:28:54] OK: b48e2f06-73be-5055-a40b-cf2cf40de330 | Al verla pasar | flac → MP3 | 67.0%
[2026-02-24 18:29:00] OK: 3b2edc44-7543-5f53-b1a1-fddf1c26f48d | Tangueando Te Quiero | flac → MP3 | 73.0%
[2026-02-24 18:29:00] OK: 81040302-1a73-5819-ba25-ac198996054f | Sueno De Juventud | flac → MP3 | 75.0%
[2026-02-24 18:29:00] OK: 64146862-1fd6-57ac-864d-26b3382a98ea | Porteno y Bailarin | flac → MP3 | 75.5%
[2026-02-24 18:29:08] OK: eeb393c3-972a-52cc-b290-5e110ad65550 | El Recodo | flac → MP3 | 77.8%
[2026-02-24 18:29:14] OK: 0d24f858-86ac-5e6d-886e-ddfad2fb2b2e | Tango milonguero | flac → MP3 | 69.3%
[2026-02-24 18:29:15] OK: 79b3e350-f3bd-5410-af79-bd17df43d987 | Milonga de los fortines | flac → MP3 | 68.2%
[2026-02-24 18:29:15] OK: bdf91e3e-081c-5679-8703-19c3171231de | El Divorcio | flac → MP3 | 89.0%
[2026-02-24 18:29:17] OK: 8f5bd357-914a-5d42-b6a5-e0d42e4b33e8 | Fascinacion | flac → MP3 | 69.3%
[2026-02-24 18:29:22] OK: d90a36fd-b609-5dcf-a60d-a2e321110337 | Milonga del aguatero | flac → MP3 | 63.4%
[2026-02-24 18:29:23] OK: b0064e57-70d5-513d-a938-397949a266ea | Cuatro Vidas | flac → MP3 | 79.9%
[2026-02-24 18:29:28] OK: a10eb79f-eb15-5012-b4e7-afc92e36873e | Engominado | flac → MP3 | 62.4%
[2026-02-24 18:29:29] OK: e0b39400-addd-5fd3-8d57-99402c1f6948 | Planeando | flac → MP3 | 69.6%
[2026-02-24 18:29:30] OK: 36edae5f-21c7-542d-b795-d80544c9b362 | Abuelito | flac → MP3 | 61.6%
[2026-02-24 18:29:32] OK: 1cca2f74-8d64-5a81-a672-02ffb5b4c7bd | Alla en el nido | flac → MP3 | 64.3%
[2026-02-24 18:29:34] OK: 1770ce94-bc4c-562c-908f-c427743bf7e1 | Almas gemelas | flac → MP3 | 61.8%
[2026-02-24 18:29:41] OK: 8ff203bc-ee3c-507a-8c37-b99d3e693381 | Por mi madre | flac → MP3 | 57.4%
[2026-02-24 18:29:47] OK: 66e07f18-8680-5fff-b460-3b2e4c07bcb5 | Lazos de seda | flac → MP3 | 57.0%
[2026-02-24 18:29:48] OK: 47dbe0e6-0117-51f8-a69e-46073868a975 | No me dejes | flac → MP3 | 64.1%
[2026-02-24 18:29:50] OK: 32eb277f-3c21-5d43-be5f-6f4317140ce0 | Orgullosa | flac → MP3 | 63.6%
[2026-02-24 18:29:50] OK: eae34d47-b131-5425-9500-96b3e7504018 | Herida que sangra | flac → MP3 | 87.5%
[2026-02-24 18:29:58] OK: 04a34cc5-8a51-5406-82d8-62e0ee06e050 | Queja melodiosa | flac → MP3 | 85.5%
[2026-02-24 18:30:00] OK: d98a4857-072e-5e17-93ba-ac02f53208db | Tierra querida | flac → MP3 | 69.7%
[2026-02-24 18:31:58] ERROR: 1983206f-ed03-5e84-bba2-2b744667a352 - Upload failed: Command '['az', 'storage', 'blob', 'upload', '--account-name', 'nttt', '--container-name', 'v20', '--name', '1983206f-ed03-5e84-bba2-2b744667a352.mp3', '--file', '/var/folders/r4/_tc4gnds7yd7prk90mkrv
[2026-02-24 18:31:59] ERROR: 382dadba-6f8b-5e20-a76c-cd6dcd8f8013 - Upload failed: Command '['az', 'storage', 'blob', 'upload', '--account-name', 'nttt', '--container-name', 'v20', '--name', '382dadba-6f8b-5e20-a76c-cd6dcd8f8013.mp3', '--file', '/var/folders/r4/_tc4gnds7yd7prk90mkrv
[2026-02-24 18:31:59] WARN: 46ad8c12-6542-5f76-bc7a-a79b0aeb9690 - Backup failed: Command '['az', 'storage', 'blob', 'upload', '--account-name', 'nttt', '--container-name', 'v20-originals', '--name', '46ad8c12-6542-5f76-bc7a-a79b0aeb9690.original', '--file', '/var/folders/r4/_tc4gn
[2026-02-24 18:32:00] ERROR: 77ec4ea5-9db3-56c0-bea7-1dfefe1b6add - Upload failed: Command '['az', 'storage', 'blob', 'upload', '--account-name', 'nttt', '--container-name', 'v20', '--name', '77ec4ea5-9db3-56c0-bea7-1dfefe1b6add.mp3', '--file', '/var/folders/r4/_tc4gnds7yd7prk90mkrv
[2026-02-24 18:32:01] WARN: c2133b1f-f323-55c0-bea0-b54c1f32d588 - Backup failed: Command '['az', 'storage', 'blob', 'upload', '--account-name', 'nttt', '--container-name', 'v20-originals', '--name', 'c2133b1f-f323-55c0-bea0-b54c1f32d588.original', '--file', '/var/folders/r4/_tc4gn
[2026-02-24 18:32:50] OK: c2133b1f-f323-55c0-bea0-b54c1f32d588 | Vamos | flac → MP3 | 73.1%
[2026-02-24 18:32:50] OK: 46ad8c12-6542-5f76-bc7a-a79b0aeb9690 | Nada | flac → MP3 | 66.0%
[2026-02-24 18:33:00] OK: 8c67435d-3aec-5d1c-8112-a024f9559ad5 | Por el camino | flac → MP3 | 72.0%
[2026-02-24 18:33:05] OK: f5cc8178-30da-56d5-baaa-70a4e946b51d | Barba de choclo | flac → MP3 | 72.0%
[2026-02-24 18:33:07] OK: 8d0bfd23-4a21-5fc5-926c-8cf3285a9580 | Boedo y San Juan | flac → MP3 | 82.3%
[2026-02-24 18:33:13] OK: 5b715643-6f6b-558f-a0c1-7a2ca399a008 | Mi Refugio | flac → MP3 | 69.0%
[2026-02-24 18:33:13] OK: 7c6a923d-c6d0-52d9-8399-b472da0dbcc9 | Cortando Camino | flac → MP3 | 69.3%
[2026-02-24 18:33:15] OK: 22ae3c5f-2909-5348-9e98-129b9308b1e4 | Marejada | flac → MP3 | 72.3%
[2026-02-24 18:33:20] OK: fe3d7774-fd89-59c7-8cdf-4baccc6577ab | Canta pajarito | flac → MP3 | 87.2%
[2026-02-24 18:33:22] OK: 2cd54447-f915-543a-ab2f-bd7e45f3a868 | La vida me engano | flac → MP3 | 63.1%
[2026-02-24 18:33:22] OK: 35175b15-a78c-53f7-b20b-01378a5d89e8 | El ingeniero | flac → MP3 | 88.5%
[2026-02-24 18:33:25] OK: 31cb6ebe-d5c8-50af-b4e1-944668cf8e42 | La novia del mar | flac → MP3 | 59.6%
[2026-02-24 18:33:33] OK: abd220d7-f71b-58c6-b571-42671a0963b9 | Champagne Tango | flac → MP3 | 57.1%
[2026-02-24 18:33:34] OK: e89469b8-6f6d-52a8-a265-0bac7848c336 | Pampa | flac → MP3 | 61.7%
[2026-02-24 18:33:35] OK: 81e1db52-9175-5896-8562-b6e1142de42b | A la gran muneca | flac → MP3 | 75.9%
[2026-02-24 18:33:41] OK: b097498b-ba8b-556d-9d4d-2118cf6f6bee | El cachafaz | flac → MP3 | 72.9%
[2026-02-24 18:33:42] OK: 6470cd52-69d0-5186-ae48-556b6030fa4e | Benguria | flac → MP3 | 76.7%
[2026-02-24 18:33:42] OK: 3df02cac-024d-582e-bb4f-42cfca362e36 | Germaine | flac → MP3 | 79.5%
[2026-02-24 18:33:46] OK: 7ceb545e-d971-5af6-8824-22665eee6379 | Alma dolorida | flac → MP3 | 72.4%
[2026-02-24 18:33:48] OK: ebff7f5b-d0b6-5ca1-b5d2-4930813f6c26 | Paciencia | flac → MP3 | 74.4%
[2026-02-24 18:33:51] OK: c3871de9-46ed-5b16-ba05-6a52a4f95e72 | Mentias | flac → MP3 | 73.7%
[2026-02-24 18:33:52] OK: 9101ec7b-5ff4-544f-b7b1-f2694c139a45 | Ansiedad | flac → MP3 | 71.6%
[2026-02-24 18:33:58] OK: 77df3659-0d9f-54be-8c75-45a94c4f769e | La mariposa | flac → MP3 | 73.3%
[2026-02-24 18:33:59] OK: 3a86eb80-885d-5ac3-b99e-7939d4ceb609 | Meta fierro | flac → MP3 | 72.3%
[2026-02-24 18:33:59] OK: 58134716-4e7a-50bb-8301-6d4df2f35a17 | Pasion | flac → MP3 | 74.6%
[2026-02-24 18:34:01] OK: 07ec8bf8-25e6-5424-b882-62315373f900 | Lo Mismo Que Ayer | flac → MP3 | 71.7%
[2026-02-24 18:34:05] OK: 2aec6c83-0fcb-5f1e-a068-74ae54a5ec91 | Aparcero | flac → MP3 | 71.8%
[2026-02-24 18:34:08] OK: b1c35abd-b948-5dc3-88b9-fe08b2206dec | Consejos | flac → MP3 | 65.0%
[2026-02-24 18:34:11] OK: 83f1e5e5-446c-5fb4-aa1c-5306adaa1e8a | Esclavas Blancas | flac → MP3 | 69.4%
[2026-02-24 18:34:13] OK: 2a814f5e-bf47-5e49-9849-feb92106fef4 | Sobre El Pucho | flac → MP3 | 66.0%
[2026-02-24 18:34:13] OK: e8eeb28c-b6e5-5629-a215-3cee90f9f7fe | Magdala | flac → MP3 | 71.7%
[2026-02-24 18:34:14] OK: 92247c77-157e-514a-8cf9-6cb1a8a43af6 | Nunca Mas | flac → MP3 | 68.4%
[2026-02-24 18:34:18] OK: be61c07f-97cb-56fe-820b-c8f79a4022ff | A Una Mujer | flac → MP3 | 64.4%
[2026-02-24 18:34:25] OK: 12c51285-82c0-5fe0-a251-afd198d2dc25 | Almanaque De Ilusion | flac → MP3 | 73.8%
[2026-02-24 18:34:27] OK: c1594e13-90b2-57bb-8461-a4df6270aed1 | Barracas Al Sud | flac → MP3 | 68.0%
[2026-02-24 18:34:31] OK: 1c5acf50-5f3d-5c69-b8ba-13a1407c972a | Esclavas Blancas | flac → MP3 | 74.5%
[2026-02-24 18:34:32] OK: 1fd4b5b5-8dff-5740-8736-7b8b3dc4116e | Pampa y huella | flac → MP3 | 61.6%
[2026-02-24 18:34:34] OK: d9ab911a-3bdf-5dd6-bbc0-78e05ae508ec | La Clavada | flac → MP3 | 71.1%
[2026-02-24 18:34:44] OK: de0b0a8b-b5d9-5fe1-b959-8307ef3a44be | Chirusa | flac → MP3 | 75.4%
[2026-02-24 18:34:45] OK: 404fa616-8513-52df-ad24-851bdf4c250f | Tierra negra | flac → MP3 | 67.3%
[2026-02-24 18:34:45] OK: 0635ea9c-ddd7-5f79-b75c-4d168429869a | La bicoca | flac → MP3 | 77.1%
[2026-02-24 18:34:46] OK: 6cd00644-1210-57aa-94e0-d89b8e7c7b0d | El amasijo | flac → MP3 | 72.1%
[2026-02-24 18:34:47] OK: 999345b1-1a49-5ff1-b9af-ae6923b968b6 | Chique | flac → MP3 | 71.2%
[2026-02-24 18:34:57] OK: 12d2cf9c-7bae-51d5-b9bd-f3f675351299 | Riendo (harsh highs) | flac → MP3 | 1.6%
[2026-02-24 18:35:05] OK: c19f451e-5d59-5a39-a98e-5ba8012095ea | Si Tu Quisieras | flac → MP3 | -4.7%
[2026-02-24 18:35:05] OK: e837e07f-e8f4-562e-9e61-66884449681d | Domingo a la noche (try again) | flac → MP3 | 85.8%
[2026-02-24 18:37:08] ERROR: 63d4df7e-04f5-5958-9ccd-46452b92fb96 - Upload failed: Command '['az', 'storage', 'blob', 'upload', '--account-name', 'nttt', '--container-name', 'v20', '--name', '63d4df7e-04f5-5958-9ccd-46452b92fb96.mp3', '--file', '/var/folders/r4/_tc4gnds7yd7prk90mkrv
[2026-02-24 18:37:14] ERROR: 532ff700-c4b0-5d42-934a-97d861d0a102 - Upload failed: Command '['az', 'storage', 'blob', 'upload', '--account-name', 'nttt', '--container-name', 'v20', '--name', '532ff700-c4b0-5d42-934a-97d861d0a102.mp3', '--file', '/var/folders/r4/_tc4gnds7yd7prk90mkrv
[2026-02-24 18:37:14] ERROR: 9f89db64-6ade-5fdc-9794-a051ddbca49d - Upload failed: Command '['az', 'storage', 'blob', 'upload', '--account-name', 'nttt', '--container-name', 'v20', '--name', '9f89db64-6ade-5fdc-9794-a051ddbca49d.mp3', '--file', '/var/folders/r4/_tc4gnds7yd7prk90mkrv
[2026-02-24 18:37:15] ERROR: e305a98e-5850-5144-86e9-6e6ccd9abe86 - Upload failed: Command '['az', 'storage', 'blob', 'upload', '--account-name', 'nttt', '--container-name', 'v20', '--name', 'e305a98e-5850-5144-86e9-6e6ccd9abe86.mp3', '--file', '/var/folders/r4/_tc4gnds7yd7prk90mkrv
[2026-02-24 18:37:15] ERROR: 474bfca9-b554-5907-be4e-6dcf9f528d15 - Upload failed: Command '['az', 'storage', 'blob', 'upload', '--account-name', 'nttt', '--container-name', 'v20', '--name', '474bfca9-b554-5907-be4e-6dcf9f528d15.mp3', '--file', '/var/folders/r4/_tc4gnds7yd7prk90mkrv
[2026-02-24 18:37:51] OK: 2be78f4f-8771-5715-98d4-19225cc96f22 | Plomo | m4a → MP3 | 53.7%
[2026-02-24 18:37:54] OK: 98fb0960-f2ba-5a46-a246-ef9a4328736e | Gracias | m4a → MP3 | 58.0%
[2026-02-24 18:38:06] OK: 5a4db4f7-4103-5b73-8e94-65fecc78d53b | Sentimiento Gaucho | unknown(464f524d01ff8a80) → MP3 | 89.8%
[2026-02-24 18:38:07] OK: 6e4c726c-33e9-5a9e-8d68-134e9c4ffcc5 | Mi dolor | unknown(464f524d01f1e05c) → MP3 | 89.9%
